-- MySQL-Administrator dump 1.2
--
-- ------------------------------------------------------
-- Server version	4.0.20a-nt


SET @OLD_CHARACTER_SET_CLIENT=@@CHARACTER_SET_CLIENT;
SET @OLD_CHARACTER_SET_RESULTS=@@CHARACTER_SET_RESULTS;
SET @OLD_COLLATION_CONNECTION=@@COLLATION_CONNECTION;
SET NAMES utf8;

/*!40014 SET @OLD_UNIQUE_CHECKS=@@UNIQUE_CHECKS, UNIQUE_CHECKS=0 */;
/*!40014 SET @OLD_FOREIGN_KEY_CHECKS=@@FOREIGN_KEY_CHECKS, FOREIGN_KEY_CHECKS=0 */;
/*!40101 SET @OLD_SQL_MODE=@@SQL_MODE, SQL_MODE=NO_AUTO_VALUE_ON_ZERO */;


CREATE DATABASE /*!32312 IF NOT EXISTS*/ `remarkable`;
USE `remarkable`;

DROP TABLE IF EXISTS `activity_journal_comment`;
CREATE TABLE `activity_journal_comment` (
  `id` varchar(36) NOT NULL default '',
  `journal_id` varchar(128) NOT NULL default '',
  `user_id` varchar(128) NOT NULL default '',
  `comment` text,
  `file_name` text NOT NULL,
  `create_by` varchar(15) default NULL,
  `create_date` timestamp(14) NOT NULL,
  `update_by` varchar(15) default NULL,
  `update_date` timestamp(14) NOT NULL default '00000000000000',
  `osml_id` varchar(36) default '0',
  `status_id` varchar(36) default 'ic',
  `site_id` varchar(36) default NULL,
  `disable_flag` tinyint(1) NOT NULL default '0',
  PRIMARY KEY  (`id`)
) TYPE=MyISAM;
INSERT INTO `activity_journal_comment` (`id`,`journal_id`,`user_id`,`comment`,`file_name`,`create_by`,`create_date`,`update_by`,`update_date`,`osml_id`,`status_id`,`site_id`,`disable_flag`) VALUES ('F8F800D37C9DDC73EB069E9F82','F8F76677EA2CB169331BDF8652','F501555A2ECD5AC8FCC32F4DD6','test comment dari frans','',NULL,20031120141825,NULL,00000000000000,'0','ic',NULL,0),('F8F88DFC05F6B71CF13B902409','F8F76677EA2CB169331BDF8652','F36F96E4EA83CB95AC4DC601F2','test journal with email','',NULL,20031120165339,NULL,00000000000000,'0','ic',NULL,0),('F8F8FB78FE8E2B1A0A634CF32F','F8F76677EA2CB169331BDF8652','F36F8BFFF97F8A16505B8305F7','kasih comment','F8F8FB78FE8E2B1A0A634CF32Fweb.xml',NULL,20031120185215,NULL,00000000000000,'0','ic',NULL,0),('F8FC425973175AF7C3F9176491','F8F76677EA2CB169331BDF8652','F36F8BFFF97F8A16505B8305F7','test comment','',NULL,20031121100828,NULL,00000000000000,'0','ic',NULL,0),('FAC70B8A8C500C70C6C65C46BA','FAC709CC84EE887EBC8211239','F36F8BFFF97F8A16505B8305F7','Suspendisse fermentum luctus enim. Aliquam porta tristique lorem. ','',NULL,20040218121426,NULL,00000000000000,'0','ic',NULL,0),('FAC70BDDB6303DDF1F2111AA7C','FAC709CC84EE887EBC8211239','F36F8BFFF97F8A16505B8305F7','Mauris egestas condimentum orci. Praesent a mauris. Suspendisse pharetra dolor. Fusce eleifend neque at dui. \r<br>','',NULL,20040218121455,NULL,00000000000000,'0','ic',NULL,0);
INSERT INTO `activity_journal_comment` (`id`,`journal_id`,`user_id`,`comment`,`file_name`,`create_by`,`create_date`,`update_by`,`update_date`,`osml_id`,`status_id`,`site_id`,`disable_flag`) VALUES ('FAC70D13BB3A8B3D5B023BADB6','FAC7078CCEBE96334E04880107','F36F8BFFF97F8A16505B8305F7','Integer arcu leo, accumsan eget, rhoncus in, egestas id, erat. Vivamus eget felis eu est rhoncus pretium. \r<br>','',NULL,20040218121615,NULL,00000000000000,'0','ic',NULL,0),('FAC713EDC6FB8D41B6D21ED05E','FAC7078CCEBE96334E04880107','F36F8BFFF97F8A16505B8305F7','Pellentesque habitant morbi tristique senectus et netus et malesuada fames ac turpis egestas. ','',NULL,20040218122331,NULL,00000000000000,'0','ic',NULL,0),('FAC71CE377C51EEFBF7EBDC993','FAC7078CCEBE96334E04880107','F36F8BFFF97F8A16505B8305F7','Etiam lorem. Duis molestie aliquet urna. Class aptent taciti sociosqu ad litora torquent per conubia nostra, per inceptos hymenaeos. ','',NULL,20040218123318,NULL,00000000000000,'0','ic',NULL,0),('FAC7208804D60D7E094A4F60B7','FAC7201EDD1DA05F3D19D2CF6','F501555A2ECD5AC8FCC32F4DD6','Vivamus eget felis eu est rhoncus pretium. Donec egestas neque sit amet elit pellentesque convallis. Suspendisse potenti. Sed ut leo vel metus ornare convallis. Etiam pellentesque nulla at ligula. Praesent facilisis cursus lacus. ','',NULL,20040218123727,NULL,00000000000000,'0','ic',NULL,0),('FAC72206F33263F08B0127920E','FAC7201EDD1DA05F3D19D2CF6','F36F8BFFF97F8A16505B8305F7','Vivamus eget felis eu est rhoncus pretium. ','',NULL,20040218123844,NULL,00000000000000,'0','ic',NULL,0);
INSERT INTO `activity_journal_comment` (`id`,`journal_id`,`user_id`,`comment`,`file_name`,`create_by`,`create_date`,`update_by`,`update_date`,`osml_id`,`status_id`,`site_id`,`disable_flag`) VALUES ('FAC722FBE9B8FCD8F71670185F','FAC7097EDD9363B0302B5A2D50','F3FB0D6714905E04E2586A8E1A','Vestibulum sit amet augue non wisi mattis lacinia. Praesent eget est. ','',NULL,20040218123948,NULL,00000000000000,'0','ic',NULL,0),('FAC72341A9C38D2ED434390067','FAC7078CCEBE96334E04880107','F3FB0D6714905E04E2586A8E1A','Mauris tristique malesuada mauris. ','',NULL,20040218124014,NULL,00000000000000,'0','ic',NULL,0),('FAC7239E05AD839362F35A8BFA','FAC709CC84EE887EBC8211239','F3FB0D6714905E04E2586A8E1A','Curabitur facilisis auctor leo. Suspendisse nec nibh. Nam varius facilisis velit. Nullam luctus, augue ut pretium volutpat, orci felis dapibus felis, at euismod lectus pede non justo. Proin dolor. Fusce mattis malesuada pede. Donec egestas neque sit amet elit pellentesque convallis. Suspendisse potenti. Sed ut leo vel metus ornare convallis. Etiam pellentesque nulla at ligula. Praesent facilisis cursus lacus. ','',NULL,20040218124034,NULL,00000000000000,'0','ic',NULL,0),('FAD137D04C5A84376352E02594','FAD1361E72EE7B19BAF0EF7A4E','F36F96E4EA83CB95AC4DC601F2','Lorem ipsum dolor sit amet, consectetuer adipiscing elit. Proin ac nunc. Sed vitae pede. Nunc elit. In et purus non diam vehicula feugiat. Vivamus nonummy dignissim eros. Sed lacinia. Pellentesque varius. Fusce pharetra dui vel magna. Aenean lorem. ','',NULL,20040220113932,NULL,00000000000000,'0','ic',NULL,0);
INSERT INTO `activity_journal_comment` (`id`,`journal_id`,`user_id`,`comment`,`file_name`,`create_by`,`create_date`,`update_by`,`update_date`,`osml_id`,`status_id`,`site_id`,`disable_flag`) VALUES ('FAD138AA6CC2766898CFA99199','FAD1361E72EE7B19BAF0EF7A4E','F36F96E4EA83CB95AC4DC601F2','Quisque dapibus, turpis quis porta mollis, eros leo luctus tellus, nec ullamcorper ipsum leo quis eros. Pellentesque habitant morbi tristique senectus et netus et malesuada fames ac turpis egestas. \r<br>','',NULL,20040220113950,NULL,00000000000000,'0','ic',NULL,0);

DROP TABLE IF EXISTS `agent`;
CREATE TABLE `agent` (
  `id` bigint(20) NOT NULL default '0',
  `name` varchar(255) default NULL,
  `status` varchar(255) default NULL,
  `type` varchar(255) default NULL,
  `address` varchar(255) default NULL,
  `birthday` date default NULL,
  `city` varchar(255) default NULL,
  `idNumber` varchar(255) default NULL,
  `idType` varchar(255) default NULL,
  `marriageStatus` varchar(255) default NULL,
  `sex` varchar(255) default NULL,
  `zipNumber` varchar(255) default NULL,
  `rank` varchar(255) default NULL,
  `uplineId` bigint(20) default NULL,
  `faxNumber` varchar(255) default NULL,
  `phoneNumber` varchar(255) default NULL,
  PRIMARY KEY  (`id`),
  KEY `uplineId` (`uplineId`),
  KEY `uplineId_2` (`uplineId`),
  KEY `uplineId_3` (`uplineId`),
  KEY `uplineId_4` (`uplineId`),
  KEY `uplineId_5` (`uplineId`),
  KEY `uplineId_6` (`uplineId`),
  KEY `uplineId_7` (`uplineId`),
  KEY `uplineId_8` (`uplineId`),
  KEY `uplineId_9` (`uplineId`)
) TYPE=MyISAM;

DROP TABLE IF EXISTS `assign_descriptor`;
CREATE TABLE `assign_descriptor` (
  `id` varchar(36) NOT NULL default '',
  `descriptor_id` varchar(36) default NULL,
  `osml_id` varchar(36) default NULL,
  `description` varchar(255) default NULL,
  `active_flag` tinyint(1) default '1',
  `create_by` varchar(36) default NULL,
  `create_date` timestamp(14) NOT NULL,
  `update_by` varchar(36) default NULL,
  `update_date` datetime NOT NULL default '0000-00-00 00:00:00',
  `status_id` varchar(36) default 'ic',
  `site_id` varchar(36) default NULL,
  PRIMARY KEY  (`id`)
) TYPE=MyISAM;
INSERT INTO `assign_descriptor` (`id`,`descriptor_id`,`osml_id`,`description`,`active_flag`,`create_by`,`create_date`,`update_by`,`update_date`,`status_id`,`site_id`) VALUES ('E8F8EF22D39CECB584EE80B0A9','23','E8D4BE646EF710FAB3F79BE639','Article - Standard',1,'1',20020529020124,'1','2001-09-16 09:56:23','ic','EE185CE0B82B41C1724F284685'),('F2E928538511FC5C0F7C7F79F7','F186FA34E6B83A503DEE249E3','E8D4BE646EF710FAB3F79BE639','Quote of the Day',1,'1',20030123105029,NULL,'0000-00-00 00:00:00','ic','EE185CE0B82B41C1724F284685'),('F06B8143AABD59281435AC5D40','EE1634B19EB64BB12485263F79','E8D4BE646EF710FAB3F79BE639','News',1,'1',20030115111411,'1','2003-01-15 11:14:11','ic','EE185CE0B82B41C1724F284685'),('F2C6410384749EBF65838E89DC','EE16354AB187B638CC4579F8B6','E8D4BE646EF710FAB3F79BE639','Press Release',1,'1',20030116161053,NULL,'0000-00-00 00:00:00','ic','EE185CE0B82B41C1724F284685'),('F2C641535A56BD537944FF1D21','F186E0333C668AE9C8CFD62426','E8D4BE646EF710FAB3F79BE639','Tips and Trick',1,'1',20030116161106,NULL,'0000-00-00 00:00:00','ic','EE185CE0B82B41C1724F284685'),('F2C64182B77EF14F6711BF92FC','F1157841F5337A8CFCCD319BB2','E8D4BE646EF710FAB3F79BE639','Doc Pooling',1,'1',20030116161123,NULL,'0000-00-00 00:00:00','ic','EE185CE0B82B41C1724F284685');
INSERT INTO `assign_descriptor` (`id`,`descriptor_id`,`osml_id`,`description`,`active_flag`,`create_by`,`create_date`,`update_by`,`update_date`,`status_id`,`site_id`) VALUES ('F2E9240921DE9DC99BAEEF7B71','E7A77F657568CBF5B670623DCD','E8D4BE646EF710FAB3F79BE639','FAQ',1,'1',20030123104549,NULL,'0000-00-00 00:00:00','ic','EE185CE0B82B41C1724F284685'),('F2E92679A4C9AB68203E499FE7','E7A781CFBA45A3CB44C81D8236','E8D4BE646EF710FAB3F79BE639','WebLink',1,'1',20030123104826,NULL,'0000-00-00 00:00:00','ic','EE185CE0B82B41C1724F284685');

DROP TABLE IF EXISTS `assign_osml`;
CREATE TABLE `assign_osml` (
  `id` varchar(36) NOT NULL default '',
  `osml_id` varchar(36) default NULL,
  `description` varchar(255) NOT NULL default '',
  `active_flag` tinyint(1) default '1',
  `create_by` varchar(36) default NULL,
  `create_date` timestamp(14) NOT NULL,
  `update_by` varchar(36) default NULL,
  `update_date` timestamp(14) NOT NULL default '00000000000000',
  `status_id` varchar(36) default 'ic',
  `site_id` varchar(36) default NULL,
  PRIMARY KEY  (`id`)
) TYPE=MyISAM;
INSERT INTO `assign_osml` (`id`,`osml_id`,`description`,`active_flag`,`create_by`,`create_date`,`update_by`,`update_date`,`status_id`,`site_id`) VALUES ('E8D4C292684B9B5C9F467E97A3','E8D4BE646EF710FAB3F79BE639','',1,'1',20020529015518,NULL,00000000000000,'IC','EE185CE0B82B41C1724F284685');

DROP TABLE IF EXISTS `assign_user_site`;
CREATE TABLE `assign_user_site` (
  `id` varchar(36) NOT NULL default '',
  `site_id` varchar(36) default NULL,
  `user_id` varchar(36) default NULL,
  `description` varchar(255) default NULL,
  `active_flag` tinyint(1) default '1',
  `create_by` varchar(36) default NULL,
  `create_date` timestamp(14) NOT NULL,
  `update_by` varchar(36) default NULL,
  `update_date` timestamp(14) NOT NULL default '00000000000000',
  `osml_id` varchar(36) default '0',
  `status_id` varchar(36) default 'ic',
  PRIMARY KEY  (`id`)
) TYPE=MyISAM;

DROP TABLE IF EXISTS `backend_user`;
CREATE TABLE `backend_user` (
  `id` varchar(36) NOT NULL default '',
  `username` varchar(128) NOT NULL default '',
  `password` varchar(30) NOT NULL default '',
  `first_name` varchar(128) default NULL,
  `last_name` varchar(128) default NULL,
  `company_id` varchar(36) default NULL,
  `job_position_id` varchar(36) default NULL,
  `email` varchar(128) default NULL,
  `address1` varchar(255) default NULL,
  `address2` varchar(255) default NULL,
  `city` varchar(128) default NULL,
  `description` varchar(255) default NULL,
  `role_id` varchar(36) default '0',
  `calendar_flag` tinyint(1) NOT NULL default '1',
  `project_flag` tinyint(1) NOT NULL default '0',
  `create_by` varchar(36) default NULL,
  `create_date` timestamp(14) NOT NULL,
  `update_by` varchar(36) default NULL,
  `update_date` timestamp(14) NOT NULL default '00000000000000',
  `active_flag` tinyint(1) NOT NULL default '1',
  `status_id` char(2) NOT NULL default 'ic',
  `site_id` varchar(36) default NULL,
  `reward_point` int(11) default NULL,
  `name_visible` tinyint(1) default NULL,
  `email_visible` tinyint(1) default NULL,
  `jive_id` bigint(20) NOT NULL auto_increment,
  `first` varchar(255) default NULL,
  `middle` varchar(255) default NULL,
  `last` varchar(255) default NULL,
  `state` varchar(255) default NULL,
  `zip` varchar(255) default NULL,
  PRIMARY KEY  (`id`),
  UNIQUE KEY `jive_id` (`jive_id`),
  UNIQUE KEY `username` (`username`),
  KEY `status_id` (`status_id`)
) TYPE=MyISAM;
INSERT INTO `backend_user` (`id`,`username`,`password`,`first_name`,`last_name`,`company_id`,`job_position_id`,`email`,`address1`,`address2`,`city`,`description`,`role_id`,`calendar_flag`,`project_flag`,`create_by`,`create_date`,`update_by`,`update_date`,`active_flag`,`status_id`,`site_id`,`reward_point`,`name_visible`,`email_visible`,`jive_id`,`first`,`middle`,`last`,`state`,`zip`) VALUES ('1','admin','YWRtaW4=','Administrator','Workspace','F337B149F1D7EB47954BF7EF7','F2E8E299E96959106BE15AF29B','admin@intercitra.com','Jl. Cempaka Putih Tengah II','Blok C No. 21 Jak-Pus','Jakarta','','1',1,1,'1',20050127164621,'1',20030927102735,1,'ip','EE185CE0B82B41C1724F284685',NULL,NULL,NULL,1,NULL,NULL,NULL,NULL,NULL),('F162B448063A847319E641EF7D','makin','bWFraW4=','Matahari Kahuripan','Administrator','F337B149F1D7EB47954BF7EF7','F2E8E250BAAE253CBC93B60FFB','dedeng@intercitra.com','','','','','3',1,1,NULL,20031110154459,'1',20030927144612,1,'ic','EE185CE0B82B41C1724F284685',NULL,NULL,NULL,3,NULL,NULL,NULL,NULL,NULL),('F36F96E4EA83CB95AC4DC601F2','umar','dW1hcg==','Umar','Khatab','F337B149F1D7EB47954BF7EF7','F2E8E250BAAE253CBC93B60FFB','','','','','','3',1,1,NULL,20031001134005,'F36F96E4EA83CB95AC4DC601F2',20031001133958,1,'ic','EE185CE0B82B41C1724F284685',NULL,NULL,NULL,7,NULL,NULL,NULL,NULL,NULL);
INSERT INTO `backend_user` (`id`,`username`,`password`,`first_name`,`last_name`,`company_id`,`job_position_id`,`email`,`address1`,`address2`,`city`,`description`,`role_id`,`calendar_flag`,`project_flag`,`create_by`,`create_date`,`update_by`,`update_date`,`active_flag`,`status_id`,`site_id`,`reward_point`,`name_visible`,`email_visible`,`jive_id`,`first`,`middle`,`last`,`state`,`zip`) VALUES ('F3FB0D6714905E04E2586A8E1A','aris','YXJpcw==','Aris','Jatmika','F337B149F1D7EB47954BF7EF7','F2E8E250BAAE253CBC93B60FFB','aris@intercitra.com','','','','','3',1,1,'1',20031111162818,'1',20031111162818,1,'ic','EE185CE0B82B41C1724F284685',NULL,NULL,NULL,8,NULL,NULL,NULL,NULL,NULL),('F501555A2ECD5AC8FCC32F4DD6','frans','ZnJhbnM=','Frans','Thamura','F337B149F1D7EB47954BF7EF7','F2E8E299E96959106BE15AF29B','frans@intercitra.com','','','','','3',1,1,'1',20031114160329,'1',20031111162835,1,'ic','EE185CE0B82B41C1724F284685',NULL,NULL,NULL,9,NULL,NULL,NULL,NULL,NULL),('F53FAAF09AB84F412CDA27FF72','shadi','ZW1idW5n','Sunaryo','Hadi','F337B149F1D7EB47954BF7EF7','F2E8E250BAAE253CBC93B60FFB','shadi@adelva.com','','','','','3',1,0,'1',20030910113847,'1',20030910113847,1,'ic','EE185CE0B82B41C1724F284685',NULL,NULL,NULL,10,NULL,NULL,NULL,NULL,NULL),('F36F8BFFF97F8A16505B8305F7','dedeng','ZGVkZW5n','Dedeng','Meilani','F337B149F1D7EB47954BF7EF7','F2E8E250BAAE253CBC93B60FFB','dedeng@intercitra.com','','','','','3',1,1,NULL,20040329124117,'1',20040211150419,1,'ic','EE185CE0B82B41C1724F284685',NULL,NULL,NULL,6,NULL,NULL,NULL,NULL,NULL);
INSERT INTO `backend_user` (`id`,`username`,`password`,`first_name`,`last_name`,`company_id`,`job_position_id`,`email`,`address1`,`address2`,`city`,`description`,`role_id`,`calendar_flag`,`project_flag`,`create_by`,`create_date`,`update_by`,`update_date`,`active_flag`,`status_id`,`site_id`,`reward_point`,`name_visible`,`email_visible`,`jive_id`,`first`,`middle`,`last`,`state`,`zip`) VALUES ('F9A204566AA30595ACD597D51E','umariah','dW1hcmlhaA==','Umariah','','F337B149F1D7EB47954BF7EF7','F2E8E250BAAE253CBC93B60FFB','','','','','','F9A202E61CD5BE6BE70F60BC30',1,0,'1',20031223143841,'1',20031223143841,1,'ic','EE185CE0B82B41C1724F284685',NULL,NULL,NULL,12,NULL,NULL,NULL,NULL,NULL),('FA89238CD9BCDF331DF9B845EB','ginanjar','Z2luYW5qYXI=','Ginanjar','Utama','F337B149F1D7EB47954BF7EF7','F2E8E250BAAE253CBC93B60FFB','','','','','','FA84B7C4A3DA2013FA2CEA182B',1,1,'1',20040206114735,'1',20040206114735,1,'ic','EE185CE0B82B41C1724F284685',NULL,NULL,NULL,13,NULL,NULL,NULL,NULL,NULL);

DROP TABLE IF EXISTS `beneficiary`;
CREATE TABLE `beneficiary` (
  `id` bigint(20) NOT NULL default '0',
  `address` varchar(255) default NULL,
  `name` varchar(255) default NULL,
  `birthday` date default NULL,
  `city` varchar(255) default NULL,
  `faxNumber` varchar(255) default NULL,
  `height` double default NULL,
  `idNumber` varchar(255) default NULL,
  `idType` varchar(255) default NULL,
  `marriageStatus` varchar(255) default NULL,
  `occupation` varchar(255) default NULL,
  `phoneNumber` varchar(255) default NULL,
  `productType` varchar(255) default NULL,
  `sex` varchar(255) default NULL,
  `weight` double default NULL,
  `zipNumber` varchar(255) default NULL,
  `claim` decimal(19,2) default NULL,
  `premium` decimal(19,2) default NULL,
  `paymentStatus` varchar(255) default NULL,
  `rank` varchar(255) default NULL,
  `registrationDay` date default NULL,
  `uplineId` bigint(20) default NULL,
  `agentId` bigint(20) default NULL,
  PRIMARY KEY  (`id`),
  KEY `uplineId` (`uplineId`),
  KEY `agentId` (`agentId`),
  KEY `uplineId_2` (`uplineId`),
  KEY `agentId_2` (`agentId`),
  KEY `uplineId_3` (`uplineId`),
  KEY `agentId_3` (`agentId`),
  KEY `uplineId_4` (`uplineId`),
  KEY `agentId_4` (`agentId`),
  KEY `uplineId_5` (`uplineId`),
  KEY `agentId_5` (`agentId`),
  KEY `uplineId_6` (`uplineId`),
  KEY `agentId_6` (`agentId`),
  KEY `uplineId_7` (`uplineId`),
  KEY `agentId_7` (`agentId`),
  KEY `uplineId_8` (`uplineId`),
  KEY `uplineId_9` (`uplineId`),
  KEY `agentId_8` (`agentId`),
  KEY `agentId_9` (`agentId`)
) TYPE=MyISAM;

DROP TABLE IF EXISTS `collection`;
CREATE TABLE `collection` (
  `id` varchar(36) NOT NULL default '',
  `site_id` varchar(36) NOT NULL default '',
  `name` varchar(128) NOT NULL default '',
  `description` varchar(255) NOT NULL default '',
  `skin_id` varchar(36) NOT NULL default '',
  `status` tinyint(1) NOT NULL default '0',
  `active_flag` tinyint(1) NOT NULL default '1',
  `create_by` varchar(36) default NULL,
  `create_date` timestamp(14) NOT NULL,
  `update_by` varchar(36) default NULL,
  `update_date` timestamp(14) NOT NULL default '00000000000000',
  `osml_id` varchar(36) default '0',
  `status_id` varchar(36) default 'ic',
  `folderName` varchar(255) default NULL,
  PRIMARY KEY  (`id`)
) TYPE=MyISAM;
INSERT INTO `collection` (`id`,`site_id`,`name`,`description`,`skin_id`,`status`,`active_flag`,`create_by`,`create_date`,`update_by`,`update_date`,`osml_id`,`status_id`,`folderName`) VALUES ('EF58A8B439BA814A7D93B240EA','ED2E4202F2AE0340726C67A877','latest_news','Latest News','EF3DB199C4997C0D4CF66C2FE3',0,1,NULL,20020804224453,NULL,00000000000000,'0','ic',NULL),('EF57BEBF18DC03624A9537EE53','ED2E4202F2AE0340726C67A877','open_job','Open Job','EF3DD45212976F3861F684F91C',0,1,NULL,20020804224349,NULL,00000000000000,'0','ic',NULL),('EF580C9F50774CC4BBA9C305DC','ED2E4202F2AE0340726C67A877','solution_collection','Solution Collection','EF3DD11C4B8AF9FF295F58BA9E',0,1,NULL,20020804223653,NULL,00000000000000,'0','ic',NULL),('EF53B0FCA7D4F4CE80369A3BC0','ED2E4202F2AE0340726C67A877','press_release_collection','Press Release Collection','EF3DD27718347862F68D50A66',0,1,NULL,20020804223821,NULL,00000000000000,'0','ic',NULL),('EE48E5532353CE62EE4F9C547E','EE185CE0B82B41C1724F284685','News Update','News Update Collection','EED8A71A292BDD79AE8D438AB3',0,1,NULL,20020708090704,NULL,00000000000000,'0','ic',NULL),('EE7C699016F886FEA906FA5DAC','EDDCA9DCE41A14EE5D5ABE7E3C','solution_collection','Solution Collection','EEEE887BFAA2FB39A07504A03A',1,1,NULL,20030127170905,NULL,00000000000000,'0','ic',NULL);
INSERT INTO `collection` (`id`,`site_id`,`name`,`description`,`skin_id`,`status`,`active_flag`,`create_by`,`create_date`,`update_by`,`update_date`,`osml_id`,`status_id`,`folderName`) VALUES ('EE7C7412CB68D123F4F160B4B8','EDDCA9DCE41A14EE5D5ABE7E3C','cross_selling_solution','Cross Selling Solution','EED8A71A292BDD79AE8D438AB3',1,1,NULL,20030127170152,NULL,00000000000000,'0','ic',NULL),('EF575A3BB6F9D65E1376C562F9','ED2E4202F2AE0340726C67A877','cross_selling','Cross Selling','EF3DD1C31AAA5A6C655E9DE458',0,1,NULL,20020805070045,NULL,00000000000000,'0','ic',NULL),('EF1EEB444F1CC7924207265864','EDDCA9DCE41A14EE5D5ABE7E3C','open_job_collection','Open Job Collection','EF1EEC2113DFA19FB81258C38A',1,1,NULL,20030127170750,NULL,00000000000000,'0','ic',NULL),('EE7CCBBE336CC05ECCC3DEDB04','EDDCA9DCE41A14EE5D5ABE7E3C','press_release_front_page','Press Release','EEED8E57002048A2E9071DAF76',1,1,NULL,20030127170826,NULL,00000000000000,'0','ic',NULL),('EE7CCC6E6D6BEAA209410E58D5','EDDCA9DCE41A14EE5D5ABE7E3C','news_collection','News Collection','EEED8F61ACA8FD143C4A127AE',1,1,NULL,20030127170731,NULL,00000000000000,'0','ic',NULL),('EF1EB25BD481435B56271A67D2','EDDCA9DCE41A14EE5D5ABE7E3C','solution_main_page','Solution Main Page','EEED8E57002048A2E9071DAF76',1,1,NULL,20030127170924,NULL,00000000000000,'0','ic',NULL);
INSERT INTO `collection` (`id`,`site_id`,`name`,`description`,`skin_id`,`status`,`active_flag`,`create_by`,`create_date`,`update_by`,`update_date`,`osml_id`,`status_id`,`folderName`) VALUES ('EF58D8599C4F377913FD8D1DB0','ED2E4202F2AE0340726C67A877','product_service','Product Service','EF3DD11C4B8AF9FF295F58BA9E',0,1,NULL,20020804223751,NULL,00000000000000,'0','ic',NULL),('EF535BF707DC20CA4F0222EAB2','ED2E4202F2AE0340726C67A877','news_collection','News Collection','EF3DB199C4997C0D4CF66C2FE3',0,1,NULL,20020804224433,NULL,00000000000000,'0','ic',NULL),('EF5902B02CC7C4E3E55AE7B0AD','ED2E4202F2AE0340726C67A877','cross_line_solution','Cross Line Solution','EF3DD11C4B8AF9FF295F58BA9E',0,1,NULL,20020804224517,NULL,00000000000000,'0','ic',NULL),('EF5C9801CA3FF9F3D99A20F1CD','ED2E4202F2AE0340726C67A877','press_release','Press Release','EF3DD27718347862F68D50A66',0,1,NULL,20020804223839,NULL,00000000000000,'0','ic',NULL),('EF5CB147C39DE591879212AE26','ED2E4202F2AE0340726C67A877','our_solutions','Our Solutions','EF3DD1C31AAA5A6C655E9DE458',0,1,NULL,20020804224414,NULL,00000000000000,'0','ic',NULL),('EF61F69872E80B522B3F7D1698','EDDCAA0575D694D2560CC2511F','cross_selling','Cross Selling','EF87930075DA19F24E509D71A0',0,1,NULL,20020808085728,NULL,00000000000000,'0','ic',NULL);
INSERT INTO `collection` (`id`,`site_id`,`name`,`description`,`skin_id`,`status`,`active_flag`,`create_by`,`create_date`,`update_by`,`update_date`,`osml_id`,`status_id`,`folderName`) VALUES ('EF62010E6C4C37EEA867611132','EDDCAA0575D694D2560CC2511F','press_release','Press Release','EF878F2718A11A7D23D6EBF386',0,1,NULL,20020808085818,NULL,00000000000000,'0','ic',NULL),('EF62053D7884A7B7C28B461E87','EDDCAA0575D694D2560CC2511F','latest_news','Latest News','EF878EBEE25A571043B9E2D699',0,1,NULL,20020808085740,NULL,00000000000000,'0','ic',NULL),('EF620774DA99A708D10B48F528','EDDCAA0575D694D2560CC2511F','our_solutions','Our Solutions','EF87930075DA19F24E509D71A0',0,1,NULL,20020808085807,NULL,00000000000000,'0','ic',NULL),('EF6293FFACC7928F2CCCCA37B1','EF62687CC1170D25FC73E0051C','news_main_collection','News Main Collection','EF61DB0ABCB2C0383ED89CF3BE',0,1,NULL,20020801043132,NULL,00000000000000,'0','ic',NULL),('EF62A08AAB45C4D0CC1FC6CE06','EF62687CC1170D25FC73E0051C','press_release_main_collection','Press Release Main Collection','EF61DC5B0983D882183BF23C11',0,1,NULL,20020801044854,NULL,00000000000000,'0','ic',NULL),('EF62ABFFD639CEDC6F503B678','EF62687CC1170D25FC73E0051C','product_service_main_collection','Product Service Main Collection','EF61DBC92A5A01266BD3D0D049',0,1,NULL,20020801045808,NULL,00000000000000,'0','ic',NULL);
INSERT INTO `collection` (`id`,`site_id`,`name`,`description`,`skin_id`,`status`,`active_flag`,`create_by`,`create_date`,`update_by`,`update_date`,`osml_id`,`status_id`,`folderName`) VALUES ('EF633A256C589D6A8ED8B8A941','EF62687CC1170D25FC73E0051C','press_release_main','Press Release Main','EF61DC5B0983D882183BF23C11',0,1,NULL,20020801073308,NULL,00000000000000,'0','ic',NULL),('EF668717A39DDB0F1D4DF9F526','EF62687CC1170D25FC73E0051C','cross_selling','Cross Selling','EF61DBC92A5A01266BD3D0D049',0,1,NULL,20020801225547,NULL,00000000000000,'0','ic',NULL),('EF66892594573B88F1A1CEC0F3','EF62687CC1170D25FC73E0051C','our_solution_collection','Our Solution Collection','EF61DBC92A5A01266BD3D0D049',0,1,NULL,20020801225827,NULL,00000000000000,'0','ic',NULL),('EF6704F9D5930E81F3D8232AA0','EF62687CC1170D25FC73E0051C','latest_news_collections','Latest News Collections','EF61DAA20FF6FC31E28AAFACDB',0,1,NULL,20020802011347,NULL,00000000000000,'0','ic',NULL),('EF670C78C784ECA3E832D49F41','EF62687CC1170D25FC73E0051C','press_release_collection','Press Release Collection','EF61DC5B0983D882183BF23C11',0,1,NULL,20020802012130,NULL,00000000000000,'0','ic',NULL),('EF76DEAB4E65F944FC318B10F2','ED2E4202F2AE0340726C67A877','about_us','About Us','EF3DD04583B1E0BF80BF38F7B4',0,1,NULL,20020805030514,NULL,00000000000000,'0','ic',NULL);
INSERT INTO `collection` (`id`,`site_id`,`name`,`description`,`skin_id`,`status`,`active_flag`,`create_by`,`create_date`,`update_by`,`update_date`,`osml_id`,`status_id`,`folderName`) VALUES ('EF76F0C602372C01717F4AD69B','EF62687CC1170D25FC73E0051C','about_us','About Us','EF61DD5C4D4F996AE3D9853CD8',0,1,NULL,20020805032458,NULL,00000000000000,'0','ic',NULL),('EF770FC06E8EF90EA0E86B7EF4','EE1B28DE85CED7258C4D46D2E2','about_us','About Us','EF7706DCFA2042BE91940B9029',0,1,NULL,20020805035853,NULL,00000000000000,'0','ic',NULL),('EF771865DE82B9AE726ACF15BC','EE1B28DE85CED7258C4D46D2E2','cross_selling','Cross Selling','EF7709E076918224E2C5B07B7A',0,1,NULL,20020805040818,NULL,00000000000000,'0','ic',NULL),('EF774C7D03E84F326EDC640E5F','EE1B28DE85CED7258C4D46D2E2','our_solutions','Our Solutions','EF7709E076918224E2C5B07B7A',0,1,NULL,20020805073433,NULL,00000000000000,'0','ic',NULL),('EF775DC852350BB4108EF6BD48','EE1B28DE85CED7258C4D46D2E2','our_solutions_main','Our Solutions Main','EF7709E076918224E2C5B07B7A',0,1,NULL,20020805052504,NULL,00000000000000,'0','ic',NULL),('EF776DA97229A12BB7901E9EEE','EE1B28DE85CED7258C4D46D2E2','press_release','Press Release','EF770A8FA2B9C566FEB2D07D71',0,1,NULL,20020805073453,NULL,00000000000000,'0','ic',NULL);
INSERT INTO `collection` (`id`,`site_id`,`name`,`description`,`skin_id`,`status`,`active_flag`,`create_by`,`create_date`,`update_by`,`update_date`,`osml_id`,`status_id`,`folderName`) VALUES ('EF776F524038C0A0701BD2751C','EE1B28DE85CED7258C4D46D2E2','press_release_main','Press Release Main','EF770A8FA2B9C566FEB2D07D71',0,1,NULL,20020805054318,NULL,00000000000000,'0','ic',NULL),('EF7B00DDED2FDABD09CD662C65','EE1B28DE85CED7258C4D46D2E2','product_service_main','Product Service Main','EF7709E076918224E2C5B07B7A',0,1,NULL,20020805222120,NULL,00000000000000,'0','ic',NULL),('EF7B1369BAAA94553E83D3C23E','EE1B28DE85CED7258C4D46D2E2','latest_news','Latest News','EF7708F5A92C7708E431064FF',0,1,NULL,20020805224134,NULL,00000000000000,'0','ic',NULL),('EF7B157A3BBA63A103A7417FEA','EE1B28DE85CED7258C4D46D2E2','latest_news_main','Latest News Main','EF7708F5A92C7708E431064FF',0,1,NULL,20020805224347,NULL,00000000000000,'0','ic',NULL),('EF877C16F3E59D308B85284D46','EDDCAA0575D694D2560CC2511F','latest_news_main','Latest News Main','EF878EBEE25A571043B9E2D699',0,1,NULL,20020808085753,NULL,00000000000000,'0','ic',NULL),('EF877DD13084F34A4E13E123C7','EDDCAA0575D694D2560CC2511F','press_release_main','Press Release Main','EF878F2718A11A7D23D6EBF386',0,1,NULL,20020808085830,NULL,00000000000000,'0','ic',NULL);
INSERT INTO `collection` (`id`,`site_id`,`name`,`description`,`skin_id`,`status`,`active_flag`,`create_by`,`create_date`,`update_by`,`update_date`,`osml_id`,`status_id`,`folderName`) VALUES ('EF87C834C829B55008B5659662','EDDCAA0575D694D2560CC2511F','our_solutions_main1','Our Solutions Main1','EF87930075DA19F24E509D71A0',0,1,NULL,20020808095429,NULL,00000000000000,'0','ic',NULL),('EF87C954124BE5827E8C5ED93D','EDDCAA0575D694D2560CC2511F','our_solutions_main2','Our Solutions Main2','EF87930075DA19F24E509D71A0',0,1,NULL,20020808095541,NULL,00000000000000,'0','ic',NULL),('EF87E5E89B29E72B13DA8407BA','EDDCAA0575D694D2560CC2511F','about_us','About Us','EF878D94EA13DF41D77ECEEA3F',0,1,NULL,20020808102641,NULL,00000000000000,'0','ic',NULL),('EF8E3B3AB9F109C7BF163C0AD7','EF8E260F5EE7A2E8ECE6F2F3A3','our_solutions','Our Solutions','EF8E2910D6DC72DE5A739B7323',0,1,NULL,20020809155744,NULL,00000000000000,'0','ic',NULL),('EF8E3C4ADFBDFB74192B71CB43','EF8E260F5EE7A2E8ECE6F2F3A3','latest_news','Latest News','EF8E2AA141B4B44CED456914C8',0,1,NULL,20020809155849,NULL,00000000000000,'0','ic',NULL),('EF8E3D1D196B477841A58FC9A0','EF8E260F5EE7A2E8ECE6F2F3A3','press_release','Press Release','EF8E29F7DF9BD41DE59E1B3273',0,1,NULL,20020809155939,NULL,00000000000000,'0','ic',NULL);
INSERT INTO `collection` (`id`,`site_id`,`name`,`description`,`skin_id`,`status`,`active_flag`,`create_by`,`create_date`,`update_by`,`update_date`,`osml_id`,`status_id`,`folderName`) VALUES ('EF8E3EDA4FE70036E202E26581','EF8E260F5EE7A2E8ECE6F2F3A3','open_job','Open Job','EF8E2B6302127EB28DF0796D9',0,1,NULL,20020809160136,NULL,00000000000000,'0','ic',NULL),('EF8E3FA2E9F723DB325F6A7D02','EF8E260F5EE7A2E8ECE6F2F3A3','about_us','About Us','EF8E28BDB57036C93F24B9B14E',0,1,NULL,20020809160225,NULL,00000000000000,'0','ic',NULL),('EF8E42301D17943E5955D9AA44','EF8E260F5EE7A2E8ECE6F2F3A3','press_release_main','Press Release Main','EF8E2A49DD1A4B7CB00B8D1A88',0,1,NULL,20020809160517,NULL,00000000000000,'0','ic',NULL),('EF8E42AF4ADA1F31E1F62D5525','EF8E260F5EE7A2E8ECE6F2F3A3','latest_news_main','Latest News Main','EF8E2B0BB26649B06A069D8519',0,1,NULL,20020809160552,NULL,00000000000000,'0','ic',NULL),('EF8E433D0E138F733F2D166C00','EF8E260F5EE7A2E8ECE6F2F3A3','open_jobs_main','Open Jobs Main','EF8E2B6302127EB28DF0796D9',0,1,NULL,20020809160629,NULL,00000000000000,'0','ic',NULL),('EFABD73B9F5C8A2AFC1BC06327','EDDCA9DCE41A14EE5D5ABE7E3C','about_us','About Us','EEED8EE4881FA530706324955E',1,1,NULL,20030127170132,NULL,00000000000000,'0','ic',NULL);
INSERT INTO `collection` (`id`,`site_id`,`name`,`description`,`skin_id`,`status`,`active_flag`,`create_by`,`create_date`,`update_by`,`update_date`,`osml_id`,`status_id`,`folderName`) VALUES ('F0143397173EB2898E7BD1DA02','EDDCA9DCE41A14EE5D5ABE7E3C','Frans','','EEED8F61ACA8FD143C4A127AE',1,1,NULL,20020904161850,NULL,00000000000000,'0','ic',NULL),('F01436B63F216AAAB48195159C','EDDCA9DCE41A14EE5D5ABE7E3C','tulalit','','EEED906F3DD8D8C52409FB4D9F',0,1,NULL,20020904162147,NULL,00000000000000,'0','ic',NULL),('F07B56FBB0DE46F4CF2AE5698E','F07B23B53C6185EACC86EFE1D8','press_release_main','Press Release in Main Page','F07B38B571BAEF43E24F0ABE03',1,1,NULL,20020924170342,NULL,00000000000000,'0','ic',NULL),('F036DC14DC945A100E1E4E301C','ED2E4202F2AE0340726C67A877','Testing','','EF3DB199C4997C0D4CF66C2FE3',1,1,NULL,20020911095011,NULL,00000000000000,'0','ic',NULL),('F07B581DE9BA007DB73EB1BEBC','F07B23B53C6185EACC86EFE1D8','review_main','Review in Main Page','F07B3CF003DAFE9F27A30978A7',1,1,NULL,20020925104210,NULL,00000000000000,'0','ic',NULL),('F302DC45188ECE996BB4E65A63','F185BD3FDC5CC7989A3CED51A1','cross_selling','Cross Selling Collection','F302D4FE6D537C49721004181F',1,1,NULL,20030325125913,NULL,00000000000000,'0','ic',NULL);
INSERT INTO `collection` (`id`,`site_id`,`name`,`description`,`skin_id`,`status`,`active_flag`,`create_by`,`create_date`,`update_by`,`update_date`,`osml_id`,`status_id`,`folderName`) VALUES ('F07B796043A756D9E97A3FEFF','F07B23B53C6185EACC86EFE1D8','cross_selling','Cross Selling','F07B3AFC312B9E0CA737CE8886',1,1,NULL,20020924173552,NULL,00000000000000,'0','ic',NULL),('F083F1F7C33EA7F3A9A59BE10A','F07B23B53C6185EACC86EFE1D8','recipe','Recipe','F07B3801CF22E2E91A2A70AE4D',1,1,NULL,20020926090426,NULL,00000000000000,'0','ic',NULL),('F083F929ABA341797CD38BBE7D','F07B23B53C6185EACC86EFE1D8','project','Project','F07B3AFC312B9E0CA737CE8886',1,1,NULL,20020926091244,NULL,00000000000000,'0','ic',NULL),('F09DE1952B7D669AD21E500D72','F07B23B53C6185EACC86EFE1D8','press_release','Press Release','F09DDFE362D841F17A30993ED',1,1,NULL,20021001095730,NULL,00000000000000,'0','ic',NULL),('F0842659151A5462F92C16E9D1','F07B23B53C6185EACC86EFE1D8','review','Review','F07B3CA6AAD39BFD520EFFEFC0',1,1,NULL,20020926100152,NULL,00000000000000,'0','ic',NULL),('F08432B3F4174A089CD81F3616','F07B23B53C6185EACC86EFE1D8','resource','Resource','F07B3A364057068AFB1D09B24B',1,1,NULL,20020926101501,NULL,00000000000000,'0','ic',NULL);
INSERT INTO `collection` (`id`,`site_id`,`name`,`description`,`skin_id`,`status`,`active_flag`,`create_by`,`create_date`,`update_by`,`update_date`,`osml_id`,`status_id`,`folderName`) VALUES ('F302DD80386E12F543A34F650','F185BD3FDC5CC7989A3CED51A1','latest_news_main_page','Latest News Main Page Collection','F302D4FE6D537C49721004181F',1,1,NULL,20030128103951,NULL,00000000000000,'0','ic',NULL),('F302DF2D5C14DB19C7398591BC','F185BD3FDC5CC7989A3CED51A1','services_main_page','Product & Services Main Page Collection','F302D4FE6D537C49721004181F',1,1,NULL,20030128104143,NULL,00000000000000,'0','ic',NULL),('F3086EE25AC268B9D89977E44B','F185BD3FDC5CC7989A3CED51A1','press_release','Press Release','F308699BD428889A5632750137',1,1,NULL,20030129123629,NULL,00000000000000,'0','ic',NULL),('F30D61195A51759F754A534603','F185BD3FDC5CC7989A3CED51A1','press_release_archive','Press Release Archive Collection','F30869E6C74A56DDF243778A81',1,1,NULL,20030130113943,NULL,00000000000000,'0','ic',NULL),('F30D6218D92D6172A83CF70347','F185BD3FDC5CC7989A3CED51A1','news','News Collection','F3086B7E11837F450B77703C40',1,1,NULL,20030319171048,NULL,00000000000000,'0','ic',NULL),('F30D62AFC966604EE6B63D5EA','F185BD3FDC5CC7989A3CED51A1','news_archive','News Archive Collection','F3086C6E2EBC786E9D341C958',1,1,NULL,20030130114115,NULL,00000000000000,'0','ic',NULL);
INSERT INTO `collection` (`id`,`site_id`,`name`,`description`,`skin_id`,`status`,`active_flag`,`create_by`,`create_date`,`update_by`,`update_date`,`osml_id`,`status_id`,`folderName`) VALUES ('F30D638087912EB63CFF2413C4','F185BD3FDC5CC7989A3CED51A1','product_service','Product & Service Collection','F30D50F630C4B3D981A66A4BD4',1,1,NULL,20030130114228,NULL,00000000000000,'0','ic',NULL),('F30D64A967EC8A114463B155EC','F185BD3FDC5CC7989A3CED51A1','company_structure','Company Structure (About Us)','F30D4F8ED066660E9734DEF2B',0,1,NULL,20030131133910,NULL,00000000000000,'0','ic',NULL),('F30D7A35F127C9F525D69A4BCE','F185BD3FDC5CC7989A3CED51A1','fact_figure','Fact & Figure Collection','F308692D6AEE5FC7D30CACD99C',0,1,NULL,20030130120651,NULL,00000000000000,'0','ic',NULL),('F312B7926E1BA7B9EEAAB39558','F185BD3FDC5CC7989A3CED51A1','dewan_komisaris','Dewan Komisaris','F30D4CB7B4E33CC6D6DD8CE981',0,1,NULL,20030131123149,NULL,00000000000000,'0','ic',NULL),('F312B82623C31410C34434A7B3','F185BD3FDC5CC7989A3CED51A1','dewan_direksi','Dewan Direksi','F30D4CB7B4E33CC6D6DD8CE981',0,1,NULL,20030131123221,NULL,00000000000000,'0','ic',NULL),('F31330D19DFD3F3245616F57B0','F185BD3FDC5CC7989A3CED51A1','company_lob_horticulture','Line of Business Horticulture','F30D4DCBF2ED7BDB30932694B1',0,1,NULL,20030320131627,NULL,00000000000000,'0','ic',NULL);
INSERT INTO `collection` (`id`,`site_id`,`name`,`description`,`skin_id`,`status`,`active_flag`,`create_by`,`create_date`,`update_by`,`update_date`,`osml_id`,`status_id`,`folderName`) VALUES ('F3133249977BD2C0636E037D23','F185BD3FDC5CC7989A3CED51A1','company_lob_plantation','Line of Business Plantation','F30D4DCBF2ED7BDB30932694B1',0,1,NULL,20030320131538,NULL,00000000000000,'0','ic',NULL),('F3133322C1D43F2988CD387324','F185BD3FDC5CC7989A3CED51A1','company_lob_mining','Line of Business Mining','F30D4DCBF2ED7BDB30932694B1',0,1,NULL,20030320131559,NULL,00000000000000,'0','ic',NULL),('F31333E67F5209AE9B31726965','F185BD3FDC5CC7989A3CED51A1','company_lob_others','Line of Business Others','F30D4DCBF2ED7BDB30932694B1',0,1,NULL,20030320131523,NULL,00000000000000,'0','ic',NULL),('F3FF22FA60FDC1B3F09C2A27AF','F185BD3FDC5CC7989A3CED51A1','sitemap','Site Map Collection','F30424474044603B72B3C3BA3',0,1,NULL,20030318101949,NULL,00000000000000,'0','ic',NULL),('F3FF58FF3B49C217BA449F6849','F185BD3FDC5CC7989A3CED51A1','makin_subsidiary','Makin & Subsidiary Page Collection','F30D5022D3E7ABE3498CA22B8A',1,1,NULL,20030318111955,NULL,00000000000000,'0','ic',NULL),('F40025C7BB2B1555515A1FF83F','F185BD3FDC5CC7989A3CED51A1','head_office','Head Office Collection','F3086DE1A3F88F17DAA77F5EA8',0,1,NULL,20030318161359,NULL,00000000000000,'0','ic',NULL);
INSERT INTO `collection` (`id`,`site_id`,`name`,`description`,`skin_id`,`status`,`active_flag`,`create_by`,`create_date`,`update_by`,`update_date`,`osml_id`,`status_id`,`folderName`) VALUES ('F4006A4702C02EC8B03504B154','F185BD3FDC5CC7989A3CED51A1','branch_office','Branch Office Collection','F3086DE1A3F88F17DAA77F5EA8',0,1,NULL,20030318161655,NULL,00000000000000,'0','ic',NULL),('F40A12670642457146FE92A5BF','F185BD3FDC5CC7989A3CED51A1','company_lob_logging','Line Of Business Logging','F30D4DCBF2ED7BDB30932694B1',0,1,NULL,20030320133557,NULL,00000000000000,'0','ic',NULL),('F4D332FCE8E1713BFFA339672F','F4D30718756B8401E43FD2AAE6','cross_selling_solution','Cross Selling','EEED8E57002048A2E9071DAF76',1,1,NULL,20030429103214,NULL,00000000000000,'0','ic',NULL),('F4D345059E58F35226610428E3','F4D30718756B8401E43FD2AAE6','solution_main_page','Solution In Main Page Collection','EEED8E57002048A2E9071DAF76',1,1,NULL,20030428165121,NULL,00000000000000,'0','ic',NULL),('F4D34862CECEC33E7A3DFBF2F6','F4D30718756B8401E43FD2AAE6','news_collection','News Collection in Main Page','EEED8E57002048A2E9071DAF76',1,1,NULL,20030428150001,NULL,00000000000000,'0','ic',NULL),('F4D34917CF2D95241724082D6E','F4D30718756B8401E43FD2AAE6','press_release_main_page','Press Release Collection in Main Page','EEED8E57002048A2E9071DAF76',1,1,NULL,20030429103551,NULL,00000000000000,'0','ic',NULL);
INSERT INTO `collection` (`id`,`site_id`,`name`,`description`,`skin_id`,`status`,`active_flag`,`create_by`,`create_date`,`update_by`,`update_date`,`osml_id`,`status_id`,`folderName`) VALUES ('F4D34AE05BA664870CE107F5C4','F4D30718756B8401E43FD2AAE6','open_job_collection','Open Job Collection in Main Page','EEED8E57002048A2E9071DAF76',1,1,NULL,20030428150245,NULL,00000000000000,'0','ic',NULL),('F4D3E9C42018508CFBD44C1F7F','F4D30718756B8401E43FD2AAE6','solution_collection','Solution Collection','EEED906F3DD8D8C52409FB4D9F',1,1,NULL,20030428175613,NULL,00000000000000,'0','ic',NULL),('F4D77D9A595E11607831E05333','F4D30718756B8401E43FD2AAE6','press_release_collection','Press Release Collection','EEED91195E6BDC9CF09ECB2DF3',1,1,NULL,20030429104216,NULL,00000000000000,'0','ic',NULL),('F4D7872202EEF42DB1BEE35CAD','F4D30718756B8401E43FD2AAE6','news_collection','News Collection','EEED8F61ACA8FD143C4A127AE',1,1,NULL,20030429104707,NULL,00000000000000,'0','ic',NULL),('F4D7908E18A0B591AD5B35C429','F4D30718756B8401E43FD2AAE6','about_us','About Us Collection','EEED8EE4881FA530706324955E',1,1,NULL,20030429105750,NULL,00000000000000,'0','ic',NULL),('F4DD67C9F9D543C3720D645FA0','F4DD64134EC050E3D0A256EA0D','cross_selling','Cross Selling Collection','F07B379B79C9CD7743C23D2596',0,1,NULL,20030902115708,NULL,00000000000000,'0','ic',NULL);
INSERT INTO `collection` (`id`,`site_id`,`name`,`description`,`skin_id`,`status`,`active_flag`,`create_by`,`create_date`,`update_by`,`update_date`,`osml_id`,`status_id`,`folderName`) VALUES ('F4DD6885A1EF5A5916B28F0DE0','F4DD64134EC050E3D0A256EA0D','review_main','Review Main Collection','F07B379B79C9CD7743C23D2596',1,1,NULL,20030430141151,NULL,00000000000000,'0','ic',NULL),('F4E2D64CF8DDBED197CF1D4EC7','F4DD64134EC050E3D0A256EA0D','press_release','Press Release Collection','F09DDFE362D841F17A30993ED',1,1,NULL,20030501152910,NULL,00000000000000,'0','ic',NULL),('F4E2F93A23C96AF5243A648900','F4DD64134EC050E3D0A256EA0D','press_release_main','Press Release In Main Page Collection','F07B379B79C9CD7743C23D2596',1,1,NULL,20030501160727,NULL,00000000000000,'0','ic',NULL),('F4E30221D6345730817DF8B10B','F4DD64134EC050E3D0A256EA0D','project','Project Collection (News)','F07B3AFC312B9E0CA737CE8886',1,1,NULL,20030501161708,NULL,00000000000000,'0','ic',NULL),('F4E30766D4F6B10B77D890862C','F4DD64134EC050E3D0A256EA0D','recipe','Recipe Collection (news)','F07B3801CF22E2E91A2A70AE4D',1,1,NULL,20030501162254,NULL,00000000000000,'0','ic',NULL),('F4E30E4255F0C0ECA9CF12C58D','F4DD64134EC050E3D0A256EA0D','resource','Resource Collection (weblink)','F07B3A364057068AFB1D09B24B',1,1,NULL,20030501163049,NULL,00000000000000,'0','ic',NULL);
INSERT INTO `collection` (`id`,`site_id`,`name`,`description`,`skin_id`,`status`,`active_flag`,`create_by`,`create_date`,`update_by`,`update_date`,`osml_id`,`status_id`,`folderName`) VALUES ('F4E315146AC0D62352296671C6','F4DD64134EC050E3D0A256EA0D','review','Review Collection','F07B3CA6AAD39BFD520EFFEFC0',1,1,NULL,20030501163800,NULL,00000000000000,'0','ic',NULL),('F4E8349537A24F34C2BADB1136','F4E6A635A8AC141BAE7F98504','press_release_main','Press Release in Main Page Collection','EF8E277F34F1C4DE8229CFC10D',1,1,NULL,20030502163030,NULL,00000000000000,'0','ic',NULL),('F4E8355C0D223308A5E405F8C3','F4E6A635A8AC141BAE7F98504','latest_news_main','Latest News in Main Page Collection','EF8E277F34F1C4DE8229CFC10D',1,1,NULL,20030502163118,NULL,00000000000000,'0','ic',NULL),('F4E8361B7E88B3E21FDEC4E502','F4E6A635A8AC141BAE7F98504','our_solutions_main','Our Solution in Main Page','EF8E277F34F1C4DE8229CFC10D',1,1,NULL,20030502163203,NULL,00000000000000,'0','ic',NULL),('F4E83EF7F42ADCFA4C089A7267','F4E6A635A8AC141BAE7F98504','latest_news','Latest News Collection','EF8E2AA141B4B44CED456914C8',1,1,NULL,20030502164317,NULL,00000000000000,'0','ic',NULL),('F4E841228EF31C223EC4C3C44','F4E6A635A8AC141BAE7F98504','our_solutions','Our Solutions Collection','EF8E2910D6DC72DE5A739B7323',1,1,NULL,20030502164427,NULL,00000000000000,'0','ic',NULL);
INSERT INTO `collection` (`id`,`site_id`,`name`,`description`,`skin_id`,`status`,`active_flag`,`create_by`,`create_date`,`update_by`,`update_date`,`osml_id`,`status_id`,`folderName`) VALUES ('F4E84237BF3A0CE289DCA92CD4','F4E6A635A8AC141BAE7F98504','press_release','Press Release Collection','EF8E29F7DF9BD41DE59E1B3273',1,1,NULL,20030502164724,NULL,00000000000000,'0','ic',NULL),('F4E85130966839B75E0A0C8C90','F4E6A635A8AC141BAE7F98504','about_us','About Us Collection','EF8E285DE8A1E858D8BCC33A12',1,1,NULL,20030502170135,NULL,00000000000000,'0','ic',NULL),('F5015CD1D2ED0D963111F06942','F4DD64134EC050E3D0A256EA0D','recipe_main','Recipe in Main Page','F07B379B79C9CD7743C23D2596',1,1,NULL,20030507134447,NULL,00000000000000,'0','ic',NULL),('F5015D733AF172E8FBC3427079','F4DD64134EC050E3D0A256EA0D','resource_main','Resource In Main Page','F07B379B79C9CD7743C23D2596',1,1,NULL,20030507134528,NULL,00000000000000,'0','ic',NULL),('F78EB6DBE6A3A38FDAAA43DFB8','F78E9748E9F76ABD233C5EAD39','news','news','F302D4FE6D537C49721004181F',1,1,NULL,20030911105639,NULL,00000000000000,'0','ic',NULL);

DROP TABLE IF EXISTS `collection_descriptor`;
CREATE TABLE `collection_descriptor` (
  `id` varchar(36) NOT NULL default '',
  `collection_id` varchar(36) NOT NULL default '',
  `descriptor_id` varchar(36) NOT NULL default '',
  `descriptor_name` varchar(128) NOT NULL default '',
  `ordered_by` varchar(255) NOT NULL default '',
  `limit_value` tinyint(2) NOT NULL default '0',
  `create_by` varchar(36) default NULL,
  `create_date` timestamp(14) NOT NULL,
  `update_by` varchar(36) default NULL,
  `update_date` timestamp(14) NOT NULL default '00000000000000',
  `osml_id` varchar(36) default '0',
  `status_id` varchar(36) default 'ic',
  `site_id` varchar(36) default NULL,
  PRIMARY KEY  (`id`)
) TYPE=MyISAM;
INSERT INTO `collection_descriptor` (`id`,`collection_id`,`descriptor_id`,`descriptor_name`,`ordered_by`,`limit_value`,`create_by`,`create_date`,`update_by`,`update_date`,`osml_id`,`status_id`,`site_id`) VALUES ('EE49BCAD5CA5705FE9F8E56D6C','EE3ECA91DAA5AB0EA3563A9542','1','descriptor','',0,NULL,20020607154206,NULL,00000000000000,'0','ic','EE185CE0B82B41C1724F284685'),('EE48E57C2CB4FF14995BED0A84','EE48E5532353CE62EE4F9C547E','23','article','',0,NULL,20020607114705,NULL,00000000000000,'0','ic','EE185CE0B82B41C1724F284685'),('EE7C75DB6311E655012964FEAA','EE7C7412CB68D123F4F160B4B8','EE163600A2BAD87965E20E9C9A','services','id',3,NULL,20030127170152,NULL,00000000000000,'0','ic','EDDCA9DCE41A14EE5D5ABE7E3C'),('EF1EED9EBAF0CDEB64BD6DE020','EF1EEB444F1CC7924207265864','EF1EE6CF42F37C9EA72FAE3B94','open_job','id',3,NULL,20030127170750,NULL,00000000000000,'0','ic','EDDCA9DCE41A14EE5D5ABE7E3C'),('EF575A8BCA671D71242536BAE9','EF575A3BB6F9D65E1376C562F9','EE163600A2BAD87965E20E9C9A','services','',0,NULL,20020805070045,NULL,00000000000000,'0','ic','ED2E4202F2AE0340726C67A877'),('EE49BC9C4DB8FA107B8CD714F5','EE3ECA91DAA5AB0EA3563A9542','13','backend_user','',0,NULL,20020607154206,NULL,00000000000000,'0','ic','EE185CE0B82B41C1724F284685');
INSERT INTO `collection_descriptor` (`id`,`collection_id`,`descriptor_id`,`descriptor_name`,`ordered_by`,`limit_value`,`create_by`,`create_date`,`update_by`,`update_date`,`osml_id`,`status_id`,`site_id`) VALUES ('EF57BF101754C4ECA8FFDA64FE','EF57BEBF18DC03624A9537EE53','EF1EE6CF42F37C9EA72FAE3B94','open_job','',0,NULL,20020804224349,NULL,00000000000000,'0','ic','ED2E4202F2AE0340726C67A877'),('EE7C69B32D3570145BAF306A32','EE7C699016F886FEA906FA5DAC','EE163600A2BAD87965E20E9C9A','services','id',3,NULL,20030127170905,NULL,00000000000000,'0','ic','EDDCA9DCE41A14EE5D5ABE7E3C'),('EF53B2C745B83003BE1996CC15','EF53B0FCA7D4F4CE80369A3BC0','EE16354AB187B638CC4579F8B6','press_release','',0,NULL,20020804223821,NULL,00000000000000,'0','ic','ED2E4202F2AE0340726C67A877'),('EE7CCC89DADD57DAE0D3D1E878','EE7CCC6E6D6BEAA209410E58D5','EE1634B19EB64BB12485263F79','news','id',3,NULL,20030127170731,NULL,00000000000000,'0','ic','EDDCA9DCE41A14EE5D5ABE7E3C'),('EF58A90BDF298F7B6BCB4AACE5','EF58A8B439BA814A7D93B240EA','EE1634B19EB64BB12485263F79','news','',0,NULL,20020804224453,NULL,00000000000000,'0','ic','ED2E4202F2AE0340726C67A877'),('EF58D89F9EB44E6FEB827C4397','EF58D8599C4F377913FD8D1DB0','EE163600A2BAD87965E20E9C9A','services','',0,NULL,20020804223751,NULL,00000000000000,'0','ic','ED2E4202F2AE0340726C67A877');
INSERT INTO `collection_descriptor` (`id`,`collection_id`,`descriptor_id`,`descriptor_name`,`ordered_by`,`limit_value`,`create_by`,`create_date`,`update_by`,`update_date`,`osml_id`,`status_id`,`site_id`) VALUES ('EF580D11253A32D8BF81521585','EF580C9F50774CC4BBA9C305DC','EE163600A2BAD87965E20E9C9A','services','',0,NULL,20020804223653,NULL,00000000000000,'0','ic','ED2E4202F2AE0340726C67A877'),('EF535C448B19C2A6973D84663D','EF535BF707DC20CA4F0222EAB2','EE1634B19EB64BB12485263F79','news','',0,NULL,20020804224433,NULL,00000000000000,'0','ic','ED2E4202F2AE0340726C67A877'),('EF590366E99ECE0020666EB1EE','EF5902B02CC7C4E3E55AE7B0AD','EE163600A2BAD87965E20E9C9A','services','',0,NULL,20020804224517,NULL,00000000000000,'0','ic','ED2E4202F2AE0340726C67A877'),('EF5C9870A1654A372F4CC8A063','EF5C9801CA3FF9F3D99A20F1CD','EE16354AB187B638CC4579F8B6','press_release','',0,NULL,20020804223839,NULL,00000000000000,'0','ic','ED2E4202F2AE0340726C67A877'),('EF5CB19C5BB62EFB60DF437F8B','EF5CB147C39DE591879212AE26','EE163600A2BAD87965E20E9C9A','services','',0,NULL,20020804224414,NULL,00000000000000,'0','ic','ED2E4202F2AE0340726C67A877'),('EF61F74897E5CA58762AA9711E','EF61F69872E80B522B3F7D1698','EE163600A2BAD87965E20E9C9A','services','',0,NULL,20020808085728,NULL,00000000000000,'0','ic','EDDCAA0575D694D2560CC2511F');
INSERT INTO `collection_descriptor` (`id`,`collection_id`,`descriptor_id`,`descriptor_name`,`ordered_by`,`limit_value`,`create_by`,`create_date`,`update_by`,`update_date`,`osml_id`,`status_id`,`site_id`) VALUES ('EF620195219F0DF8C047860493','EF62010E6C4C37EEA867611132','EE16354AB187B638CC4579F8B6','press_release','',0,NULL,20020808085818,NULL,00000000000000,'0','ic','EDDCAA0575D694D2560CC2511F'),('EF6205BBFEA3D2D6F18C97A0AD','EF62053D7884A7B7C28B461E87','EE1634B19EB64BB12485263F79','news','',0,NULL,20020808085740,NULL,00000000000000,'0','ic','EDDCAA0575D694D2560CC2511F'),('EF6207DDE499D677F14E1BE85C','EF620774DA99A708D10B48F528','EE163600A2BAD87965E20E9C9A','services','',0,NULL,20020808085807,NULL,00000000000000,'0','ic','EDDCAA0575D694D2560CC2511F'),('EF62946CAE468A91C1C409BC2A','EF6293FFACC7928F2CCCCA37B1','EE1634B19EB64BB12485263F79','news','',0,NULL,20020801043132,NULL,00000000000000,'0','ic','EF62687CC1170D25FC73E0051C'),('EF62A45D4F9619826F84FCBA11','EF62A08AAB45C4D0CC1FC6CE06','EE16354AB187B638CC4579F8B6','press_release','',0,NULL,20020801044854,NULL,00000000000000,'0','ic','EF62687CC1170D25FC73E0051C'),('EF62ACAAFB15B29A777E987DCB','EF62ABFFD639CEDC6F503B678','EE163600A2BAD87965E20E9C9A','services','',0,NULL,20020801045808,NULL,00000000000000,'0','ic','EF62687CC1170D25FC73E0051C');
INSERT INTO `collection_descriptor` (`id`,`collection_id`,`descriptor_id`,`descriptor_name`,`ordered_by`,`limit_value`,`create_by`,`create_date`,`update_by`,`update_date`,`osml_id`,`status_id`,`site_id`) VALUES ('EF633AAE73872BD8AF54C2F322','EF633A256C589D6A8ED8B8A941','EE16354AB187B638CC4579F8B6','press_release','',0,NULL,20020801073308,NULL,00000000000000,'0','ic','EF62687CC1170D25FC73E0051C'),('EF66876C2C3DEDF5EC1463F810','EF668717A39DDB0F1D4DF9F526','EE163600A2BAD87965E20E9C9A','services','',0,NULL,20020801225547,NULL,00000000000000,'0','ic','EF62687CC1170D25FC73E0051C'),('EF6689DA1E3B99EB6E6F91B130','EF66892594573B88F1A1CEC0F3','EE163600A2BAD87965E20E9C9A','services','',0,NULL,20020801225827,NULL,00000000000000,'0','ic','EF62687CC1170D25FC73E0051C'),('EF670593956C56B9045148908A','EF6704F9D5930E81F3D8232AA0','EE1634B19EB64BB12485263F79','news','',0,NULL,20020802011347,NULL,00000000000000,'0','ic','EF62687CC1170D25FC73E0051C'),('EF670CDC0638663D995F52B78E','EF670C78C784ECA3E832D49F41','EE16354AB187B638CC4579F8B6','press_release','',0,NULL,20020802012130,NULL,00000000000000,'0','ic','EF62687CC1170D25FC73E0051C'),('EF76DEE9BEFE05280BEC57D074','EF76DEAB4E65F944FC318B10F2','EF76BA4ED5D8F2A21B1933A750','about_us','',0,NULL,20020805030514,NULL,00000000000000,'0','ic','ED2E4202F2AE0340726C67A877');
INSERT INTO `collection_descriptor` (`id`,`collection_id`,`descriptor_id`,`descriptor_name`,`ordered_by`,`limit_value`,`create_by`,`create_date`,`update_by`,`update_date`,`osml_id`,`status_id`,`site_id`) VALUES ('EF76F104B18B88595AA94875CC','EF76F0C602372C01717F4AD69B','EF76BA4ED5D8F2A21B1933A750','about_us','',0,NULL,20020805032458,NULL,00000000000000,'0','ic','EF62687CC1170D25FC73E0051C'),('EF771015A2C4CE892D44D2813','EF770FC06E8EF90EA0E86B7EF4','EF76BA4ED5D8F2A21B1933A750','about_us','',0,NULL,20020805035853,NULL,00000000000000,'0','ic','EE1B28DE85CED7258C4D46D2E2'),('EF7718B14F7D15B2A8CE48698C','EF771865DE82B9AE726ACF15BC','EE163600A2BAD87965E20E9C9A','services','',0,NULL,20020805040818,NULL,00000000000000,'0','ic','EE1B28DE85CED7258C4D46D2E2'),('EF774D31BD29BAF58CDD8FA7FD','EF774C7D03E84F326EDC640E5F','EE163600A2BAD87965E20E9C9A','services','',0,NULL,20020805073433,NULL,00000000000000,'0','ic','EE1B28DE85CED7258C4D46D2E2'),('EF775EEC8E446219D98AECD3C1','EF775DC852350BB4108EF6BD48','EE163600A2BAD87965E20E9C9A','services','',0,NULL,20020805052504,NULL,00000000000000,'0','ic','EE1B28DE85CED7258C4D46D2E2'),('EF776E1C50F5266FD30ACFF38C','EF776DA97229A12BB7901E9EEE','EE16354AB187B638CC4579F8B6','press_release','',0,NULL,20020805073453,NULL,00000000000000,'0','ic','EE1B28DE85CED7258C4D46D2E2');
INSERT INTO `collection_descriptor` (`id`,`collection_id`,`descriptor_id`,`descriptor_name`,`ordered_by`,`limit_value`,`create_by`,`create_date`,`update_by`,`update_date`,`osml_id`,`status_id`,`site_id`) VALUES ('EF776F9EBADC6723BEB543BA72','EF776F524038C0A0701BD2751C','EE16354AB187B638CC4579F8B6','press_release','',0,NULL,20020805054318,NULL,00000000000000,'0','ic','EE1B28DE85CED7258C4D46D2E2'),('EF7B015494CC2E208C28141D0A','EF7B00DDED2FDABD09CD662C65','EE163600A2BAD87965E20E9C9A','services','',0,NULL,20020805222120,NULL,00000000000000,'0','ic','EE1B28DE85CED7258C4D46D2E2'),('EF7B13DF09AF0D9B6B778A779A','EF7B1369BAAA94553E83D3C23E','EE1634B19EB64BB12485263F79','news','',0,NULL,20020805224134,NULL,00000000000000,'0','ic','EE1B28DE85CED7258C4D46D2E2'),('EF7B15E57836AA712698264D4E','EF7B157A3BBA63A103A7417FEA','EE1634B19EB64BB12485263F79','news','',0,NULL,20020805224347,NULL,00000000000000,'0','ic','EE1B28DE85CED7258C4D46D2E2'),('EF877C7558C138B1ABE3376E1A','EF877C16F3E59D308B85284D46','EE1634B19EB64BB12485263F79','news','',0,NULL,20020808085753,NULL,00000000000000,'0','ic','EDDCAA0575D694D2560CC2511F'),('EF877E1479AC0AAB7F4FAFE667','EF877DD13084F34A4E13E123C7','EE16354AB187B638CC4579F8B6','press_release','',0,NULL,20020808085830,NULL,00000000000000,'0','ic','EDDCAA0575D694D2560CC2511F');
INSERT INTO `collection_descriptor` (`id`,`collection_id`,`descriptor_id`,`descriptor_name`,`ordered_by`,`limit_value`,`create_by`,`create_date`,`update_by`,`update_date`,`osml_id`,`status_id`,`site_id`) VALUES ('EF87C8A84D1FB65825A0665B1F','EF87C834C829B55008B5659662','EE163600A2BAD87965E20E9C9A','services','',0,NULL,20020808095429,NULL,00000000000000,'0','ic','EDDCAA0575D694D2560CC2511F'),('EF87C9B12C343B4F359A550647','EF87C954124BE5827E8C5ED93D','EE163600A2BAD87965E20E9C9A','services','',0,NULL,20020808095541,NULL,00000000000000,'0','ic','EDDCAA0575D694D2560CC2511F'),('EF87E6361078FD3A26E51F98A2','EF87E5E89B29E72B13DA8407BA','EF76BA4ED5D8F2A21B1933A750','about_us','',0,NULL,20020808102915,NULL,00000000000000,'0','ic','EDDCAA0575D694D2560CC2511F'),('EF8E3B8C0D511B45C9BB178AB0','EF8E3B3AB9F109C7BF163C0AD7','EE163600A2BAD87965E20E9C9A','services','',0,NULL,20020809155744,NULL,00000000000000,'0','ic','EF8E260F5EE7A2E8ECE6F2F3A3'),('EF8E3C88E05124DC0D340876DC','EF8E3C4ADFBDFB74192B71CB43','EE1634B19EB64BB12485263F79','news','',0,NULL,20020809155849,NULL,00000000000000,'0','ic','EF8E260F5EE7A2E8ECE6F2F3A3'),('EF8E3D55C8C5B482CB44174D15','EF8E3D1D196B477841A58FC9A0','EE16354AB187B638CC4579F8B6','press_release','',0,NULL,20020809155939,NULL,00000000000000,'0','ic','EF8E260F5EE7A2E8ECE6F2F3A3');
INSERT INTO `collection_descriptor` (`id`,`collection_id`,`descriptor_id`,`descriptor_name`,`ordered_by`,`limit_value`,`create_by`,`create_date`,`update_by`,`update_date`,`osml_id`,`status_id`,`site_id`) VALUES ('EF8E3F181E3AB82CE1B54C4A31','EF8E3EDA4FE70036E202E26581','EF1EE6CF42F37C9EA72FAE3B94','open_job','',0,NULL,20020809160136,NULL,00000000000000,'0','ic','EF8E260F5EE7A2E8ECE6F2F3A3'),('EF8E3FE2207E25BCB1FE4BB9C5','EF8E3FA2E9F723DB325F6A7D02','EF76BA4ED5D8F2A21B1933A750','about_us','',0,NULL,20020809160225,NULL,00000000000000,'0','ic','EF8E260F5EE7A2E8ECE6F2F3A3'),('EF8E42817189FE60B4C0E8D63D','EF8E42301D17943E5955D9AA44','EE16354AB187B638CC4579F8B6','press_release','',0,NULL,20020809160517,NULL,00000000000000,'0','ic','EF8E260F5EE7A2E8ECE6F2F3A3'),('EF8E430E775E34E96579EBDD25','EF8E42AF4ADA1F31E1F62D5525','EE1634B19EB64BB12485263F79','news','',0,NULL,20020809160552,NULL,00000000000000,'0','ic','EF8E260F5EE7A2E8ECE6F2F3A3'),('EF8E439F5CD31338C41BA66D42','EF8E433D0E138F733F2D166C00','EF1EE6CF42F37C9EA72FAE3B94','open_job','',0,NULL,20020809160629,NULL,00000000000000,'0','ic','EF8E260F5EE7A2E8ECE6F2F3A3'),('EFABD770DDBA32FE00CB4B3F81','EFABD73B9F5C8A2AFC1BC06327','EF76BA4ED5D8F2A21B1933A750','about_us','id',3,NULL,20030127170132,NULL,00000000000000,'0','ic','EDDCA9DCE41A14EE5D5ABE7E3C');
INSERT INTO `collection_descriptor` (`id`,`collection_id`,`descriptor_id`,`descriptor_name`,`ordered_by`,`limit_value`,`create_by`,`create_date`,`update_by`,`update_date`,`osml_id`,`status_id`,`site_id`) VALUES ('F2FDAB2A8C3D2D850FBB19E301','F0143397173EB2898E7BD1DA02','EE163600A2BAD87965E20E9C9A','services','id',1,NULL,20030127102620,NULL,00000000000000,'0','ic','EDDCA9DCE41A14EE5D5ABE7E3C'),('F014357F69ED4565CF1CAD78E7','F0143397173EB2898E7BD1DA02','26','ads_product','id',1,NULL,20030127102620,NULL,00000000000000,'0','ic','EDDCA9DCE41A14EE5D5ABE7E3C'),('F014370133771BC02745E23AA9','F01436B63F216AAAB48195159C','E8D4A7375EAF7B953F36C71292','assign_descriptor','null',0,NULL,20020904162147,NULL,00000000000000,'0','ic','EDDCA9DCE41A14EE5D5ABE7E3C'),('EF1EB509124AD89E8A9F0C180C','EF1EB25BD481435B56271A67D2','EE163600A2BAD87965E20E9C9A','services','id',2,NULL,20030127170924,NULL,00000000000000,'0','ic','EDDCA9DCE41A14EE5D5ABE7E3C'),('F07B7AB0E1D1BDC3D3E03442B8','F07B581DE9BA007DB73EB1BEBC','EE1634B19EB64BB12485263F79','news','transmitted_date_time',4,NULL,20020925150757,NULL,00000000000000,'0','ic','F07B23B53C6185EACC86EFE1D8'),('F036DCB9B5363CFDD3D8B684C3','F036DC14DC945A100E1E4E301C','EE1634B19EB64BB12485263F79','news','headline',4,NULL,20020911095011,NULL,00000000000000,'0','ic','ED2E4202F2AE0340726C67A877');
INSERT INTO `collection_descriptor` (`id`,`collection_id`,`descriptor_id`,`descriptor_name`,`ordered_by`,`limit_value`,`create_by`,`create_date`,`update_by`,`update_date`,`osml_id`,`status_id`,`site_id`) VALUES ('F07B5C7D418AF6C2AD64F902D','F07B56FBB0DE46F4CF2AE5698E','EE16354AB187B638CC4579F8B6','press_release','press_release_date',3,NULL,20020925141728,NULL,00000000000000,'0','ic','F07B23B53C6185EACC86EFE1D8'),('F07B7B110860F8B114A409390C','F07B796043A756D9E97A3FEFF','EE1634B19EB64BB12485263F79','news','headline',3,NULL,20020925152818,NULL,00000000000000,'0','ic','F07B23B53C6185EACC86EFE1D8'),('F083F255B0D5BAB1676721CFAC','F083F1F7C33EA7F3A9A59BE10A','EE1634B19EB64BB12485263F79','news','headline',4,NULL,20020926090426,NULL,00000000000000,'0','ic','F07B23B53C6185EACC86EFE1D8'),('F083F9F598549F6DC32A16547A','F083F929ABA341797CD38BBE7D','EE1634B19EB64BB12485263F79','news','headline',3,NULL,20020926091516,NULL,00000000000000,'0','ic','F07B23B53C6185EACC86EFE1D8'),('F09DE2D045F584EE9419E0121F','F09DE1952B7D669AD21E500D72','EE16354AB187B638CC4579F8B6','press_release','title',3,NULL,20021001095730,NULL,00000000000000,'0','ic','F07B23B53C6185EACC86EFE1D8'),('F08426FA195D4C108E6CBAF1B0','F0842659151A5462F92C16E9D1','EE1634B19EB64BB12485263F79','news','headline',4,NULL,20020926100152,NULL,00000000000000,'0','ic','F07B23B53C6185EACC86EFE1D8');
INSERT INTO `collection_descriptor` (`id`,`collection_id`,`descriptor_id`,`descriptor_name`,`ordered_by`,`limit_value`,`create_by`,`create_date`,`update_by`,`update_date`,`osml_id`,`status_id`,`site_id`) VALUES ('F0843314118F43F7856869B801','F08432B3F4174A089CD81F3616','E7A781CFBA45A3CB44C81D8236','web_link','link_url',3,NULL,20020926101501,NULL,00000000000000,'0','ic','F07B23B53C6185EACC86EFE1D8'),('EE7CCBD913DAB719E8F6580601','EE7CCBBE336CC05ECCC3DEDB04','EE16354AB187B638CC4579F8B6','press_release','id',3,NULL,20030127170826,NULL,00000000000000,'0','ic','EDDCA9DCE41A14EE5D5ABE7E3C'),('F302DCCC0BC81890A148BA63D7','F302DC45188ECE996BB4E65A63','F3C2998AFDB590924800ACCC95','press_release_portal','id',3,NULL,20030325125913,NULL,00000000000000,'0','ic','F185BD3FDC5CC7989A3CED51A1'),('F302DE7391FD90009A02084D49','F302DD80386E12F543A34F650','F3C2963AD8A291EF75E1311711','news_portal','create_date',2,NULL,20030319112825,NULL,00000000000000,'0','ic','F185BD3FDC5CC7989A3CED51A1'),('F302E019DE530752476A23169F','F302DF2D5C14DB19C7398591BC','EE163600A2BAD87965E20E9C9A','services','create_date',3,NULL,20030320100229,NULL,00000000000000,'0','ic','F185BD3FDC5CC7989A3CED51A1'),('F3086F72F2F11D7220B8973B94','F3086EE25AC268B9D89977E44B','F3C2998AFDB590924800ACCC95','press_release_portal','create_date',3,NULL,20030307164836,NULL,00000000000000,'0','ic','F185BD3FDC5CC7989A3CED51A1');
INSERT INTO `collection_descriptor` (`id`,`collection_id`,`descriptor_id`,`descriptor_name`,`ordered_by`,`limit_value`,`create_by`,`create_date`,`update_by`,`update_date`,`osml_id`,`status_id`,`site_id`) VALUES ('F30D61E65F784A4B4E0F0415C4','F30D61195A51759F754A534603','F3C2998AFDB590924800ACCC95','press_release_portal','create_date',25,NULL,20030307164929,NULL,00000000000000,'0','ic','F185BD3FDC5CC7989A3CED51A1'),('F30D628379A77A88E0BCB8E108','F30D6218D92D6172A83CF70347','F3C2963AD8A291EF75E1311711','news_portal','create_date',2,NULL,20030319171048,NULL,00000000000000,'0','ic','F185BD3FDC5CC7989A3CED51A1'),('F30D633D343CBDB75DF40DCE20','F30D62AFC966604EE6B63D5EA','F3C2963AD8A291EF75E1311711','news_portal','create_date',25,NULL,20030319171030,NULL,00000000000000,'0','ic','F185BD3FDC5CC7989A3CED51A1'),('F30D6463B32E6CA60E40D2F7A7','F30D638087912EB63CFF2413C4','EE163600A2BAD87965E20E9C9A','services','create_date',5,NULL,20030130114228,NULL,00000000000000,'0','ic','F185BD3FDC5CC7989A3CED51A1'),('F30D65824247999ED4D2975311','F30D64A967EC8A114463B155EC','EF76BA4ED5D8F2A21B1933A750','about_us','name',5,NULL,20030131133910,NULL,00000000000000,'0','ic','F185BD3FDC5CC7989A3CED51A1');
INSERT INTO `collection_descriptor` (`id`,`collection_id`,`descriptor_id`,`descriptor_name`,`ordered_by`,`limit_value`,`create_by`,`create_date`,`update_by`,`update_date`,`osml_id`,`status_id`,`site_id`) VALUES ('F30D7ABD03663CDA90E22CDDAB','F30D7A35F127C9F525D69A4BCE','F30D6D4A72F6871D6DB046BCB6','fact_figure','null',0,NULL,20030130120651,NULL,00000000000000,'0','ic','F185BD3FDC5CC7989A3CED51A1'),('F312B7F9D32CECE8797FB3740B','F312B7926E1BA7B9EEAAB39558','F312A7DFF0D600D4866CCD4E28','makin_director','null',0,NULL,20030131123149,NULL,00000000000000,'0','ic','F185BD3FDC5CC7989A3CED51A1'),('F312B86BE69910FD4F57108083','F312B82623C31410C34434A7B3','F312A7DFF0D600D4866CCD4E28','makin_director','null',0,NULL,20030131123221,NULL,00000000000000,'0','ic','F185BD3FDC5CC7989A3CED51A1'),('F31331CA55975FB0862E8D9C9F','F31330D19DFD3F3245616F57B0','F3132892F57B236985F02B3F4F','subsidary','null',0,NULL,20030320131627,NULL,00000000000000,'0','ic','F185BD3FDC5CC7989A3CED51A1'),('F31332F400DEDFAE974E613DDB','F3133249977BD2C0636E037D23','F3132892F57B236985F02B3F4F','subsidary','null',0,NULL,20030320131538,NULL,00000000000000,'0','ic','F185BD3FDC5CC7989A3CED51A1'),('F31333BACB718BB25F212D34A9','F3133322C1D43F2988CD387324','F3132892F57B236985F02B3F4F','subsidary','null',0,NULL,20030320131559,NULL,00000000000000,'0','ic','F185BD3FDC5CC7989A3CED51A1');
INSERT INTO `collection_descriptor` (`id`,`collection_id`,`descriptor_id`,`descriptor_name`,`ordered_by`,`limit_value`,`create_by`,`create_date`,`update_by`,`update_date`,`osml_id`,`status_id`,`site_id`) VALUES ('F313342BA6F1512F57ADE56244','F31333E67F5209AE9B31726965','F3132892F57B236985F02B3F4F','subsidary','null',0,NULL,20030320131523,NULL,00000000000000,'0','ic','F185BD3FDC5CC7989A3CED51A1'),('F3FF2371D2B2DF6DCD23F1C1E0','F3FF22FA60FDC1B3F09C2A27AF','F3FF0CB5A1F1B01FDBEF1218F6','site_map','null',0,NULL,20030318101949,NULL,00000000000000,'0','ic','F185BD3FDC5CC7989A3CED51A1'),('F3FF5AA0C611BE8DBC8EF042D3','F3FF58FF3B49C217BA449F6849','F3FF36F3D74BBBACD7A0D5E93A','makin_subsidary','id',3,NULL,20030318111955,NULL,00000000000000,'0','ic','F185BD3FDC5CC7989A3CED51A1'),('F40067DCB9C06EEB9266396B15','F40025C7BB2B1555515A1FF83F','F3132892F57B236985F02B3F4F','subsidary','null',0,NULL,20030318161359,NULL,00000000000000,'0','ic','F185BD3FDC5CC7989A3CED51A1'),('F4006A93DABF84C3B63736EA8D','F4006A4702C02EC8B03504B154','F3132892F57B236985F02B3F4F','subsidary','null',0,NULL,20030318161655,NULL,00000000000000,'0','ic','F185BD3FDC5CC7989A3CED51A1'),('F40A1370489AE0D1D436CD3EBF','F40A12670642457146FE92A5BF','F3132892F57B236985F02B3F4F','subsidary','null',0,NULL,20030320133557,NULL,00000000000000,'0','ic','F185BD3FDC5CC7989A3CED51A1');
INSERT INTO `collection_descriptor` (`id`,`collection_id`,`descriptor_id`,`descriptor_name`,`ordered_by`,`limit_value`,`create_by`,`create_date`,`update_by`,`update_date`,`osml_id`,`status_id`,`site_id`) VALUES ('F4D333BF363143DC43B09F7C67','F4D332FCE8E1713BFFA339672F','EE163600A2BAD87965E20E9C9A','services','headline',3,NULL,20030429103316,NULL,00000000000000,'0','ic','F4D30718756B8401E43FD2AAE6'),('F4D347ED511E82E13B6D324445','F4D345059E58F35226610428E3','EE163600A2BAD87965E20E9C9A','services','create_date',3,NULL,20030520091027,NULL,00000000000000,'0','ic','F4D30718756B8401E43FD2AAE6'),('F4D348EF1FFB87C06BB60F4794','F4D34862CECEC33E7A3DFBF2F6','EE1634B19EB64BB12485263F79','news','create_date',3,NULL,20030520090944,NULL,00000000000000,'0','ic','F4D30718756B8401E43FD2AAE6'),('F4D34AAB3947E85AB7E0E3BBE8','F4D34917CF2D95241724082D6E','EE16354AB187B638CC4579F8B6','press_release','transmitted_date_time',3,NULL,20030429103551,NULL,00000000000000,'0','ic','F4D30718756B8401E43FD2AAE6'),('F4D34B57DB742921D7FE3E5726','F4D34AE05BA664870CE107F5C4','EF1EE6CF42F37C9EA72FAE3B94','open_job','create_date',3,NULL,20030520091006,NULL,00000000000000,'0','ic','F4D30718756B8401E43FD2AAE6'),('F4D3EA4426E6A828C66C9AC65D','F4D3E9C42018508CFBD44C1F7F','EE163600A2BAD87965E20E9C9A','services','create_date',20,NULL,20030520090838,NULL,00000000000000,'0','ic','F4D30718756B8401E43FD2AAE6');
INSERT INTO `collection_descriptor` (`id`,`collection_id`,`descriptor_id`,`descriptor_name`,`ordered_by`,`limit_value`,`create_by`,`create_date`,`update_by`,`update_date`,`osml_id`,`status_id`,`site_id`) VALUES ('F4D77E78A081BF91514C0EC65','F4D77D9A595E11607831E05333','EE16354AB187B638CC4579F8B6','press_release','create_date',20,NULL,20030520090915,NULL,00000000000000,'0','ic','F4D30718756B8401E43FD2AAE6'),('F4D7877E12ED0164E5D1EE20E4','F4D7872202EEF42DB1BEE35CAD','EE1634B19EB64BB12485263F79','news','create_date',20,NULL,20030520090856,NULL,00000000000000,'0','ic','F4D30718756B8401E43FD2AAE6'),('F4D7912C5DBD64127624D1F4AB','F4D7908E18A0B591AD5B35C429','EF76BA4ED5D8F2A21B1933A750','about_us','headline',10,NULL,20031029090345,NULL,00000000000000,'0','ic','F4D30718756B8401E43FD2AAE6'),('F4E2EFB7A9EF6CE18F0AC6CC3C','F4DD67C9F9D543C3720D645FA0','EE1634B19EB64BB12485263F79','news','headline',5,NULL,20030902115708,NULL,00000000000000,'0','ic','F4DD64134EC050E3D0A256EA0D'),('F4DD698FDDF0DC6B01B3959E07','F4DD6885A1EF5A5916B28F0DE0','F50196413176576A64F6F27A86','blueoxygen_review','create_date',3,NULL,20030507151725,NULL,00000000000000,'0','ic','F4DD64134EC050E3D0A256EA0D'),('F4E2D6B018EFDD385EAFD73F5B','F4E2D64CF8DDBED197CF1D4EC7','EE16354AB187B638CC4579F8B6','press_release','create_date',5,NULL,20030624114929,NULL,00000000000000,'0','ic','F4DD64134EC050E3D0A256EA0D');
INSERT INTO `collection_descriptor` (`id`,`collection_id`,`descriptor_id`,`descriptor_name`,`ordered_by`,`limit_value`,`create_by`,`create_date`,`update_by`,`update_date`,`osml_id`,`status_id`,`site_id`) VALUES ('F4E2F9B4ABA1FFBFFA507D5068','F4E2F93A23C96AF5243A648900','EE16354AB187B638CC4579F8B6','press_release','create_date',3,NULL,20030501160727,NULL,00000000000000,'0','ic','F4DD64134EC050E3D0A256EA0D'),('F4E3028DB618F5EB4E213CB94E','F4E30221D6345730817DF8B10B','F501EBD2F6B03958384BD30C50','blueoxygen_project','id',20,NULL,20030507162255,NULL,00000000000000,'0','ic','F4DD64134EC050E3D0A256EA0D'),('F4E30F2748797F1D9C54744E03','F4E30E4255F0C0ECA9CF12C58D','E7A781CFBA45A3CB44C81D8236','web_link','create_date',25,NULL,20030525125439,NULL,00000000000000,'0','ic','F4DD64134EC050E3D0A256EA0D'),('F4E315B3AE2B6E8FF986CC01EB','F4E315146AC0D62352296671C6','F50196413176576A64F6F27A86','blueoxygen_review','create_date',20,NULL,20030507151653,NULL,00000000000000,'0','ic','F4DD64134EC050E3D0A256EA0D'),('F4E8352BF892F5C4CC0F2E716B','F4E8349537A24F34C2BADB1136','EE16354AB187B638CC4579F8B6','press_release','headline',3,NULL,20030502163030,NULL,00000000000000,'0','ic','F4E6A635A8AC141BAE7F98504');
INSERT INTO `collection_descriptor` (`id`,`collection_id`,`descriptor_id`,`descriptor_name`,`ordered_by`,`limit_value`,`create_by`,`create_date`,`update_by`,`update_date`,`osml_id`,`status_id`,`site_id`) VALUES ('F4E835E451E92569B711C793C6','F4E8355C0D223308A5E405F8C3','EE1634B19EB64BB12485263F79','news','create_date',3,NULL,20030502163118,NULL,00000000000000,'0','ic','F4E6A635A8AC141BAE7F98504'),('F4E836A07056933EA8CD1B4951','F4E8361B7E88B3E21FDEC4E502','EE163600A2BAD87965E20E9C9A','services','headline',3,NULL,20030502163203,NULL,00000000000000,'0','ic','F4E6A635A8AC141BAE7F98504'),('F4E8408D34229A53E6F9959277','F4E83EF7F42ADCFA4C089A7267','EE1634B19EB64BB12485263F79','news','create_date',5,NULL,20030502164317,NULL,00000000000000,'0','ic','F4E6A635A8AC141BAE7F98504'),('F4E841C8B79E5E1CCC2E759ECA','F4E841228EF31C223EC4C3C44','EE163600A2BAD87965E20E9C9A','services','headline',5,NULL,20030502164427,NULL,00000000000000,'0','ic','F4E6A635A8AC141BAE7F98504'),('F4E843C8FB5AA8B2B8E285CA19','F4E84237BF3A0CE289DCA92CD4','EE16354AB187B638CC4579F8B6','press_release','create_date',5,NULL,20030502164724,NULL,00000000000000,'0','ic','F4E6A635A8AC141BAE7F98504'),('F4E851A9B24F0667F1535A2C92','F4E85130966839B75E0A0C8C90','EF76BA4ED5D8F2A21B1933A750','about_us','headline',10,NULL,20030502170135,NULL,00000000000000,'0','ic','F4E6A635A8AC141BAE7F98504');
INSERT INTO `collection_descriptor` (`id`,`collection_id`,`descriptor_id`,`descriptor_name`,`ordered_by`,`limit_value`,`create_by`,`create_date`,`update_by`,`update_date`,`osml_id`,`status_id`,`site_id`) VALUES ('F5015DEE32B5D9657898EF2DBE','F5015D733AF172E8FBC3427079','E7A781CFBA45A3CB44C81D8236','web_link','create_date',3,NULL,20030525125455,NULL,00000000000000,'0','ic','F4DD64134EC050E3D0A256EA0D'),('F4E307E528162E5B9C15ABE592','F4E30766D4F6B10B77D890862C','F501956E01E1C9C2DFFEC614DB','blueoxygen_recipe','create_date',20,NULL,20030507151607,NULL,00000000000000,'0','ic','F4DD64134EC050E3D0A256EA0D'),('F760F4EDECCFCE037DBB7880DD','F5015CD1D2ED0D963111F06942','F501956E01E1C9C2DFFEC614DB','blueoxygen_recipe','id',1,NULL,20030902132148,NULL,00000000000000,'0','ic','F4DD64134EC050E3D0A256EA0D'),('F78EC69D33422D8B93DF3179AC','F78EB6DBE6A3A38FDAAA43DFB8','EE1634B19EB64BB12485263F79','news','id',3,NULL,20030911105639,NULL,00000000000000,'0','ic','F78E9748E9F76ABD233C5EAD39');

DROP TABLE IF EXISTS `collection_detail`;
CREATE TABLE `collection_detail` (
  `id` varchar(36) NOT NULL default '',
  `collection_id` varchar(36) NOT NULL default '',
  `descriptor_id` varchar(36) NOT NULL default '',
  `descriptor_name` varchar(128) NOT NULL default '',
  `article_id` varchar(36) NOT NULL default '',
  `article_desc` varchar(255) NOT NULL default '',
  `rank` tinyint(10) NOT NULL default '1',
  `create_by` varchar(36) default NULL,
  `create_date` timestamp(14) NOT NULL,
  `update_by` varchar(36) default NULL,
  `update_date` timestamp(14) NOT NULL default '00000000000000',
  `osml_id` varchar(36) default '0',
  `status_id` varchar(36) default 'ic',
  `site_id` varchar(36) default NULL,
  PRIMARY KEY  (`id`)
) TYPE=MyISAM;
INSERT INTO `collection_detail` (`id`,`collection_id`,`descriptor_id`,`descriptor_name`,`article_id`,`article_desc`,`rank`,`create_by`,`create_date`,`update_by`,`update_date`,`osml_id`,`status_id`,`site_id`) VALUES ('EF5C91C55B950946B24DF82921','EF58A8B439BA814A7D93B240EA','EE1634B19EB64BB12485263F79','news','EF53696D611BF0D3D7A7546BE2','Intecitra Websites v.1.9',2,NULL,20020731003132,NULL,00000000000000,'0','ic','ED2E4202F2AE0340726C67A877'),('EF57BF91BA6D4F6268C14046B8','EF57BEBF18DC03624A9537EE53','EF1EE6CF42F37C9EA72FAE3B94','open_job','EF57BDF80FA246572D73D85E63','Programmer',3,NULL,20020730020243,NULL,00000000000000,'0','ic','ED2E4202F2AE0340726C67A877'),('EF575AFDFC853466F996A07752','EF575A3BB6F9D65E1376C562F9','EE163600A2BAD87965E20E9C9A','services','EF57575AD591ECDA1C2FEC8C8D','integrated_solution',2,NULL,20020730001312,NULL,00000000000000,'0','ic','ED2E4202F2AE0340726C67A877'),('EF575B14724FBCFD6D6DECD7B5','EF575A3BB6F9D65E1376C562F9','EE163600A2BAD87965E20E9C9A','services','EF5758B1CA281B487CECF66532','offline_online_solution',3,NULL,20020730001312,NULL,00000000000000,'0','ic','ED2E4202F2AE0340726C67A877'),('EF575B2C7F649BA764D114AD34','EF575A3BB6F9D65E1376C562F9','EE163600A2BAD87965E20E9C9A','services','EF57598A487F5669844986B7B0','360_degrees_solution',4,NULL,20020730001312,NULL,00000000000000,'0','ic','ED2E4202F2AE0340726C67A877');
INSERT INTO `collection_detail` (`id`,`collection_id`,`descriptor_id`,`descriptor_name`,`article_id`,`article_desc`,`rank`,`create_by`,`create_date`,`update_by`,`update_date`,`osml_id`,`status_id`,`site_id`) VALUES ('EF579F9EA7507ECAE6ED4CCB02','EF53B0FCA7D4F4CE80369A3BC0','EE16354AB187B638CC4579F8B6','press_release','EF579DC7668F8128FDC9D97EFE','press_release2',2,NULL,20020730012803,NULL,00000000000000,'0','ic','ED2E4202F2AE0340726C67A877'),('EF579FC2D862DDC5DCD86E7BB7','EF53B0FCA7D4F4CE80369A3BC0','EE16354AB187B638CC4579F8B6','press_release','EF579EDBE315D10BD8D3B057B0','press_release3',3,NULL,20020730012803,NULL,00000000000000,'0','ic','ED2E4202F2AE0340726C67A877'),('EF57BF5E46E6F7C1C0551378D6','EF57BEBF18DC03624A9537EE53','EF1EE6CF42F37C9EA72FAE3B94','open_job','EF2F0FC62FE000588342B2A58','Java Developer',1,NULL,20020730020243,NULL,00000000000000,'0','ic','ED2E4202F2AE0340726C67A877'),('EF57BF792154F45BC942AD5833','EF57BEBF18DC03624A9537EE53','EF1EE6CF42F37C9EA72FAE3B94','open_job','EF57BD11F59D7A2C77A5A3D378','Accounting',2,NULL,20020730020243,NULL,00000000000000,'0','ic','ED2E4202F2AE0340726C67A877'),('EE2070AD6F2366B5C6CE97A5F6','EE2070A06861DB20E5C73E2E2','23','article','EE00D1FD68B2F4C4E5ED36C42C','null',1,NULL,20020530151456,NULL,00000000000000,'0','ic','ED2E4202F2AE0340726C67A877');
INSERT INTO `collection_detail` (`id`,`collection_id`,`descriptor_id`,`descriptor_name`,`article_id`,`article_desc`,`rank`,`create_by`,`create_date`,`update_by`,`update_date`,`osml_id`,`status_id`,`site_id`) VALUES ('EE2070DFD1BDFE05B377ABF302','EE2070A06861DB20E5C73E2E2','23','article','EDF200EFF845083C774A1C953D','Jittery Investors Resort to Sell-Off',2,NULL,20020530151456,NULL,00000000000000,'0','ic','ED2E4202F2AE0340726C67A877'),('EE1A3621D650CAAAFCCD7F3FD7','EE1A3613C15E812C82B6FDF015','E7A779BA12440C5CC627D043AD','age','2','4-6',1,NULL,20020529101301,NULL,00000000000000,'0','ic','EE185CE0B82B41C1724F284685'),('EE1A3903DAA6327229303F7B82','EE1A38F14FA782A6E40B12CD2','E7A779BA12440C5CC627D043AD','age','2','4-6',1,NULL,20020529101619,NULL,00000000000000,'0','ic','EDDCA9DCE41A14EE5D5ABE7E3C'),('EE24C766F443D8D51AD5ABB06B','EE24C74AE745D17CD47DC1A095','23','article','EDF200EFF845083C774A1C953D','Jittery Investors Resort to Sell-Off',1,NULL,20020531112757,NULL,00000000000000,'0','ic','EE185CE0B82B41C1724F284685'),('EE24C82883F73DBAFCFFDC8E9C','EE24C80E398C59AFE1C081CDE4','23','article','EDF1FED938718D8806EE521D03','US Group to Build Nepal Power Plant',1,NULL,20020531112842,NULL,00000000000000,'0','ic','EE1B28DE85CED7258C4D46D2E2');
INSERT INTO `collection_detail` (`id`,`collection_id`,`descriptor_id`,`descriptor_name`,`article_id`,`article_desc`,`rank`,`create_by`,`create_date`,`update_by`,`update_date`,`osml_id`,`status_id`,`site_id`) VALUES ('EF575ADF78327C2F3AC7EC5A06','EF575A3BB6F9D65E1376C562F9','EE163600A2BAD87965E20E9C9A','services','EF5754755119A3B2E3211AD22','guerilla_service',1,NULL,20020730001312,NULL,00000000000000,'0','ic','ED2E4202F2AE0340726C67A877'),('EE39EE6CA236C01D9E91760744','EE39EDC9453DC094BF2AA22E81','E8D4B8FCEB555B9D2AD8D143F6','assign_osml','null','null',1,NULL,20020604143212,NULL,00000000000000,'0','ic','ED2E4202F2AE0340726C67A877'),('EE39F150EABA6670179564E71F','EE39EDC9453DC094BF2AA22E81','E7A77820F8D3EEB61E12EF7DD5','ads_client','null','null',2,NULL,20020604143212,NULL,00000000000000,'0','ic','ED2E4202F2AE0340726C67A877'),('EF53B3238E5E3684D572681F50','EF53B0FCA7D4F4CE80369A3BC0','EE16354AB187B638CC4579F8B6','press_release','EF53ADCFAAA9F6C5BAE9A8A629','Press release1',1,NULL,20020730012803,NULL,00000000000000,'0','ic','ED2E4202F2AE0340726C67A877'),('EF1EB7DD31E7265EFC737FFC6A','EF1EB25BD481435B56271A67D2','EE163600A2BAD87965E20E9C9A','services','EE8213E8C3D062C30B823889D','Collaboration Internetworking',3,NULL,20020912083456,NULL,00000000000000,'0','ic','EDDCA9DCE41A14EE5D5ABE7E3C');
INSERT INTO `collection_detail` (`id`,`collection_id`,`descriptor_id`,`descriptor_name`,`article_id`,`article_desc`,`rank`,`create_by`,`create_date`,`update_by`,`update_date`,`osml_id`,`status_id`,`site_id`) VALUES ('EE49BB1A47CCE35FBC66572EDD','EE48E5532353CE62EE4F9C547E','23','article','EE24C9816C7409EF634E62F7EB','null',1,NULL,20020607154115,NULL,00000000000000,'0','ic','EE185CE0B82B41C1724F284685'),('EF61F31815342CC5DF2DEC053D','EE7C699016F886FEA906FA5DAC','EE163600A2BAD87965E20E9C9A','services','EE8213E8C3D062C30B823889D','Collaboration Internetworking',3,NULL,20020801013519,NULL,00000000000000,'0','ic','EDDCA9DCE41A14EE5D5ABE7E3C'),('EF61F30383A41C64903D61C87E','EE7C699016F886FEA906FA5DAC','EE163600A2BAD87965E20E9C9A','services','EE81F51791C15869C3CDE187C5','Corporate Portal Solution',2,NULL,20020801013519,NULL,00000000000000,'0','ic','EDDCA9DCE41A14EE5D5ABE7E3C'),('EF61F2E82BD31C3D26440EB650','EE7C699016F886FEA906FA5DAC','EE163600A2BAD87965E20E9C9A','services','EE7C684145375E2988E9863A1E','Guerilla Wired Program',1,NULL,20020801013519,NULL,00000000000000,'0','ic','EDDCA9DCE41A14EE5D5ABE7E3C'),('EF5361559A390AEB92D8954F4','EF535BF707DC20CA4F0222EAB2','EE1634B19EB64BB12485263F79','news','EF535DBC564E1103F7C050F192','18.00, 20/06/02',1,NULL,20020729070253,NULL,00000000000000,'0','ic','ED2E4202F2AE0340726C67A877');
INSERT INTO `collection_detail` (`id`,`collection_id`,`descriptor_id`,`descriptor_name`,`article_id`,`article_desc`,`rank`,`create_by`,`create_date`,`update_by`,`update_date`,`osml_id`,`status_id`,`site_id`) VALUES ('EF53A9F17EB7DCF8A8DB7B3B8B','EF535BF707DC20CA4F0222EAB2','EE1634B19EB64BB12485263F79','news','EF5390D19B5DD4C2F1A0A96A90','11.22, 17/03/02',3,NULL,20020729070106,NULL,00000000000000,'0','ic','ED2E4202F2AE0340726C67A877'),('EF536A8B634AC9B51EFCD29DD3','EF535BF707DC20CA4F0222EAB2','EE1634B19EB64BB12485263F79','news','EF53696D611BF0D3D7A7546BE2','13.14, 18/05/02',2,NULL,20020729070311,NULL,00000000000000,'0','ic','ED2E4202F2AE0340726C67A877'),('F405109E0FC9AD74FF7B9DB82F','F312B82623C31410C34434A7B3','F312A7DFF0D600D4866CCD4E28','makin_director','F4049E0F09488520CCC5AD7FED','test aja...',2,NULL,20030319140112,NULL,00000000000000,'0','ic','F185BD3FDC5CC7989A3CED51A1'),('F30D91C81F9902311F7199C916','F30D7A35F127C9F525D69A4BCE','F30D6D4A72F6871D6DB046BCB6','fact_figure','F30D90E2A1C592CC2D292166BB','fact1',1,NULL,20030130123224,NULL,00000000000000,'0','ic','F185BD3FDC5CC7989A3CED51A1'),('F312CA7CB7D8A16887560F2BCF','F312B82623C31410C34434A7B3','F312A7DFF0D600D4866CCD4E28','makin_director','F312B60278CEAC24F96D8A3E3E','Bambang Harto Tjahjono',1,NULL,20030319140112,NULL,00000000000000,'0','ic','F185BD3FDC5CC7989A3CED51A1');
INSERT INTO `collection_detail` (`id`,`collection_id`,`descriptor_id`,`descriptor_name`,`article_id`,`article_desc`,`rank`,`create_by`,`create_date`,`update_by`,`update_date`,`osml_id`,`status_id`,`site_id`) VALUES ('EF04187ED5563B54FA233C9577','EE7CCBBE336CC05ECCC3DEDB04','EE16354AB187B638CC4579F8B6','press_release','EF0417E00C1393C407D2E0CBC3','Press Release Title',2,NULL,20020719004548,NULL,00000000000000,'0','ic','EDDCA9DCE41A14EE5D5ABE7E3C'),('F312CAD9ACC1D06D7C6FBF6ABB','F312B7926E1BA7B9EEAAB39558','F312A7DFF0D600D4866CCD4E28','makin_director','F312B60278CEAC24F96D8A3E3E','Bambang Harto Tjahjono',2,NULL,20030131125235,NULL,00000000000000,'0','ic','F185BD3FDC5CC7989A3CED51A1'),('EF1EB74F877031D1674D254E29','EF1EB25BD481435B56271A67D2','EE163600A2BAD87965E20E9C9A','services','EE7C684145375E2988E9863A1E','Guerilla Promotion Wired Progr',1,NULL,20020912083456,NULL,00000000000000,'0','ic','EDDCA9DCE41A14EE5D5ABE7E3C'),('EF1EB78A2F6391307B4B40CA7','EF1EB25BD481435B56271A67D2','EE163600A2BAD87965E20E9C9A','services','EE81F51791C15869C3CDE187C5','Corporate Portal Solution',2,NULL,20020912083456,NULL,00000000000000,'0','ic','EDDCA9DCE41A14EE5D5ABE7E3C'),('EF1ED2C07E295A442EF97F7E48','EE7CCBBE336CC05ECCC3DEDB04','EE16354AB187B638CC4579F8B6','press_release','EF1ED26A8E84F1C8790BF05076','Press Release Baru 1',1,NULL,20020719004548,NULL,00000000000000,'0','ic','EDDCA9DCE41A14EE5D5ABE7E3C');
INSERT INTO `collection_detail` (`id`,`collection_id`,`descriptor_id`,`descriptor_name`,`article_id`,`article_desc`,`rank`,`create_by`,`create_date`,`update_by`,`update_date`,`osml_id`,`status_id`,`site_id`) VALUES ('EF1EF98116F566137969337D20','EF1EEB444F1CC7924207265864','EF1EE6CF42F37C9EA72FAE3B94','open_job','EF1EF7ECE9D2C40A656132F2E','Java Developer',1,NULL,20020719012739,NULL,00000000000000,'0','ic','EDDCA9DCE41A14EE5D5ABE7E3C'),('EF580DF78DF7665E633AAEE530','EF580C9F50774CC4BBA9C305DC','EE163600A2BAD87965E20E9C9A','services','EF580C339697C55B5E4CDB68E1','Solution Five',4,NULL,20020730033736,NULL,00000000000000,'0','ic','ED2E4202F2AE0340726C67A877'),('EF580DCF9384FCB3C1396D096C','EF580C9F50774CC4BBA9C305DC','EE163600A2BAD87965E20E9C9A','services','EF580BCBF3D3D23511CA3B2407','Solution Four',3,NULL,20020730033736,NULL,00000000000000,'0','ic','ED2E4202F2AE0340726C67A877'),('EF580DAF593C38699FA82AB6F0','EF580C9F50774CC4BBA9C305DC','EE163600A2BAD87965E20E9C9A','services','EF580B00B41345C82F8D1E1DB0','Solution Three',2,NULL,20020730033736,NULL,00000000000000,'0','ic','ED2E4202F2AE0340726C67A877'),('EF580D94202D7F1FAA2B3FB5FC','EF580C9F50774CC4BBA9C305DC','EE163600A2BAD87965E20E9C9A','services','EF580A9A97C6CC86E36D458F58','Solution Two',1,NULL,20020730033736,NULL,00000000000000,'0','ic','ED2E4202F2AE0340726C67A877');
INSERT INTO `collection_detail` (`id`,`collection_id`,`descriptor_id`,`descriptor_name`,`article_id`,`article_desc`,`rank`,`create_by`,`create_date`,`update_by`,`update_date`,`osml_id`,`status_id`,`site_id`) VALUES ('EF5C91E910213F9864A5F2AEF4','EF58A8B439BA814A7D93B240EA','EE1634B19EB64BB12485263F79','news','EF5390D19B5DD4C2F1A0A96A90','New Staff Recruitment',3,NULL,20020731003132,NULL,00000000000000,'0','ic','ED2E4202F2AE0340726C67A877'),('EF58DBDF87D9251342DE5E08D7','EF58D8599C4F377913FD8D1DB0','EE163600A2BAD87965E20E9C9A','services','EF58DA8798E54DC5055094C02F','Product Service one',1,NULL,20020730071320,NULL,00000000000000,'0','ic','ED2E4202F2AE0340726C67A877'),('EF5D5EB1EDDBF5F78BC1FC5FBE','EF5902B02CC7C4E3E55AE7B0AD','EE163600A2BAD87965E20E9C9A','services','EF580BCBF3D3D23511CA3B2407','360 Degrees Solution',2,NULL,20020731041449,NULL,00000000000000,'0','ic','ED2E4202F2AE0340726C67A877'),('EF5904F8F34795A6FDF413F6D4','EF5902B02CC7C4E3E55AE7B0AD','EE163600A2BAD87965E20E9C9A','services','EF580638377E2B7CBCCF61C0F2','Solution One',1,NULL,20020731041449,NULL,00000000000000,'0','ic','ED2E4202F2AE0340726C67A877'),('EF5C919FA3916938C365FB85A6','EF58A8B439BA814A7D93B240EA','EE1634B19EB64BB12485263F79','news','EF535DBC564E1103F7C050F192','Intercitra Website has just go online',1,NULL,20020731003132,NULL,00000000000000,'0','ic','ED2E4202F2AE0340726C67A877');
INSERT INTO `collection_detail` (`id`,`collection_id`,`descriptor_id`,`descriptor_name`,`article_id`,`article_desc`,`rank`,`create_by`,`create_date`,`update_by`,`update_date`,`osml_id`,`status_id`,`site_id`) VALUES ('EF5C920BCA187481836A1B9A25','EF58A8B439BA814A7D93B240EA','EE1634B19EB64BB12485263F79','news','EF58A470ACC7EBBC44C208BA37','Launching New Product at Plaza Senayan',4,NULL,20020731003132,NULL,00000000000000,'0','ic','ED2E4202F2AE0340726C67A877'),('EF5C922E94411DAC16A0837F68','EF58A8B439BA814A7D93B240EA','EE1634B19EB64BB12485263F79','news','EF58C66D3B65206094005BFD52','New Plasma Monitor has arrived. Huraay!',5,NULL,20020731003132,NULL,00000000000000,'0','ic','ED2E4202F2AE0340726C67A877'),('EF5C98C058D04C14A29D94372F','EF5C9801CA3FF9F3D99A20F1CD','EE16354AB187B638CC4579F8B6','press_release','EF53ADCFAAA9F6C5BAE9A8A629','Intercitra Website has just go online',1,NULL,20020731003846,NULL,00000000000000,'0','ic','ED2E4202F2AE0340726C67A877'),('EF5C98E59376DB9231198B52B','EF5C9801CA3FF9F3D99A20F1CD','EE16354AB187B638CC4579F8B6','press_release','EF579DC7668F8128FDC9D97EFE','Intecitra Websites v.1.9',2,NULL,20020731003846,NULL,00000000000000,'0','ic','ED2E4202F2AE0340726C67A877'),('EF5C99061BF4AEB4A1984FD58B','EF5C9801CA3FF9F3D99A20F1CD','EE16354AB187B638CC4579F8B6','press_release','EF579EDBE315D10BD8D3B057B0','New Staff Recruitment',3,NULL,20020731003846,NULL,00000000000000,'0','ic','ED2E4202F2AE0340726C67A877');
INSERT INTO `collection_detail` (`id`,`collection_id`,`descriptor_id`,`descriptor_name`,`article_id`,`article_desc`,`rank`,`create_by`,`create_date`,`update_by`,`update_date`,`osml_id`,`status_id`,`site_id`) VALUES ('EF5CB1EFCB2159F1504DF404F7','EF5CB147C39DE591879212AE26','EE163600A2BAD87965E20E9C9A','services','EF580638377E2B7CBCCF61C0F2','Guerilla Solution',1,NULL,20020731010643,NULL,00000000000000,'0','ic','ED2E4202F2AE0340726C67A877'),('EF5CB238E9E1FA57FF5E100348','EF5CB147C39DE591879212AE26','EE163600A2BAD87965E20E9C9A','services','EF580A9A97C6CC86E36D458F58','Integrated Solution',2,NULL,20020731010643,NULL,00000000000000,'0','ic','ED2E4202F2AE0340726C67A877'),('EF5CB25B852288E2D53F961774','EF5CB147C39DE591879212AE26','EE163600A2BAD87965E20E9C9A','services','EF580B00B41345C82F8D1E1DB0','Offline-Online Solution',3,NULL,20020731010643,NULL,00000000000000,'0','ic','ED2E4202F2AE0340726C67A877'),('EF5CB27B7161FDA1400AFA599F','EF5CB147C39DE591879212AE26','EE163600A2BAD87965E20E9C9A','services','EF580BCBF3D3D23511CA3B2407','360 Degrees Solution',4,NULL,20020731010643,NULL,00000000000000,'0','ic','ED2E4202F2AE0340726C67A877'),('EF5CB29ED78C64FA27CF17CB64','EF5CB147C39DE591879212AE26','EE163600A2BAD87965E20E9C9A','services','EF580C339697C55B5E4CDB68E1','460 Degrees Solution/Impossibl',5,NULL,20020731010643,NULL,00000000000000,'0','ic','ED2E4202F2AE0340726C67A877');
INSERT INTO `collection_detail` (`id`,`collection_id`,`descriptor_id`,`descriptor_name`,`article_id`,`article_desc`,`rank`,`create_by`,`create_date`,`update_by`,`update_date`,`osml_id`,`status_id`,`site_id`) VALUES ('EF61F7E44BEF2691763A638A97','EF61F69872E80B522B3F7D1698','EE163600A2BAD87965E20E9C9A','services','EF61F58898B017F75FED2DD3D1','360 Degrees Solution',3,NULL,20020808113351,NULL,00000000000000,'0','ic','EDDCAA0575D694D2560CC2511F'),('EF61F7C866F0D8C6141CF10640','EF61F69872E80B522B3F7D1698','EE163600A2BAD87965E20E9C9A','services','EF61F3DBC3C859321EFED5A9A6','Integrated Solution',2,NULL,20020808113351,NULL,00000000000000,'0','ic','EDDCAA0575D694D2560CC2511F'),('EF61F79DFBB81612038DF3D987','EF61F69872E80B522B3F7D1698','EE163600A2BAD87965E20E9C9A','services','EF61F2D63A9B1B817C092F7213','Guerilla Solution',1,NULL,20020808113351,NULL,00000000000000,'0','ic','EDDCAA0575D694D2560CC2511F'),('EF6202017725D8AD51413E58F1','EF62010E6C4C37EEA867611132','EE16354AB187B638CC4579F8B6','press_release','EF61F9FCDA45D2A4B00E927781','New Solution Product',1,NULL,20020801015147,NULL,00000000000000,'0','ic','EDDCAA0575D694D2560CC2511F'),('EF620225C855AF678B42A2C7A0','EF62010E6C4C37EEA867611132','EE16354AB187B638CC4579F8B6','press_release','EF61FF03C72F7260871431620F','Mobile Transaction',2,NULL,20020801015147,NULL,00000000000000,'0','ic','EDDCAA0575D694D2560CC2511F');
INSERT INTO `collection_detail` (`id`,`collection_id`,`descriptor_id`,`descriptor_name`,`article_id`,`article_desc`,`rank`,`create_by`,`create_date`,`update_by`,`update_date`,`osml_id`,`status_id`,`site_id`) VALUES ('EF62024110B062A95371CC177B','EF62010E6C4C37EEA867611132','EE16354AB187B638CC4579F8B6','press_release','EF61FFC3ACC8C7BAFE5CD98EE1','Intecitra Websites v.1.9',3,NULL,20020801015147,NULL,00000000000000,'0','ic','EDDCAA0575D694D2560CC2511F'),('EF62061559F130D279F985018B','EF62053D7884A7B7C28B461E87','EE1634B19EB64BB12485263F79','news','EF620369733BA03BA4203146','Intercitra Website has just go online',1,NULL,20020801015606,NULL,00000000000000,'0','ic','EDDCAA0575D694D2560CC2511F'),('EF62063380454F28AC5F0419BA','EF62053D7884A7B7C28B461E87','EE1634B19EB64BB12485263F79','news','EF62049CD370233869FB24C393','Launching New Product at Plaza Senayan',2,NULL,20020801015606,NULL,00000000000000,'0','ic','EDDCAA0575D694D2560CC2511F'),('EF62082F8FC50E132291E79AA7','EF620774DA99A708D10B48F528','EE163600A2BAD87965E20E9C9A','services','EF61F3DBC3C859321EFED5A9A6','Integrated Solution',1,NULL,20020801015835,NULL,00000000000000,'0','ic','EDDCAA0575D694D2560CC2511F'),('EF62084F2C57F4357CBCA28F3','EF620774DA99A708D10B48F528','EE163600A2BAD87965E20E9C9A','services','EF61F58898B017F75FED2DD3D1','360 Degrees Solution',2,NULL,20020801015835,NULL,00000000000000,'0','ic','EDDCAA0575D694D2560CC2511F');
INSERT INTO `collection_detail` (`id`,`collection_id`,`descriptor_id`,`descriptor_name`,`article_id`,`article_desc`,`rank`,`create_by`,`create_date`,`update_by`,`update_date`,`osml_id`,`status_id`,`site_id`) VALUES ('EF620870FD97C379591D7EB1D1','EF620774DA99A708D10B48F528','EE163600A2BAD87965E20E9C9A','services','EF61F2D63A9B1B817C092F7213','Guerilla Solution',3,NULL,20020801015835,NULL,00000000000000,'0','ic','EDDCAA0575D694D2560CC2511F'),('EF6294BC352A49F9896B8C5612','EF6293FFACC7928F2CCCCA37B1','EE1634B19EB64BB12485263F79','news','EF628B7C1BD4FA05A98C18CAF4','Websites now is online',1,NULL,20020801043158,NULL,00000000000000,'0','ic','EF62687CC1170D25FC73E0051C'),('EF6294E3843A9895348D2E9D03','EF6293FFACC7928F2CCCCA37B1','EE1634B19EB64BB12485263F79','news','EF628EF2856A46CA6B3C5EA439','Mobile Transaction',2,NULL,20020801043158,NULL,00000000000000,'0','ic','EF62687CC1170D25FC73E0051C'),('EF6687B51CFC22DCD623C527D5','EF668717A39DDB0F1D4DF9F526','EE163600A2BAD87965E20E9C9A','services','EF62A61FDEC343F346D6F23BCF','Guerilla Solutions',1,NULL,20020801225628,NULL,00000000000000,'0','ic','EF62687CC1170D25FC73E0051C'),('EF62A4CF523DA0A7DC10D26303','EF62A08AAB45C4D0CC1FC6CE06','EE16354AB187B638CC4579F8B6','press_release','EF629929253C079CC28ED0D598','Most Prefered Consultant Reviewed By AsiaWeek 2002',2,NULL,20020801223336,NULL,00000000000000,'0','ic','EF62687CC1170D25FC73E0051C');
INSERT INTO `collection_detail` (`id`,`collection_id`,`descriptor_id`,`descriptor_name`,`article_id`,`article_desc`,`rank`,`create_by`,`create_date`,`update_by`,`update_date`,`osml_id`,`status_id`,`site_id`) VALUES ('EF62A4A8CF191E1AC7288A05A8','EF62A08AAB45C4D0CC1FC6CE06','EE16354AB187B638CC4579F8B6','press_release','EF62957813994CE45496B0A980','New Solution Product from Intercitra',1,NULL,20020801223336,NULL,00000000000000,'0','ic','EF62687CC1170D25FC73E0051C'),('EF62AD1E56E4506D7EA788F10F','EF62ABFFD639CEDC6F503B678','EE163600A2BAD87965E20E9C9A','services','EF62A61FDEC343F346D6F23BCF','Guerilla Solutions',1,NULL,20020801045907,NULL,00000000000000,'0','ic','EF62687CC1170D25FC73E0051C'),('EF62AD3F0D2F2AF5D4BD6B61AD','EF62ABFFD639CEDC6F503B678','EE163600A2BAD87965E20E9C9A','services','EF62A8037310E14AD6249180A3','Integrated Solution',2,NULL,20020801045907,NULL,00000000000000,'0','ic','EF62687CC1170D25FC73E0051C'),('EF62AD5A078524D4FC58438C40','EF62ABFFD639CEDC6F503B678','EE163600A2BAD87965E20E9C9A','services','EF62A903FBF28EB04E90461810','360 Degrees',3,NULL,20020801045907,NULL,00000000000000,'0','ic','EF62687CC1170D25FC73E0051C'),('EF62AD77EF893FF07D65085381','EF62ABFFD639CEDC6F503B678','EE163600A2BAD87965E20E9C9A','services','EF62AA52F1B1F3782F64E3FABC','CMS Solution',4,NULL,20020801045907,NULL,00000000000000,'0','ic','EF62687CC1170D25FC73E0051C');
INSERT INTO `collection_detail` (`id`,`collection_id`,`descriptor_id`,`descriptor_name`,`article_id`,`article_desc`,`rank`,`create_by`,`create_date`,`update_by`,`update_date`,`osml_id`,`status_id`,`site_id`) VALUES ('EF62ADC0DF162CB898CFC60129','EF62ABFFD639CEDC6F503B678','EE163600A2BAD87965E20E9C9A','services','EF62AB63677999BD325F7F8475','Offline-Online Solution',5,NULL,20020801045907,NULL,00000000000000,'0','ic','EF62687CC1170D25FC73E0051C'),('EF633B0A002AB84DD4BBC82DDA','EF633A256C589D6A8ED8B8A941','EE16354AB187B638CC4579F8B6','press_release','EF629F22FD3F4054A45F835B57','Discount for Integrated Solution',1,NULL,20020801224837,NULL,00000000000000,'0','ic','EF62687CC1170D25FC73E0051C'),('EF6687D5653DDCD0DD4CCF2B24','EF668717A39DDB0F1D4DF9F526','EE163600A2BAD87965E20E9C9A','services','EF62A8037310E14AD6249180A3','Integrated Solution',2,NULL,20020801225628,NULL,00000000000000,'0','ic','EF62687CC1170D25FC73E0051C'),('EF6687F2FF8B084CAA3698C5A7','EF668717A39DDB0F1D4DF9F526','EE163600A2BAD87965E20E9C9A','services','EF62A903FBF28EB04E90461810','360 Degrees',3,NULL,20020801225628,NULL,00000000000000,'0','ic','EF62687CC1170D25FC73E0051C'),('EF668A34168B54984626A7A4B3','EF66892594573B88F1A1CEC0F3','EE163600A2BAD87965E20E9C9A','services','EF62A61FDEC343F346D6F23BCF','Guerilla Solutions',1,NULL,20020801225908,NULL,00000000000000,'0','ic','EF62687CC1170D25FC73E0051C');
INSERT INTO `collection_detail` (`id`,`collection_id`,`descriptor_id`,`descriptor_name`,`article_id`,`article_desc`,`rank`,`create_by`,`create_date`,`update_by`,`update_date`,`osml_id`,`status_id`,`site_id`) VALUES ('EF668A4C519F0DB7F7FD6C3F70','EF66892594573B88F1A1CEC0F3','EE163600A2BAD87965E20E9C9A','services','EF62A8037310E14AD6249180A3','Integrated Solution',2,NULL,20020801225908,NULL,00000000000000,'0','ic','EF62687CC1170D25FC73E0051C'),('EF668A6269BEADC9F1337E88E2','EF66892594573B88F1A1CEC0F3','EE163600A2BAD87965E20E9C9A','services','EF62A903FBF28EB04E90461810','360 Degrees',3,NULL,20020801225908,NULL,00000000000000,'0','ic','EF62687CC1170D25FC73E0051C'),('EF668A782458E6EF31F5A0E7D3','EF66892594573B88F1A1CEC0F3','EE163600A2BAD87965E20E9C9A','services','EF62AA52F1B1F3782F64E3FABC','CMS Solution',4,NULL,20020801225908,NULL,00000000000000,'0','ic','EF62687CC1170D25FC73E0051C'),('EF668A90AD70CC8B50D5A5BED8','EF66892594573B88F1A1CEC0F3','EE163600A2BAD87965E20E9C9A','services','EF62AB63677999BD325F7F8475','Off-On Solution',5,NULL,20020801225908,NULL,00000000000000,'0','ic','EF62687CC1170D25FC73E0051C'),('EF670667AE907F9331D057C38E','EF6704F9D5930E81F3D8232AA0','EE1634B19EB64BB12485263F79','news','EF628B7C1BD4FA05A98C18CAF4','Websites now is online',1,NULL,20020802011436,NULL,00000000000000,'0','ic','EF62687CC1170D25FC73E0051C');
INSERT INTO `collection_detail` (`id`,`collection_id`,`descriptor_id`,`descriptor_name`,`article_id`,`article_desc`,`rank`,`create_by`,`create_date`,`update_by`,`update_date`,`osml_id`,`status_id`,`site_id`) VALUES ('EF670683B1ECB06F2082CEDFCC','EF6704F9D5930E81F3D8232AA0','EE1634B19EB64BB12485263F79','news','EF628EF2856A46CA6B3C5EA439','Mobile Transaction',2,NULL,20020802011436,NULL,00000000000000,'0','ic','EF62687CC1170D25FC73E0051C'),('EF6706997C80ACB8AD723198B2','EF6704F9D5930E81F3D8232AA0','EE1634B19EB64BB12485263F79','news','EF6290FC202E01C574058CBCFB','Guerilla Solutions',3,NULL,20020802011436,NULL,00000000000000,'0','ic','EF62687CC1170D25FC73E0051C'),('EF670D51B3F7CFF4F41B76AE30','EF670C78C784ECA3E832D49F41','EE16354AB187B638CC4579F8B6','press_release','EF62957813994CE45496B0A980','New Solution Product from Intercitra',1,NULL,20020802012213,NULL,00000000000000,'0','ic','EF62687CC1170D25FC73E0051C'),('EF670D71BE3BB1C3F8FA82ECC3','EF670C78C784ECA3E832D49F41','EE16354AB187B638CC4579F8B6','press_release','EF629929253C079CC28ED0D598','Most Prefered Consultant Reviewed By AsiaWeek 2002',2,NULL,20020802012213,NULL,00000000000000,'0','ic','EF62687CC1170D25FC73E0051C'),('EF670D86BDF8BB41B0C2602D66','EF670C78C784ECA3E832D49F41','EE16354AB187B638CC4579F8B6','press_release','EF629F22FD3F4054A45F835B57','Discount for Integrated Solution',3,NULL,20020802012213,NULL,00000000000000,'0','ic','EF62687CC1170D25FC73E0051C');
INSERT INTO `collection_detail` (`id`,`collection_id`,`descriptor_id`,`descriptor_name`,`article_id`,`article_desc`,`rank`,`create_by`,`create_date`,`update_by`,`update_date`,`osml_id`,`status_id`,`site_id`) VALUES ('EF76E3283BE2168D644AD1F8F8','EF76DEAB4E65F944FC318B10F2','EF76BA4ED5D8F2A21B1933A750','about_us','EF76D47B8479BB1EC65F74D4F1','Company Background',5,NULL,20020805031936,NULL,00000000000000,'0','ic','ED2E4202F2AE0340726C67A877'),('EF76E3B74C305B9D494F9BC01','EF76DEAB4E65F944FC318B10F2','EF76BA4ED5D8F2A21B1933A750','about_us','EF76D8BA3F7CF6E0D3DFDDE402','Our Commitment',4,NULL,20020805031936,NULL,00000000000000,'0','ic','ED2E4202F2AE0340726C67A877'),('EF76E39889FAE2CC8DE9802FD','EF76DEAB4E65F944FC318B10F2','EF76BA4ED5D8F2A21B1933A750','about_us','EF76D840F830F0B3704D90DC28','Our Solution Approach',3,NULL,20020805031936,NULL,00000000000000,'0','ic','ED2E4202F2AE0340726C67A877'),('EF76E37A04BCFBD3F6CB049A11','EF76DEAB4E65F944FC318B10F2','EF76BA4ED5D8F2A21B1933A750','about_us','EF76D78672ABC1783709CBBDE9','Our Approach',2,NULL,20020805031936,NULL,00000000000000,'0','ic','ED2E4202F2AE0340726C67A877'),('EF76E35DA3754B775594C36537','EF76DEAB4E65F944FC318B10F2','EF76BA4ED5D8F2A21B1933A750','about_us','EF76D65787AD054C8D116D1EF4','Our Vision',1,NULL,20020805031936,NULL,00000000000000,'0','ic','ED2E4202F2AE0340726C67A877');
INSERT INTO `collection_detail` (`id`,`collection_id`,`descriptor_id`,`descriptor_name`,`article_id`,`article_desc`,`rank`,`create_by`,`create_date`,`update_by`,`update_date`,`osml_id`,`status_id`,`site_id`) VALUES ('EF76F13CD85BABFC1021A9FAD7','EF76F0C602372C01717F4AD69B','EF76BA4ED5D8F2A21B1933A750','about_us','EF76EDE2A111EFC6CDE050C348','Company Background',1,NULL,20020805032532,NULL,00000000000000,'0','ic','EF62687CC1170D25FC73E0051C'),('EF76F15FD19A188AD6084E8820','EF76F0C602372C01717F4AD69B','EF76BA4ED5D8F2A21B1933A750','about_us','EF76EFB156B3BD1E2EE605D114','Our Vision',2,NULL,20020805032532,NULL,00000000000000,'0','ic','EF62687CC1170D25FC73E0051C'),('EF76F1821EA56750C6D0173548','EF76F0C602372C01717F4AD69B','EF76BA4ED5D8F2A21B1933A750','about_us','EF76F003CBBCFB33A7DE1F7F40','Our Approach',3,NULL,20020805032532,NULL,00000000000000,'0','ic','EF62687CC1170D25FC73E0051C'),('EF77104B486D72183F9F431D74','EF770FC06E8EF90EA0E86B7EF4','EF76BA4ED5D8F2A21B1933A750','about_us','EF770E1DE9957C994CB59A419A','Our Vision',1,NULL,20020805035918,NULL,00000000000000,'0','ic','EE1B28DE85CED7258C4D46D2E2'),('EF771061518EE1F554946D1089','EF770FC06E8EF90EA0E86B7EF4','EF76BA4ED5D8F2A21B1933A750','about_us','EF770EF25047B401AD4CC59192','Our Mission',2,NULL,20020805035918,NULL,00000000000000,'0','ic','EE1B28DE85CED7258C4D46D2E2');
INSERT INTO `collection_detail` (`id`,`collection_id`,`descriptor_id`,`descriptor_name`,`article_id`,`article_desc`,`rank`,`create_by`,`create_date`,`update_by`,`update_date`,`osml_id`,`status_id`,`site_id`) VALUES ('EF77107612C541A16EB453A60A','EF770FC06E8EF90EA0E86B7EF4','EF76BA4ED5D8F2A21B1933A750','about_us','EF770F4E898F5649DAFBC2CCA7','Our Approach',3,NULL,20020805035918,NULL,00000000000000,'0','ic','EE1B28DE85CED7258C4D46D2E2'),('EF7718ED00C09FADA7EB50BE98','EF771865DE82B9AE726ACF15BC','EE163600A2BAD87965E20E9C9A','services','EF7712C6D8F2D0CF72470FC290','Guerilla Solution',1,NULL,20020805040848,NULL,00000000000000,'0','ic','EE1B28DE85CED7258C4D46D2E2'),('EF771906F1831B9D4C30C5CF4D','EF771865DE82B9AE726ACF15BC','EE163600A2BAD87965E20E9C9A','services','EF771663D4C828285B493C4E87','Deluxe Solution',2,NULL,20020805040848,NULL,00000000000000,'0','ic','EE1B28DE85CED7258C4D46D2E2'),('EF7719249AD5121880E042AC38','EF771865DE82B9AE726ACF15BC','EE163600A2BAD87965E20E9C9A','services','EF771797B13278072B04FD8142','360 Degrees Solution',3,NULL,20020805040848,NULL,00000000000000,'0','ic','EE1B28DE85CED7258C4D46D2E2'),('EF774D83C58B8AA1ED1020B459','EF774C7D03E84F326EDC640E5F','EE163600A2BAD87965E20E9C9A','services','EF7712C6D8F2D0CF72470FC290','Guerilla Solution',1,NULL,20020805050642,NULL,00000000000000,'0','ic','EE1B28DE85CED7258C4D46D2E2');
INSERT INTO `collection_detail` (`id`,`collection_id`,`descriptor_id`,`descriptor_name`,`article_id`,`article_desc`,`rank`,`create_by`,`create_date`,`update_by`,`update_date`,`osml_id`,`status_id`,`site_id`) VALUES ('EF774DB3BE2E9845517358FFD4','EF774C7D03E84F326EDC640E5F','EE163600A2BAD87965E20E9C9A','services','EF77157D7C6689524396E625FD','180 Degrees Solutions',2,NULL,20020805050642,NULL,00000000000000,'0','ic','EE1B28DE85CED7258C4D46D2E2'),('EF774E093192E50E3BD806F7DB','EF774C7D03E84F326EDC640E5F','EE163600A2BAD87965E20E9C9A','services','EF77149A8ED66E9A456D827119','Offline-Online-Inline Solution',3,NULL,20020805050642,NULL,00000000000000,'0','ic','EE1B28DE85CED7258C4D46D2E2'),('EF774E22F397F6BC9A982956DE','EF774C7D03E84F326EDC640E5F','EE163600A2BAD87965E20E9C9A','services','EF771797B13278072B04FD8142','360 Degrees Solution',4,NULL,20020805050642,NULL,00000000000000,'0','ic','EE1B28DE85CED7258C4D46D2E2'),('EF775FA2DE76B6E0109208CE84','EF775DC852350BB4108EF6BD48','EE163600A2BAD87965E20E9C9A','services','EF771663D4C828285B493C4E87','Deluxe Solution',4,NULL,20020805053548,NULL,00000000000000,'0','ic','EE1B28DE85CED7258C4D46D2E2'),('EF775F7779371EAC3C2EF9A9FF','EF775DC852350BB4108EF6BD48','EE163600A2BAD87965E20E9C9A','services','EF771797B13278072B04FD8142','360 Degrees Solution',3,NULL,20020805053548,NULL,00000000000000,'0','ic','EE1B28DE85CED7258C4D46D2E2');
INSERT INTO `collection_detail` (`id`,`collection_id`,`descriptor_id`,`descriptor_name`,`article_id`,`article_desc`,`rank`,`create_by`,`create_date`,`update_by`,`update_date`,`osml_id`,`status_id`,`site_id`) VALUES ('EF775F5C6F2768F07B43905CE9','EF775DC852350BB4108EF6BD48','EE163600A2BAD87965E20E9C9A','services','EF77157D7C6689524396E625FD','180 Degrees Solutions',2,NULL,20020805053548,NULL,00000000000000,'0','ic','EE1B28DE85CED7258C4D46D2E2'),('EF775F3DBBEE02165E71E61DC9','EF775DC852350BB4108EF6BD48','EE163600A2BAD87965E20E9C9A','services','EF7712C6D8F2D0CF72470FC290','Guerilla Solution',1,NULL,20020805053548,NULL,00000000000000,'0','ic','EE1B28DE85CED7258C4D46D2E2'),('EF776E691882422F564E934435','EF776DA97229A12BB7901E9EEE','EE16354AB187B638CC4579F8B6','press_release','EF776AA68230F6EAD435FFC067','Intercitra Website has just go on-line',1,NULL,20020805054207,NULL,00000000000000,'0','ic','EE1B28DE85CED7258C4D46D2E2'),('EF776E803A90DE1EAB23DABF49','EF776DA97229A12BB7901E9EEE','EE16354AB187B638CC4579F8B6','press_release','EF776BCA9F9A8AEC068DAA6720','Pre-beta test for Intercitra Website',2,NULL,20020805054207,NULL,00000000000000,'0','ic','EE1B28DE85CED7258C4D46D2E2'),('EF776E95F4DEB39F720B722093','EF776DA97229A12BB7901E9EEE','EE16354AB187B638CC4579F8B6','press_release','EF776CA5215495A223809C8EA','Contents Managment Tutorial',3,NULL,20020805054207,NULL,00000000000000,'0','ic','EE1B28DE85CED7258C4D46D2E2');
INSERT INTO `collection_detail` (`id`,`collection_id`,`descriptor_id`,`descriptor_name`,`article_id`,`article_desc`,`rank`,`create_by`,`create_date`,`update_by`,`update_date`,`osml_id`,`status_id`,`site_id`) VALUES ('EF776FE79A2282E23EE581A19D','EF776F524038C0A0701BD2751C','EE16354AB187B638CC4579F8B6','press_release','EF776AA68230F6EAD435FFC067','Intercitra Website has just go on-line',1,NULL,20020805054339,NULL,00000000000000,'0','ic','EE1B28DE85CED7258C4D46D2E2'),('EF776FFECBA7AEA1FDA05D3029','EF776F524038C0A0701BD2751C','EE16354AB187B638CC4579F8B6','press_release','EF776BCA9F9A8AEC068DAA6720','Pre-beta test for Intercitra Website',2,NULL,20020805054339,NULL,00000000000000,'0','ic','EE1B28DE85CED7258C4D46D2E2'),('EF877CC97D754AEF6C1107D827','EF877C16F3E59D308B85284D46','EE1634B19EB64BB12485263F79','news','EF620369733BA03BA4203146','Intercitra Website has just go online',1,NULL,20020808083140,NULL,00000000000000,'0','ic','EDDCAA0575D694D2560CC2511F'),('EF7B01C956C6BF72CF8981186E','EF7B00DDED2FDABD09CD662C65','EE163600A2BAD87965E20E9C9A','services','EF771663D4C828285B493C4E87','Deluxe Solution',2,NULL,20020805225149,NULL,00000000000000,'0','ic','EE1B28DE85CED7258C4D46D2E2'),('EF7B01A9A985C15C64C48DA121','EF7B00DDED2FDABD09CD662C65','EE163600A2BAD87965E20E9C9A','services','EF77157D7C6689524396E625FD','180 Degrees Solutions',1,NULL,20020805225149,NULL,00000000000000,'0','ic','EE1B28DE85CED7258C4D46D2E2');
INSERT INTO `collection_detail` (`id`,`collection_id`,`descriptor_id`,`descriptor_name`,`article_id`,`article_desc`,`rank`,`create_by`,`create_date`,`update_by`,`update_date`,`osml_id`,`status_id`,`site_id`) VALUES ('EF7B142E81E1381101370BA791','EF7B1369BAAA94553E83D3C23E','EE1634B19EB64BB12485263F79','news','EF7B0F85354370D2325518A153','Soft Launching',1,NULL,20020805224204,NULL,00000000000000,'0','ic','EE1B28DE85CED7258C4D46D2E2'),('EF7B1445075049F66765E2D4B','EF7B1369BAAA94553E83D3C23E','EE1634B19EB64BB12485263F79','news','EF7B10F4B3301D0DEE8C85AC8E','Bubu Awards',2,NULL,20020805224204,NULL,00000000000000,'0','ic','EE1B28DE85CED7258C4D46D2E2'),('EF7B145C578AF21BAF5070FC38','EF7B1369BAAA94553E83D3C23E','EE1634B19EB64BB12485263F79','news','EF7B128AB4FE38C92ACD0BFF29','5 Tricks How To Success',3,NULL,20020805224204,NULL,00000000000000,'0','ic','EE1B28DE85CED7258C4D46D2E2'),('EF7B167AE29A9F2A3105E9B3B5','EF7B157A3BBA63A103A7417FEA','EE1634B19EB64BB12485263F79','news','EF7B10F4B3301D0DEE8C85AC8E','Bubu Awards',1,NULL,20020805224430,NULL,00000000000000,'0','ic','EE1B28DE85CED7258C4D46D2E2'),('EF7B1695DCAAB2D4BFA35E46CC','EF7B157A3BBA63A103A7417FEA','EE1634B19EB64BB12485263F79','news','EF7B128AB4FE38C92ACD0BFF29','5 Tricks How To Success',2,NULL,20020805224430,NULL,00000000000000,'0','ic','EE1B28DE85CED7258C4D46D2E2');
INSERT INTO `collection_detail` (`id`,`collection_id`,`descriptor_id`,`descriptor_name`,`article_id`,`article_desc`,`rank`,`create_by`,`create_date`,`update_by`,`update_date`,`osml_id`,`status_id`,`site_id`) VALUES ('EF877CE2867DDED960A7B60491','EF877C16F3E59D308B85284D46','EE1634B19EB64BB12485263F79','news','EF62049CD370233869FB24C393','Launching New Product at Plaza Senayan',2,NULL,20020808083140,NULL,00000000000000,'0','ic','EDDCAA0575D694D2560CC2511F'),('EF877FF281789A39FA8B3CD8D2','EF877DD13084F34A4E13E123C7','EE16354AB187B638CC4579F8B6','press_release','EF61F9FCDA45D2A4B00E927781','New Solution Product',1,NULL,20020808083517,NULL,00000000000000,'0','ic','EDDCAA0575D694D2560CC2511F'),('EF878009778366EA2A8A1574F2','EF877DD13084F34A4E13E123C7','EE16354AB187B638CC4579F8B6','press_release','EF61FF03C72F7260871431620F','Mobile Transaction',2,NULL,20020808083517,NULL,00000000000000,'0','ic','EDDCAA0575D694D2560CC2511F'),('EF8780321CE6E2B05EAF2CA07D','EF877DD13084F34A4E13E123C7','EE16354AB187B638CC4579F8B6','press_release','EF61FFC3ACC8C7BAFE5CD98EE1','Intecitra Websites v.1.9',3,NULL,20020808083517,NULL,00000000000000,'0','ic','EDDCAA0575D694D2560CC2511F'),('EF87C8F427C06D6501A97D7070','EF87C834C829B55008B5659662','EE163600A2BAD87965E20E9C9A','services','EF61F3DBC3C859321EFED5A9A6','Integrated Solution',1,NULL,20020808095457,NULL,00000000000000,'0','ic','EDDCAA0575D694D2560CC2511F');
INSERT INTO `collection_detail` (`id`,`collection_id`,`descriptor_id`,`descriptor_name`,`article_id`,`article_desc`,`rank`,`create_by`,`create_date`,`update_by`,`update_date`,`osml_id`,`status_id`,`site_id`) VALUES ('EF87C91C86F5122F3DB0E5F4AE','EF87C834C829B55008B5659662','EE163600A2BAD87965E20E9C9A','services','EF61F2D63A9B1B817C092F7213','Guerilla Solution',2,NULL,20020808095457,NULL,00000000000000,'0','ic','EDDCAA0575D694D2560CC2511F'),('EF87CA053D4969D38828442802','EF87C954124BE5827E8C5ED93D','EE163600A2BAD87965E20E9C9A','services','EF61F58898B017F75FED2DD3D1','360 Degrees Solution',1,NULL,20020808095602,NULL,00000000000000,'0','ic','EDDCAA0575D694D2560CC2511F'),('EF87CA2081A2BCD5CA7BC3315A','EF87C954124BE5827E8C5ED93D','EE163600A2BAD87965E20E9C9A','services','EF61F3DBC3C859321EFED5A9A6','Integrated Solution',2,NULL,20020808095602,NULL,00000000000000,'0','ic','EDDCAA0575D694D2560CC2511F'),('EF87E66959F9B682173AFFC69A','EF87E5E89B29E72B13DA8407BA','EF76BA4ED5D8F2A21B1933A750','about_us','EF87D849EA4A59339594E7F845','Our Vission',1,NULL,20020808102707,NULL,00000000000000,'0','ic','EDDCAA0575D694D2560CC2511F'),('EF87E681B81292B112CE623560','EF87E5E89B29E72B13DA8407BA','EF76BA4ED5D8F2A21B1933A750','about_us','EF87D8FE18D371CB032236A360','Company Background',2,NULL,20020808102707,NULL,00000000000000,'0','ic','EDDCAA0575D694D2560CC2511F');
INSERT INTO `collection_detail` (`id`,`collection_id`,`descriptor_id`,`descriptor_name`,`article_id`,`article_desc`,`rank`,`create_by`,`create_date`,`update_by`,`update_date`,`osml_id`,`status_id`,`site_id`) VALUES ('EF87E699269C4EBAF8FFA9FA95','EF87E5E89B29E72B13DA8407BA','EF76BA4ED5D8F2A21B1933A750','about_us','EF87E57386423584690F3AED17','Our Mission',3,NULL,20020808102707,NULL,00000000000000,'0','ic','EDDCAA0575D694D2560CC2511F'),('EF8E3BE85534134DF6BD28D7F0','EF8E3B3AB9F109C7BF163C0AD7','EE163600A2BAD87965E20E9C9A','services','EF8E38F1D2CF3B7DB7749F37B9','New Service 1',1,NULL,20020809155817,NULL,00000000000000,'0','ic','EF8E260F5EE7A2E8ECE6F2F3A3'),('EF8E3C017C14AADA3705727D43','EF8E3B3AB9F109C7BF163C0AD7','EE163600A2BAD87965E20E9C9A','services','EF8E39B632FA978A9C44E5006F','Our Service 2',2,NULL,20020809155817,NULL,00000000000000,'0','ic','EF8E260F5EE7A2E8ECE6F2F3A3'),('EF8E3C171E519F71E7EF034A6F','EF8E3B3AB9F109C7BF163C0AD7','EE163600A2BAD87965E20E9C9A','services','EF8E3A44C9BC8168B1E2DC6C11','Our Service Number 3',3,NULL,20020809155817,NULL,00000000000000,'0','ic','EF8E260F5EE7A2E8ECE6F2F3A3'),('EF8E3CDB39302AE1334739EB7C','EF8E3C4ADFBDFB74192B71CB43','EE1634B19EB64BB12485263F79','news','EF8E326DAE2D9752163E9DF60A','Intercitra website has just go online this december 2002',1,NULL,20020809155910,NULL,00000000000000,'0','ic','EF8E260F5EE7A2E8ECE6F2F3A3');
INSERT INTO `collection_detail` (`id`,`collection_id`,`descriptor_id`,`descriptor_name`,`article_id`,`article_desc`,`rank`,`create_by`,`create_date`,`update_by`,`update_date`,`osml_id`,`status_id`,`site_id`) VALUES ('EF8E3CF49237A4FEBCC7C645E3','EF8E3C4ADFBDFB74192B71CB43','EE1634B19EB64BB12485263F79','news','EF8E34A1B26577603BCC07EF52','Our Guerilla Product has been promote since april 2002',2,NULL,20020809155910,NULL,00000000000000,'0','ic','EF8E260F5EE7A2E8ECE6F2F3A3'),('EF8E3D9F997302A1B19A51345C','EF8E3D1D196B477841A58FC9A0','EE16354AB187B638CC4579F8B6','press_release','EF8E3765FA60D6E6E3F23BD5FA','Our Press Release News 1',1,NULL,20020809160000,NULL,00000000000000,'0','ic','EF8E260F5EE7A2E8ECE6F2F3A3'),('EF8E3DB65D7DD0036A1863B929','EF8E3D1D196B477841A58FC9A0','EE16354AB187B638CC4579F8B6','press_release','EF8E383A5A50A95D2F360D4CB6','Our Press Release News 2',2,NULL,20020809160000,NULL,00000000000000,'0','ic','EF8E260F5EE7A2E8ECE6F2F3A3'),('EF8E3F69CCB01D838A26F70EF0','EF8E3EDA4FE70036E202E26581','EF1EE6CF42F37C9EA72FAE3B94','open_job','EF8E3DFB8756AAC9A08A37A4DE','Java Developer',1,NULL,20020809160156,NULL,00000000000000,'0','ic','EF8E260F5EE7A2E8ECE6F2F3A3'),('EF8E3F7ED7E5869CC693800CAE','EF8E3EDA4FE70036E202E26581','EF1EE6CF42F37C9EA72FAE3B94','open_job','EF8E3E604C996AD28FBBE57424','Secretary',2,NULL,20020809160156,NULL,00000000000000,'0','ic','EF8E260F5EE7A2E8ECE6F2F3A3');
INSERT INTO `collection_detail` (`id`,`collection_id`,`descriptor_id`,`descriptor_name`,`article_id`,`article_desc`,`rank`,`create_by`,`create_date`,`update_by`,`update_date`,`osml_id`,`status_id`,`site_id`) VALUES ('EF8E402247EE72D48575798273','EF8E3FA2E9F723DB325F6A7D02','EF76BA4ED5D8F2A21B1933A750','about_us','EF8E2F12DE12AC404BF06CFB3C','Company Background',1,NULL,20020809160313,NULL,00000000000000,'0','ic','EF8E260F5EE7A2E8ECE6F2F3A3'),('EF8E403B5B817E6A206C9F57F8','EF8E3FA2E9F723DB325F6A7D02','EF76BA4ED5D8F2A21B1933A750','about_us','EF8E31446BD15C1F77534D61A9','Our Mission',2,NULL,20020809160313,NULL,00000000000000,'0','ic','EF8E260F5EE7A2E8ECE6F2F3A3'),('EF8E40A5EAFB3F7077F576A418','EF8E3FA2E9F723DB325F6A7D02','EF76BA4ED5D8F2A21B1933A750','about_us','EF8E31AF72C76E887D3AC99B6C','Our Approach',3,NULL,20020809160313,NULL,00000000000000,'0','ic','EF8E260F5EE7A2E8ECE6F2F3A3'),('EF8E43E5E42056A7FD5BC02979','EF8E433D0E138F733F2D166C00','EF1EE6CF42F37C9EA72FAE3B94','open_job','EF8E3DFB8756AAC9A08A37A4DE','Java Developer',1,NULL,20020809160651,NULL,00000000000000,'0','ic','EF8E260F5EE7A2E8ECE6F2F3A3'),('EF8E43FCE5A75811C390D41609','EF8E433D0E138F733F2D166C00','EF1EE6CF42F37C9EA72FAE3B94','open_job','EF8E3E604C996AD28FBBE57424','Secretary',2,NULL,20020809160651,NULL,00000000000000,'0','ic','EF8E260F5EE7A2E8ECE6F2F3A3');
INSERT INTO `collection_detail` (`id`,`collection_id`,`descriptor_id`,`descriptor_name`,`article_id`,`article_desc`,`rank`,`create_by`,`create_date`,`update_by`,`update_date`,`osml_id`,`status_id`,`site_id`) VALUES ('EF8E442F3D90F8F27B0E59FF45','EF8E42AF4ADA1F31E1F62D5525','EE1634B19EB64BB12485263F79','news','EF8E326DAE2D9752163E9DF60A','Intercitra website has just go online this december 2002',1,NULL,20020809160728,NULL,00000000000000,'0','ic','EF8E260F5EE7A2E8ECE6F2F3A3'),('EF8E44804B4ACCC280B53B437D','EF8E42AF4ADA1F31E1F62D5525','EE1634B19EB64BB12485263F79','news','EF8E34A1B26577603BCC07EF52','Our Guerilla Product has been promote since april 2002',2,NULL,20020809160728,NULL,00000000000000,'0','ic','EF8E260F5EE7A2E8ECE6F2F3A3'),('EF8E44C203C8FA61B9E7ED3BD1','EF8E42301D17943E5955D9AA44','EE16354AB187B638CC4579F8B6','press_release','EF8E3765FA60D6E6E3F23BD5FA','Our Press Release News 1',1,NULL,20020809160748,NULL,00000000000000,'0','ic','EF8E260F5EE7A2E8ECE6F2F3A3'),('EF8E44DA6C5360AC764BE96FE6','EF8E42301D17943E5955D9AA44','EE16354AB187B638CC4579F8B6','press_release','EF8E383A5A50A95D2F360D4CB6','Our Press Release News 2',2,NULL,20020809160748,NULL,00000000000000,'0','ic','EF8E260F5EE7A2E8ECE6F2F3A3'),('F0E7130F3CAD59F240FE3DCFA1','EFABD73B9F5C8A2AFC1BC06327','EF76BA4ED5D8F2A21B1933A750','about_us','EFABD7A227D67449CDC27C9DE7','Company Background',1,NULL,20021015150232,NULL,00000000000000,'0','ic','EDDCA9DCE41A14EE5D5ABE7E3C');
INSERT INTO `collection_detail` (`id`,`collection_id`,`descriptor_id`,`descriptor_name`,`article_id`,`article_desc`,`rank`,`create_by`,`create_date`,`update_by`,`update_date`,`osml_id`,`status_id`,`site_id`) VALUES ('F312BEEADDE6BB08957F261853','F312B7926E1BA7B9EEAAB39558','F312A7DFF0D600D4866CCD4E28','makin_director','F312B3113B9A55D45AE41B5F73','Susilo Wonowidjoyo',1,NULL,20030131125235,NULL,00000000000000,'0','ic','F185BD3FDC5CC7989A3CED51A1'),('F312F5E2D3155684108BEAA3E0','F30D64A967EC8A114463B155EC','EF76BA4ED5D8F2A21B1933A750','about_us','F312E75F10981CEE04AE42D1B','Sejarah Singkat PT Makin',1,NULL,20030131133941,NULL,00000000000000,'0','ic','F185BD3FDC5CC7989A3CED51A1'),('F312F5FBAAA8507CE651AE5C44','F30D64A967EC8A114463B155EC','EF76BA4ED5D8F2A21B1933A750','about_us','F312E9B7586BBD7815262A2F68','Visi',2,NULL,20030131133941,NULL,00000000000000,'0','ic','F185BD3FDC5CC7989A3CED51A1'),('F312F611A3873C3805FD8D1E2B','F30D64A967EC8A114463B155EC','EF76BA4ED5D8F2A21B1933A750','about_us','F312EA5984D494E8177B0A51D1','Strategi Bisnis',3,NULL,20030131133941,NULL,00000000000000,'0','ic','F185BD3FDC5CC7989A3CED51A1'),('F312F6263541A29151B5B957AA','F30D64A967EC8A114463B155EC','EF76BA4ED5D8F2A21B1933A750','about_us','F312EF1D0F94F52BE459F19661','Bisnis Inti',4,NULL,20030131133941,NULL,00000000000000,'0','ic','F185BD3FDC5CC7989A3CED51A1');
INSERT INTO `collection_detail` (`id`,`collection_id`,`descriptor_id`,`descriptor_name`,`article_id`,`article_desc`,`rank`,`create_by`,`create_date`,`update_by`,`update_date`,`osml_id`,`status_id`,`site_id`) VALUES ('F313321E9F283556B0E86D3D1B','F31330D19DFD3F3245616F57B0','F3132892F57B236985F02B3F4F','subsidary','F3132F13E0914B4F07AC47DA05','PT. Antang Permai Plywood Indrustry',1,NULL,20030320134836,NULL,00000000000000,'0','ic','F185BD3FDC5CC7989A3CED51A1'),('F31334DBFAA2BAA59B45CAB8E7','F31333E67F5209AE9B31726965','F3132892F57B236985F02B3F4F','subsidary','F31334B3542D790038A0B17E9D','PT Lainnya',1,NULL,20030320105500,NULL,00000000000000,'0','ic','F185BD3FDC5CC7989A3CED51A1'),('F40056916AF5828C875A5C5EE','F3133249977BD2C0636E037D23','F3132892F57B236985F02B3F4F','subsidary','F40054F2FDF6D0B998BA5147B','test',3,NULL,20030320115839,NULL,00000000000000,'0','ic','F185BD3FDC5CC7989A3CED51A1'),('F313353C4B18C76EC86F5A0B4D','F3133322C1D43F2988CD387324','F3132892F57B236985F02B3F4F','subsidary','F3133492BCE6F40CC8B1F438E5','PT Perkayuan',1,NULL,20030131144838,NULL,00000000000000,'0','ic','F185BD3FDC5CC7989A3CED51A1'),('F3221B60B4CDCD969751332658','F3133249977BD2C0636E037D23','F3132892F57B236985F02B3F4F','subsidary','F3133492BCE6F40CC8B1F438E5','PT Perkayuan',2,NULL,20030320115839,NULL,00000000000000,'0','ic','F185BD3FDC5CC7989A3CED51A1');
INSERT INTO `collection_detail` (`id`,`collection_id`,`descriptor_id`,`descriptor_name`,`article_id`,`article_desc`,`rank`,`create_by`,`create_date`,`update_by`,`update_date`,`osml_id`,`status_id`,`site_id`) VALUES ('F3FF2684902283DF572AA55AEE','F3FF22FA60FDC1B3F09C2A27AF','F3FF0CB5A1F1B01FDBEF1218F6','site_map','F3FF2251AC8FDBE206FC5F2184','Fact Figure',4,NULL,20030318103436,NULL,00000000000000,'0','ic','F185BD3FDC5CC7989A3CED51A1'),('F3FF266C657BA8A9F3087BCA4','F3FF22FA60FDC1B3F09C2A27AF','F3FF0CB5A1F1B01FDBEF1218F6','site_map','F3FF21BB87A1806688C0D236D4','News',3,NULL,20030318103436,NULL,00000000000000,'0','ic','F185BD3FDC5CC7989A3CED51A1'),('F3FF2651E712E5636DF6D8373E','F3FF22FA60FDC1B3F09C2A27AF','F3FF0CB5A1F1B01FDBEF1218F6','site_map','F3FF1FBC1DA441971DF760AC86','Press Release',2,NULL,20030318103436,NULL,00000000000000,'0','ic','F185BD3FDC5CC7989A3CED51A1'),('F3FF2554DA17A60C2483B20183','F3FF22FA60FDC1B3F09C2A27AF','F3FF0CB5A1F1B01FDBEF1218F6','site_map','F3FF164552682DC676682DD1FB','Home',1,NULL,20030318103436,NULL,00000000000000,'0','ic','F185BD3FDC5CC7989A3CED51A1'),('F3FF31193E43EA396E58AD3F54','F3FF22FA60FDC1B3F09C2A27AF','F3FF0CB5A1F1B01FDBEF1218F6','site_map','F3FF2FF9A57F7A6B01EF0A9773','Makin & Subsidaries',5,NULL,20030318103436,NULL,00000000000000,'0','ic','F185BD3FDC5CC7989A3CED51A1');
INSERT INTO `collection_detail` (`id`,`collection_id`,`descriptor_id`,`descriptor_name`,`article_id`,`article_desc`,`rank`,`create_by`,`create_date`,`update_by`,`update_date`,`osml_id`,`status_id`,`site_id`) VALUES ('F3FF31353241DFF4EE7F35320B','F3FF22FA60FDC1B3F09C2A27AF','F3FF0CB5A1F1B01FDBEF1218F6','site_map','F3FF308923177AB6C29733A930','Contact Us',6,NULL,20030318103436,NULL,00000000000000,'0','ic','F185BD3FDC5CC7989A3CED51A1'),('F313350E166CEB680A5B132FC3','F3133249977BD2C0636E037D23','F3132892F57B236985F02B3F4F','subsidary','F313346BDB791AAC4D271E93C9','PT Kehutanan',1,NULL,20030320115839,NULL,00000000000000,'0','ic','F185BD3FDC5CC7989A3CED51A1'),('F40A977FE6BCAD9AB7266CDEFF','F4006A4702C02EC8B03504B154','F3132892F57B236985F02B3F4F','','F4098E903BEF8CD68572BC9C6F','',2,NULL,20030325132520,NULL,00000000000000,'0','ic','F185BD3FDC5CC7989A3CED51A1'),('F40A97AEA7E296821ADA66DF56','F4006A4702C02EC8B03504B154','F3132892F57B236985F02B3F4F','','F40054F2FDF6D0B998BA5147B','',1,NULL,20030325132520,NULL,00000000000000,'0','ic','F185BD3FDC5CC7989A3CED51A1'),('F4099078D180C813FC6FB48AFE','F31333E67F5209AE9B31726965','F3132892F57B236985F02B3F4F','subsidary','F4098E903BEF8CD68572BC9C6F','PT. Intercitra Prima Integrasi',2,NULL,20030320105500,NULL,00000000000000,'0','ic','F185BD3FDC5CC7989A3CED51A1');
INSERT INTO `collection_detail` (`id`,`collection_id`,`descriptor_id`,`descriptor_name`,`article_id`,`article_desc`,`rank`,`create_by`,`create_date`,`update_by`,`update_date`,`osml_id`,`status_id`,`site_id`) VALUES ('F409CA439EC78E0A8FF0666CA3','F3133249977BD2C0636E037D23','F3132892F57B236985F02B3F4F','subsidary','F4098E903BEF8CD68572BC9C6F','PT. Intercitra Prima Integrasi',4,NULL,20030320115839,NULL,00000000000000,'0','ic','F185BD3FDC5CC7989A3CED51A1'),('F40A141523A553487F21F0BD0A','F40A12670642457146FE92A5BF','F3132892F57B236985F02B3F4F','subsidary','F4098E903BEF8CD68572BC9C6F','PT. Intercitra Prima Integrasi',1,NULL,20030320131836,NULL,00000000000000,'0','ic','F185BD3FDC5CC7989A3CED51A1'),('F40A2F855E3043CF54A8258951','F31330D19DFD3F3245616F57B0','F3132892F57B236985F02B3F4F','subsidary','F40A2EE778115018EE80E397AB','PT. Matahari Kahuripan Indonesia',2,NULL,20030320134836,NULL,00000000000000,'0','ic','F185BD3FDC5CC7989A3CED51A1'),('F423D9FE91C610145E5460106E','F4006A4702C02EC8B03504B154','F3132892F57B236985F02B3F4F','','F3132F13E0914B4F07AC47DA05','',3,NULL,20030325132520,NULL,00000000000000,'0','ic','F185BD3FDC5CC7989A3CED51A1'),('F40A9820BAAE21209085370477','F40025C7BB2B1555515A1FF83F','F3132892F57B236985F02B3F4F','subsidary','F4098E903BEF8CD68572BC9C6F','PT. Intercitra Prima Integrasi',2,NULL,20030320154909,NULL,00000000000000,'0','ic','F185BD3FDC5CC7989A3CED51A1');
INSERT INTO `collection_detail` (`id`,`collection_id`,`descriptor_id`,`descriptor_name`,`article_id`,`article_desc`,`rank`,`create_by`,`create_date`,`update_by`,`update_date`,`osml_id`,`status_id`,`site_id`) VALUES ('F40066BA90AA0E2FB0020B056F','F40025C7BB2B1555515A1FF83F','F3132892F57B236985F02B3F4F','subsidary','F40A2EE778115018EE80E397AB','PT. Matahari Kahuripan Indonesia',1,NULL,20030320154909,NULL,00000000000000,'0','ic','F185BD3FDC5CC7989A3CED51A1'),('F40A9DE8E4D7563B7DE27AE87E','F40025C7BB2B1555515A1FF83F','F3132892F57B236985F02B3F4F','subsidary','F40054F2FDF6D0B998BA5147B','test',3,NULL,20030320154909,NULL,00000000000000,'0','ic','F185BD3FDC5CC7989A3CED51A1');

DROP TABLE IF EXISTS `descriptor`;
CREATE TABLE `descriptor` (
  `id` varchar(36) NOT NULL default '',
  `descriptor_group_id` varchar(36) NOT NULL default '0',
  `create_by` varchar(36) default NULL,
  `create_date` timestamp(14) NOT NULL,
  `update_by` varchar(36) default NULL,
  `update_date` timestamp(14) NOT NULL default '00000000000000',
  `name` varchar(128) NOT NULL default '',
  `description` varchar(255) default NULL,
  `url_descriptor` varchar(255) default NULL,
  `descriptor_flag` tinyint(1) default '0',
  `active_flag` tinyint(1) default '1',
  `url_action` varchar(255) default NULL,
  `type_flag` char(1) NOT NULL default '1',
  `wizard_id` varchar(36) default NULL,
  `site_id` varchar(36) default NULL,
  `collection_default` varchar(128) default 'description',
  `descriptorFlag` int(11) default NULL,
  `typeFlag` int(11) default NULL,
  PRIMARY KEY  (`id`)
) TYPE=MyISAM;
INSERT INTO `descriptor` (`id`,`descriptor_group_id`,`create_by`,`create_date`,`update_by`,`update_date`,`name`,`description`,`url_descriptor`,`descriptor_flag`,`active_flag`,`url_action`,`type_flag`,`wizard_id`,`site_id`,`collection_default`,`descriptorFlag`,`typeFlag`) VALUES ('1','0',NULL,20020529000000,'1',20011216000000,'descriptor','Descriptor','descriptor.xml',1,1,NULL,'0',NULL,'EE185CE0B82B41C1724F284685',NULL,NULL,NULL),('6','0',NULL,20050202061405,'1',20030709145047,'category','Category','category.xml',1,1,'category.xml','2','','EE185CE0B82B41C1724F284685','',NULL,NULL),('7','0',NULL,20020529000000,'1',20011216000000,'section','Section','section.xml',1,1,NULL,'0',NULL,'EE185CE0B82B41C1724F284685',NULL,NULL,NULL),('E8D32766091238C92EFF1BA529','0','1',20020529000000,'1',20011216000000,'osml','Organization Structure','osml.xml',0,1,NULL,'0',NULL,'EE185CE0B82B41C1724F284685',NULL,NULL,NULL),('E8D0C5535B234E62585FD6F09D','0','1',20020529000000,'1',20020413000000,'backend_user_descriptor_acl','User ACL','backend_user_descriptor_acl.xml',0,1,NULL,'0',NULL,'EE185CE0B82B41C1724F284685',NULL,NULL,NULL),('13','0',NULL,20020829000000,'1',20020829000000,'backend_user','User Profile','backend_user.xml',1,0,'','0','','EE185CE0B82B41C1724F284685','',NULL,NULL);
INSERT INTO `descriptor` (`id`,`descriptor_group_id`,`create_by`,`create_date`,`update_by`,`update_date`,`name`,`description`,`url_descriptor`,`descriptor_flag`,`active_flag`,`url_action`,`type_flag`,`wizard_id`,`site_id`,`collection_default`,`descriptorFlag`,`typeFlag`) VALUES ('14','0',NULL,20020529000000,'1',20011216000000,'workflow_role','Workflow Role','workflow_role.xml',1,1,NULL,'0',NULL,'EE185CE0B82B41C1724F284685',NULL,NULL,NULL),('15','0',NULL,20020529000000,'1',20011216000000,'workflow','Workflow','workflow.xml',1,1,NULL,'0',NULL,'EE185CE0B82B41C1724F284685',NULL,NULL,NULL),('16','',NULL,20020529000000,NULL,00000000000000,'workflow_state_point','WF State Point','workflow_state_point.xml',1,1,NULL,'0',NULL,'EE185CE0B82B41C1724F284685',NULL,NULL,NULL),('17','',NULL,20020529000000,'1',20010909000000,'workflow_action','WF Action','workflow_action.xml',1,1,NULL,'0',NULL,'EE185CE0B82B41C1724F284685',NULL,NULL,NULL),('18','',NULL,20020529000000,'1',20010909000000,'workflow_activity','WF Activity Status','workflow_activity.xml',1,1,NULL,'0',NULL,'EE185CE0B82B41C1724F284685',NULL,NULL,NULL),('22','0',NULL,20020529000000,'1',20011216000000,'template','Template','template.xml',1,1,NULL,'0',NULL,'EE185CE0B82B41C1724F284685',NULL,NULL,NULL);
INSERT INTO `descriptor` (`id`,`descriptor_group_id`,`create_by`,`create_date`,`update_by`,`update_date`,`name`,`description`,`url_descriptor`,`descriptor_flag`,`active_flag`,`url_action`,`type_flag`,`wizard_id`,`site_id`,`collection_default`,`descriptorFlag`,`typeFlag`) VALUES ('23','0',NULL,20020617000000,'1',20011216000000,'article','Article','article.xml',1,1,NULL,'0',NULL,'EE185CE0B82B41C1724F284685','title',NULL,NULL),('25','0',NULL,20020529000000,'1',20011216000000,'ads_banner','Ads Banner','ads_banner.xml',1,1,NULL,'0',NULL,'EE185CE0B82B41C1724F284685',NULL,NULL,NULL),('26','0',NULL,20020529000000,'1',20011216000000,'ads_product','Ads Product','ads_product.xml',1,1,NULL,'0',NULL,'EE185CE0B82B41C1724F284685',NULL,NULL,NULL),('31','0',NULL,20020529000000,'1',20020413000000,'module_function','Module Function','module_function.xml',1,1,NULL,'0',NULL,'EE185CE0B82B41C1724F284685',NULL,NULL,NULL),('32','0','',20020529000000,'1',20011216000000,'role_privilage','Role Privilage','role_privilage.xml',1,1,NULL,'0',NULL,'EE185CE0B82B41C1724F284685',NULL,NULL,NULL),('2','0',NULL,20020726000000,'1',20020705000000,'site','Site','site.xml',1,1,'','0','','EE185CE0B82B41C1724F284685','',NULL,NULL);
INSERT INTO `descriptor` (`id`,`descriptor_group_id`,`create_by`,`create_date`,`update_by`,`update_date`,`name`,`description`,`url_descriptor`,`descriptor_flag`,`active_flag`,`url_action`,`type_flag`,`wizard_id`,`site_id`,`collection_default`,`descriptorFlag`,`typeFlag`) VALUES ('E7A767F6FCD106B4C38ED0073D','0','1',20020529000000,'1',20011216000000,'hear_us','Hear Us','hear_us.xml',0,1,NULL,'0',NULL,'EE185CE0B82B41C1724F284685',NULL,NULL,NULL),('E7A769CE2222DC0ABD270A48FE','0','1',20020529000000,'1',20011216000000,'income','Income','income.xml',0,1,NULL,'0',NULL,'EE185CE0B82B41C1724F284685',NULL,NULL,NULL),('E7A77820F8D3EEB61E12EF7DD5','0','1',20020529000000,'1',20011216000000,'ads_client','Ads Client','ads_client.xml',0,1,NULL,'0',NULL,'EE185CE0B82B41C1724F284685',NULL,NULL,NULL),('E7A779BA12440C5CC627D043AD','0','1',20020529000000,'1',20011216000000,'age','Age','age.xml',0,1,NULL,'0',NULL,'EE185CE0B82B41C1724F284685',NULL,NULL,NULL),('E7A779E95E7E40ED22C3D9D409','0','1',20020529000000,'1',20011216000000,'contact','Contact Us','contact.xml',0,1,NULL,'0',NULL,'EE185CE0B82B41C1724F284685',NULL,NULL,NULL),('E7A77A14AC951B8B4A444F14F3','0','1',20020529000000,'1',20011216000000,'country','Country','country.xml',0,1,NULL,'0',NULL,'EE185CE0B82B41C1724F284685',NULL,NULL,NULL);
INSERT INTO `descriptor` (`id`,`descriptor_group_id`,`create_by`,`create_date`,`update_by`,`update_date`,`name`,`description`,`url_descriptor`,`descriptor_flag`,`active_flag`,`url_action`,`type_flag`,`wizard_id`,`site_id`,`collection_default`,`descriptorFlag`,`typeFlag`) VALUES ('E7A77F657568CBF5B670623DCD','0','1',20030227160039,'1',20030227155614,'faq','FAQ','faq.xml',0,1,'','0','','EE185CE0B82B41C1724F284685','question',NULL,NULL),('E7A77FB00E6254A09B8342341C','0','1',20020529000000,'1',20011216000000,'glossary','Glossary','glossary.xml',0,1,NULL,'0',NULL,'EE185CE0B82B41C1724F284685',NULL,NULL,NULL),('E7A77FF650C680C26FCB152B01','0','1',20020529000000,'1',20011216000000,'image_size','Image Size','image_size.xml',0,1,NULL,'0',NULL,'EE185CE0B82B41C1724F284685',NULL,NULL,NULL),('E7A78033BA587E0FAA0CEDFECC','0','1',20020529000000,'1',20020502000000,'sni_member2','SNI Member Registration','ED2E67B18DF954DEC7433B22C3sni_member.xml',0,1,'../eagle/?type=true','1',NULL,'EE185CE0B82B41C1724F284685',NULL,NULL,NULL),('E7A780DC22C766324AD6580578','0','1',20020529000000,'1',20011216000000,'net_usage','Net Usage','E7B5A75F6BFE2D7D01328D25B7net_usage.xml',0,1,NULL,'0',NULL,'EE185CE0B82B41C1724F284685',NULL,NULL,NULL);
INSERT INTO `descriptor` (`id`,`descriptor_group_id`,`create_by`,`create_date`,`update_by`,`update_date`,`name`,`description`,`url_descriptor`,`descriptor_flag`,`active_flag`,`url_action`,`type_flag`,`wizard_id`,`site_id`,`collection_default`,`descriptorFlag`,`typeFlag`) VALUES ('E7A7810951CC810C0DC6D2941D','0','1',20020529000000,'1',20011216000000,'net_usage_hours_day','Net Usage Hours Day','net_usage_hours_day.xml',0,1,NULL,'0',NULL,'EE185CE0B82B41C1724F284685',NULL,NULL,NULL),('E7A7814278134CAE74AFFEF66F','0','1',20020529000000,'1',20011216000000,'newsletter','Newsletter','newsletter.xml',0,1,NULL,'0',NULL,'EE185CE0B82B41C1724F284685',NULL,NULL,NULL),('E7A781781AF25277BE8E49C2F4','0','1',20020529000000,'1',20011216000000,'poll','Polling','poll.xml',0,1,NULL,'0',NULL,'EE185CE0B82B41C1724F284685',NULL,NULL,NULL),('E7A7819E161352C93DA00652E9','0','1',20020529000000,'1',20011216000000,'send_to_friend','Send to Friend','send_to_friend.xml',0,1,NULL,'0',NULL,'EE185CE0B82B41C1724F284685',NULL,NULL,NULL),('E7A781CFBA45A3CB44C81D8236','0','1',20030130000000,'1',20030130000000,'web_link','Web Link','F07F6B57312366F8EF58665443web_link.xml',0,1,'','0','','EE185CE0B82B41C1724F284685','link_url',NULL,NULL);
INSERT INTO `descriptor` (`id`,`descriptor_group_id`,`create_by`,`create_date`,`update_by`,`update_date`,`name`,`description`,`url_descriptor`,`descriptor_flag`,`active_flag`,`url_action`,`type_flag`,`wizard_id`,`site_id`,`collection_default`,`descriptorFlag`,`typeFlag`) VALUES ('E8D4A7375EAF7B953F36C71292','0','1',20020529000000,'1',20011216000000,'assign_descriptor','Assign Descriptor to WF','assign_descriptor.xml',0,1,NULL,'0',NULL,'EE185CE0B82B41C1724F284685',NULL,NULL,NULL),('E8D4B8FCEB555B9D2AD8D143F6','0','1',20020529000000,'1',20011216000000,'assign_osml','Assign Org Stru to Site','assign_osml.xml',0,1,NULL,'0',NULL,'EE185CE0B82B41C1724F284685',NULL,NULL,NULL),('E8F706107AAD19C157222E67C9','0','1',20020529000000,'1',20020413000000,'workflow_history','Workflow Approval History','workflow_history.xml',0,1,'../../topaz/test.jsp','0',NULL,'EE185CE0B82B41C1724F284685',NULL,NULL,NULL),('E8F8A0871FE7869F292A6CF810','0','1',20020529000000,'1',20020413000000,'workflow_hierarchy','Workflow Hierarchy / Detail','workflow_hierarchy.xml',0,1,'','0',NULL,'EE185CE0B82B41C1724F284685',NULL,NULL,NULL),('EACA410839BF089F9CEC6B4A53','product_item','1',20020529000000,'1',20011216000000,'item','Item Master',NULL,0,1,NULL,'0',NULL,'EE185CE0B82B41C1724F284685',NULL,NULL,NULL);
INSERT INTO `descriptor` (`id`,`descriptor_group_id`,`create_by`,`create_date`,`update_by`,`update_date`,`name`,`description`,`url_descriptor`,`descriptor_flag`,`active_flag`,`url_action`,`type_flag`,`wizard_id`,`site_id`,`collection_default`,`descriptorFlag`,`typeFlag`) VALUES ('EACA4B7F9596396050B73AB5EF','0','1',20020529000000,'1',20011216000000,'descriptor_group','Descriptor Group','descriptor_group.xml',0,1,NULL,'0',NULL,'EE185CE0B82B41C1724F284685',NULL,NULL,NULL),('EACB9F549BCDBA63D42F1EF9DF','0','1',20020529000000,NULL,00000000000000,'todo','To Do','EACB9F99C5A08745BDA738E289todo.xml',0,1,NULL,'0',NULL,'EE185CE0B82B41C1724F284685',NULL,NULL,NULL),('EAD2D1C50028FD5258593CE983','0','1',20020529000000,'1',20011217000000,'wizards','Wizard','wizards.xml',0,1,NULL,'0',NULL,'EE185CE0B82B41C1724F284685',NULL,NULL,NULL),('EAD2D1FB743D69F352E4779C1','0','1',20020529000000,'1',20011217000000,'wizards_steps','Wizard Steps','wizards_steps.xml',0,1,NULL,'0',NULL,'EE185CE0B82B41C1724F284685',NULL,NULL,NULL),('EADFFF90404E07E8F17356BCA7','0','1',20020529000000,NULL,00000000000000,'member_user','Member User Profile','EAE000036042AC0EA30559AD2Amember_user.xml',0,1,NULL,'0',NULL,'EE185CE0B82B41C1724F284685',NULL,NULL,NULL);
INSERT INTO `descriptor` (`id`,`descriptor_group_id`,`create_by`,`create_date`,`update_by`,`update_date`,`name`,`description`,`url_descriptor`,`descriptor_flag`,`active_flag`,`url_action`,`type_flag`,`wizard_id`,`site_id`,`collection_default`,`descriptorFlag`,`typeFlag`) VALUES ('ED6B716DB53DFB1AD79B338A42','0','1',20020529000000,'1',20020425000000,'product','Product','ED6C3610EE7F4BB77FF7F0ABEproduct.xml',0,1,'','0',NULL,'EE185CE0B82B41C1724F284685',NULL,NULL,NULL),('EA63FEC28E8B17A920D615472F','0','1',20020529000000,NULL,00000000000000,'mtl_unit_of_measure','Unit of Measure','EA63FF20211D9FFBA2DC4FB389mtl_unit_of_measure.xml',0,1,NULL,'0',NULL,'EE185CE0B82B41C1724F284685',NULL,NULL,NULL),('ED80F08BA5B5CE411B8C161520','0','1',20020529000000,NULL,00000000000000,'sales_order','Sales Order','ED80F14E2EEC0EEF8F920A8C0Asales_order.xml',0,1,'','0',NULL,'EE185CE0B82B41C1724F284685',NULL,NULL,NULL),('EA63FF7EF31172D21CEC60386D','0','1',20020529000000,NULL,00000000000000,'mtl_uom_classes','UoM Class','EA63FFBF4D9CB2CCCEC5E3CE98mtl_uom_classes.xml',0,1,NULL,'0',NULL,'EE185CE0B82B41C1724F284685',NULL,NULL,NULL),('EC02B358C9685AD13B193A8265','product_item','1',20020529000000,'1',20020214000000,'register_topaz','Registration Form','EC02B5E34BEDD07F8F22881524register_form.jsp',0,1,NULL,'0',NULL,'EE185CE0B82B41C1724F284685',NULL,NULL,NULL);
INSERT INTO `descriptor` (`id`,`descriptor_group_id`,`create_by`,`create_date`,`update_by`,`update_date`,`name`,`description`,`url_descriptor`,`descriptor_flag`,`active_flag`,`url_action`,`type_flag`,`wizard_id`,`site_id`,`collection_default`,`descriptorFlag`,`typeFlag`) VALUES ('EC22C92740923B29903FEA53D5','0','1',20020529000000,'1',20020313000000,'viewmembertree','View Member Tree','EC22C99F30ECC58EB986155D2Aviewmembertree.jsp',0,1,NULL,'0',NULL,'EE185CE0B82B41C1724F284685',NULL,NULL,NULL),('ED80F1DFB463D6D67608FE97CD','0','1',20020529000000,NULL,00000000000000,'order_detail','Order Detail','ED80F25632FA979F19C3A15147order_detail.xml',0,1,'','0',NULL,'EE185CE0B82B41C1724F284685',NULL,NULL,NULL),('EC277DA80635E3E3F63BF841F7','0','1',20020529000000,NULL,00000000000000,'bonus_usaha_mandiri','Bonus Usaha Mandiri',NULL,0,1,NULL,'0',NULL,'EE185CE0B82B41C1724F284685',NULL,NULL,NULL),('EC277DD49F949A89B0567CDF79','0','1',20020529000000,NULL,00000000000000,'bonus_sponsor','Bonus Sponsor',NULL,0,1,NULL,'0',NULL,'EE185CE0B82B41C1724F284685',NULL,NULL,NULL),('EC277E2805435A0D319263474','0','1',20020529000000,NULL,00000000000000,'bonus_jaringan','Bonus Jaringan',NULL,0,1,NULL,'0',NULL,'EE185CE0B82B41C1724F284685',NULL,NULL,NULL);
INSERT INTO `descriptor` (`id`,`descriptor_group_id`,`create_by`,`create_date`,`update_by`,`update_date`,`name`,`description`,`url_descriptor`,`descriptor_flag`,`active_flag`,`url_action`,`type_flag`,`wizard_id`,`site_id`,`collection_default`,`descriptorFlag`,`typeFlag`) VALUES ('EC277E629F54EF51EB84A3AD37','0','1',20020529000000,NULL,00000000000000,'bonus_program_sejahtera','Bonus Program Sejahtera',NULL,0,1,NULL,'0',NULL,'EE185CE0B82B41C1724F284685',NULL,NULL,NULL),('EC277EFD42E80758F490BEE3CA','0','1',20020529000000,NULL,00000000000000,'protor','Motor (Protor)',NULL,0,1,NULL,'0',NULL,'EE185CE0B82B41C1724F284685',NULL,NULL,NULL),('EC277F3565FE498EEA44C87B0D','0','1',20020529000000,'1',20020221000000,'prosa','Sejahtera (Prosa)',NULL,0,1,NULL,'0',NULL,'EE185CE0B82B41C1724F284685',NULL,NULL,NULL),('EC277F6F724C601B96A094ECAC','0','1',20020529000000,NULL,00000000000000,'prowis','Wisata/Ibadah (Prowis)',NULL,0,1,NULL,'0',NULL,'EE185CE0B82B41C1724F284685',NULL,NULL,NULL),('EC277FC604E5A3618F4E0DAC2A','0','1',20020529000000,NULL,00000000000000,'probil','Mobil (Probil)',NULL,0,1,NULL,'0',NULL,'EE185CE0B82B41C1724F284685',NULL,NULL,NULL),('EC27800E1C85E45260395CC14D','0','1',20020529000000,NULL,00000000000000,'promah','Rumah (Promah)',NULL,0,1,NULL,'0',NULL,'EE185CE0B82B41C1724F284685',NULL,NULL,NULL);
INSERT INTO `descriptor` (`id`,`descriptor_group_id`,`create_by`,`create_date`,`update_by`,`update_date`,`name`,`description`,`url_descriptor`,`descriptor_flag`,`active_flag`,`url_action`,`type_flag`,`wizard_id`,`site_id`,`collection_default`,`descriptorFlag`,`typeFlag`) VALUES ('EC2780313D2154DA88EE2B203B','0','1',20020529000000,NULL,00000000000000,'bonus_kepemimpinan','Bonus Kepemimpinan',NULL,0,1,NULL,'0',NULL,'EE185CE0B82B41C1724F284685',NULL,NULL,NULL),('EC278085DA7AAE337066982E27','0','1',20020529000000,NULL,00000000000000,'perincian_bonus','Perincian Bonus',NULL,0,1,NULL,'0',NULL,'EE185CE0B82B41C1724F284685',NULL,NULL,NULL),('EC8BB1EDFEA1BA1686BFB1ECEB','0','1',20020529000000,'1',20020313000000,'peringkat','Peringkat Member','EC8BB33F461693F490744E0319peringkat.jsp',0,0,NULL,'0',NULL,'EE185CE0B82B41C1724F284685',NULL,NULL,NULL),('ED2D5FC89DA4B624B60783E281','0','1',20020529000000,'1',20020413000000,'component','Component','ED2D63405F78955921C499157component.xml',0,1,NULL,'0',NULL,'EE185CE0B82B41C1724F284685',NULL,NULL,NULL),('ED2D68AA3264045584C17F100C','0','1',20020529000000,NULL,00000000000000,'component_package','Component Package','ED2D68E60CA5E1BEF68233F5B5component_package.xml',0,1,NULL,'0',NULL,'EE185CE0B82B41C1724F284685',NULL,NULL,NULL);
INSERT INTO `descriptor` (`id`,`descriptor_group_id`,`create_by`,`create_date`,`update_by`,`update_date`,`name`,`description`,`url_descriptor`,`descriptor_flag`,`active_flag`,`url_action`,`type_flag`,`wizard_id`,`site_id`,`collection_default`,`descriptorFlag`,`typeFlag`) VALUES ('ED2D68F33A20F0789CE1B8CAD0','0','1',20020529000000,NULL,00000000000000,'component_methods','Component Methods','ED2D6941595833000FA77EF207component_methods.xml',0,1,NULL,'1',NULL,'EE185CE0B82B41C1724F284685',NULL,NULL,NULL),('ED2EE26B3A598A0761F1E1C84B','0','1',20020529000000,'1',20020419000000,'TreeGlobal','Global Parameter',NULL,0,1,'../tomato.jsp?modules=wizards&wizardid=ED2F13A6A961E80A8DF701E7E7&ok','1','ED2F13A6A961E80A8DF701E7E7','EE185CE0B82B41C1724F284685',NULL,NULL,NULL),('ED665FD94B6AC6DA166949BC6A','0','1',20020529000000,NULL,00000000000000,'mtl_uom_standard_conversions','Standard Conversion','ED66646D37B85BC24DD5592360EA63FF79E839F887478B1D3B55mtl_uom_standardclass_conversions.xml',0,1,'','0',NULL,'EE185CE0B82B41C1724F284685',NULL,NULL,NULL),('ED666557E377911B0E672412D7','0','1',20020529000000,NULL,00000000000000,'mtl_uom_intraclass_conversions','Intraclass Conversion','ED6665F1DCF04412D4501AF5B5EA63FF79E839F887478B1D3B55mtl_uom_intraclass_conversions.xml',0,1,'','0',NULL,'EE185CE0B82B41C1724F284685',NULL,NULL,NULL);
INSERT INTO `descriptor` (`id`,`descriptor_group_id`,`create_by`,`create_date`,`update_by`,`update_date`,`name`,`description`,`url_descriptor`,`descriptor_flag`,`active_flag`,`url_action`,`type_flag`,`wizard_id`,`site_id`,`collection_default`,`descriptorFlag`,`typeFlag`) VALUES ('ED6665F7ECCBF0B90275BEE375','0','1',20020529000000,NULL,00000000000000,'mtl_uom_interclass_conversions','Interclass Conversion','ED66666556468829438F80603EEA63FF79E839F887478B1D3B55mtl_uom_interclass_conversions.xml',0,1,'','0',NULL,'EE185CE0B82B41C1724F284685',NULL,NULL,NULL),('ED8100EADE893CD9EDBC21C39E','0','1',20020529000000,'1',20020501000000,'purchase_order','Purchase Order','ED8A6FA3D03B091CC837BB699Epurchase_order.xml',0,1,'','0',NULL,'EE185CE0B82B41C1724F284685',NULL,NULL,NULL),('ED8A1729C8E3B3EDE0DAEB2772','0','1',20020529000000,NULL,00000000000000,'payment_method','Payment Method','ED8A17D6383C6920BB10AB22F8payment_method.xml',0,1,'','0',NULL,'EE185CE0B82B41C1724F284685',NULL,NULL,NULL),('ED8A1C4CCC76364E31743601EE','0','1',20020529000000,NULL,00000000000000,'payment','Payment','ED8A1C91CE4AD8DA236688489Bpayment.xml',0,1,'','0',NULL,'EE185CE0B82B41C1724F284685',NULL,NULL,NULL),('ED8A23950175908D976F4EB046','0','1',20020529000000,NULL,00000000000000,'shipment_method','Shipment Method','ED8A23E51EE43201413E499A58shipment_method.xml',0,1,'','0',NULL,'EE185CE0B82B41C1724F284685',NULL,NULL,NULL);
INSERT INTO `descriptor` (`id`,`descriptor_group_id`,`create_by`,`create_date`,`update_by`,`update_date`,`name`,`description`,`url_descriptor`,`descriptor_flag`,`active_flag`,`url_action`,`type_flag`,`wizard_id`,`site_id`,`collection_default`,`descriptorFlag`,`typeFlag`) VALUES ('ED8A293FEB17BA95346CBEDE13','0','1',20020529000000,NULL,00000000000000,'shipment','Shipment','ED8A297D91AE71F696C222BFD2shipment.xml',0,1,'','0',NULL,'EE185CE0B82B41C1724F284685',NULL,NULL,NULL),('ED8A6CFBC6B303B8D7D61F9A02','0','1',20020529000000,NULL,00000000000000,'provider','Provider','ED8A6D4DCED3690FADD5874731provider.xml',0,1,'','0',NULL,'EE185CE0B82B41C1724F284685',NULL,NULL,NULL),('ED8AA6899D90081582B374C915','0','1',20020529000000,NULL,00000000000000,'onhand','Onhand','ED8AA6DA1561DE648F783119FDonhand.xml',0,1,'','0',NULL,'EE185CE0B82B41C1724F284685',NULL,NULL,NULL),('EDDD5F5132ADA977D780C2ADAD','0','1',20021115000000,'1',20021115000000,'collection_detail','Collection Detail','EDDD6DFCCB8B4E00F11D73C56Ccollection_detail.xml',0,0,'','0','','EE185CE0B82B41C1724F284685','',NULL,NULL),('ED8B8AB5933AC7FE2F760FB1AE','0','1',20020529000000,'1',20020506000000,'member_bengkel','Member Bengkel','ED8B8B10A5D568B55A8462D675member_bengkel.xml',0,1,'','0',NULL,'EE185CE0B82B41C1724F284685',NULL,NULL,NULL);
INSERT INTO `descriptor` (`id`,`descriptor_group_id`,`create_by`,`create_date`,`update_by`,`update_date`,`name`,`description`,`url_descriptor`,`descriptor_flag`,`active_flag`,`url_action`,`type_flag`,`wizard_id`,`site_id`,`collection_default`,`descriptorFlag`,`typeFlag`) VALUES ('ED8EF6E40C8CD0C8A1ED378B50','0','1',20020529000000,'1',20020506000000,'sni_member_bengkel','Member_bengkel','ED8EF7C4FB28D272E875E8EEE8sni_member.xml',0,1,'../bengkel/index_member.jsp?','1',NULL,'EE185CE0B82B41C1724F284685',NULL,NULL,NULL),('EDCEA76E0E114961F605AAF79C','0','1',20020617000000,'1',20020617000000,'collection','Collection Admin','EDDD70A601EC0CF6F798F24248collection.xml',0,1,'../module/collection/first.jsp?','1','','EE185CE0B82B41C1724F284685','',NULL,NULL),('EDEDA3BC67E064D0E609CF84FE','0','1',20020705000000,'1',20020705000000,'page_collection','Page Collection','EDEDAA9A48D24AB0A7C6D6EED0frontpage.xml',0,1,'../module/pagecollection/first.jsp?','1','','EE185CE0B82B41C1724F284685','',NULL,NULL),('EDF1E980543D789AF49587CC3','0','1',20020705000000,'1',20020705000000,'pagecollection_detail','Page Collection Detail','EDF1EA534CB202A5018A514161frontpage_detail.xml',0,0,'','1','','EE185CE0B82B41C1724F284685','',NULL,NULL),('EE187CB92554E9877310D9041D','0','1',20020627000000,'1',20020627000000,'assign_user_site','Assign User to a Site','EE188C8D1BCFFF7C61672BFA2Cassign_user_site.xml',0,0,'','0','','EE185CE0B82B41C1724F284685','',NULL,NULL);
INSERT INTO `descriptor` (`id`,`descriptor_group_id`,`create_by`,`create_date`,`update_by`,`update_date`,`name`,`description`,`url_descriptor`,`descriptor_flag`,`active_flag`,`url_action`,`type_flag`,`wizard_id`,`site_id`,`collection_default`,`descriptorFlag`,`typeFlag`) VALUES ('EE16334FF2AE40BA3386D21C2A','0','1',20020528000000,NULL,00000000000000,'company_profile','Company Profile','EE1633A53055EADD5140855742company_profile.xml',0,1,'','0','','EE185CE0B82B41C1724F284685',NULL,NULL,NULL),('EE1633BB40ED75204D7CB5464E','0','1',20020529000000,'1',20020529000000,'contact_us','Contact Us','EE163407ECDDDA1FDCD1D1B251contact_us.xml',0,1,'','0','','EE185CE0B82B41C1724F284685',NULL,NULL,NULL),('EE1634107D568C2832E72DF4C7','0','1',20020528000000,NULL,00000000000000,'content_default','Content Default','EE16345E06ECA50699801ED065content_default.xml',0,1,'','0','','EE185CE0B82B41C1724F284685',NULL,NULL,NULL),('EE163461EFCD80B5C80D88A308','0','1',20020528000000,NULL,00000000000000,'event','Event','EE1634ADD36EA16F4C3EEC671Aevent.xml',0,1,'','0','','EE185CE0B82B41C1724F284685',NULL,NULL,NULL),('EE1634B19EB64BB12485263F79','0','1',20030224171410,'1',20030224171410,'news','News','EE1634FC424BAE90DD75214376news.xml',0,1,'../module/news/index.jsp?','0','','EE185CE0B82B41C1724F284685','headline',NULL,NULL);
INSERT INTO `descriptor` (`id`,`descriptor_group_id`,`create_by`,`create_date`,`update_by`,`update_date`,`name`,`description`,`url_descriptor`,`descriptor_flag`,`active_flag`,`url_action`,`type_flag`,`wizard_id`,`site_id`,`collection_default`,`descriptorFlag`,`typeFlag`) VALUES ('F332B5D5577E444B78297AFE84','0','1',20030318150825,'1',20030318150825,'company','Company','F33682657AE8F60C0818178F40company.xml',0,1,'','0','','EE185CE0B82B41C1724F284685','name',NULL,NULL),('EE16354AB187B638CC4579F8B6','0','1',20030130000000,'1',20030130000000,'press_release','Press Release','F07F4BC91767F994E36A3FF5Bpress_release.xml',0,1,'','0','','EE185CE0B82B41C1724F284685','headline',NULL,NULL),('EE8C6A49BC200D77F9DD3F92AA','0','1',20020627000000,'1',20020627000000,'user_site','User Manager','EE8C72398F20734B22553E88D6user_site.xml',0,1,'../module/user_site/index.jsp?','1','','EE185CE0B82B41C1724F284685','',NULL,NULL),('EE163600A2BAD87965E20E9C9A','0','1',20030318113033,'1',20030318113033,'services','Product & Services','EE1636505B9D89D29BE9B0CD40services.xml',0,1,'','0','','EE185CE0B82B41C1724F284685','name',NULL,NULL),('EE163653A49B09E7BD3CC4005C','0','1',20020528000000,NULL,00000000000000,'status','Status','EE1636989C590FD740731F8D21status.xml',0,1,'','0','','EE185CE0B82B41C1724F284685',NULL,NULL,NULL);
INSERT INTO `descriptor` (`id`,`descriptor_group_id`,`create_by`,`create_date`,`update_by`,`update_date`,`name`,`description`,`url_descriptor`,`descriptor_flag`,`active_flag`,`url_action`,`type_flag`,`wizard_id`,`site_id`,`collection_default`,`descriptorFlag`,`typeFlag`) VALUES ('EE399186B35C580610D4EDD7A3','0','1',20020610000000,'1',20020610000000,'collection_descriptor','Collection Content','EE39A7FDB43CDFD00B21EA6672coll_desc.xml',0,1,'../module/collection_content/first.jsp?','1','','EE185CE0B82B41C1724F284685',NULL,NULL,NULL),('EE39DC68885D4E61299258E68D','0','1',20020723000000,'1',20020723000000,'theme','Theme','EED8830E5DF4DF47FBE1F6926theme.xml',0,1,'','0','','EE185CE0B82B41C1724F284685','',NULL,NULL),('EE39EDBA36471BA27231DAFF78','0','1',20020604000000,'1',20020604000000,'template_object','Template Object','EE39F3ECCA8734EFBD690B00F3template_object.xml',0,1,'','0','','EE185CE0B82B41C1724F284685',NULL,NULL,NULL),('EE39EDFFA5C0438D014F92A9A3','0','1',20020604000000,'1',20020604000000,'template_object_detail','Template Object Detail','EE39F3CD5646776D7FAE7F49C6template_object_detail.xml',0,1,'','0','','EE185CE0B82B41C1724F284685',NULL,NULL,NULL),('EEB49F22144357635AD6A684B6','0','1',20020719000000,'1',20020719000000,'role_manager','Role Manager','EEB4A290413F69DA2284F97F7Arole_site.xml',0,1,'../module/role_site/index.jsp?','1','','EE185CE0B82B41C1724F284685','',NULL,NULL);
INSERT INTO `descriptor` (`id`,`descriptor_group_id`,`create_by`,`create_date`,`update_by`,`update_date`,`name`,`description`,`url_descriptor`,`descriptor_flag`,`active_flag`,`url_action`,`type_flag`,`wizard_id`,`site_id`,`collection_default`,`descriptorFlag`,`typeFlag`) VALUES ('EED88F7EFBC8DFF1C5A048C73D','0','1',20020705000000,'1',20020705000000,'skin','Skin','EED93484525906F379F20E6364skin.xml',0,1,'','0','','EE185CE0B82B41C1724F284685','',NULL,NULL),('EF76BA4ED5D8F2A21B1933A750','0','1',20020805000000,'1',20020805000000,'about_us','About Us','EF76D42DA287310C1E3E8BC50Fabout_us.xml',0,1,'','0','','EE185CE0B82B41C1724F284685','name',NULL,NULL),('EF1EE6CF42F37C9EA72FAE3B94','0','1',20020719000000,NULL,00000000000000,'open_job','Open Job','EF1EE7D34518B387674E9DD7DAjob_desc.xml',0,1,'','0','','EE185CE0B82B41C1724F284685','title',NULL,NULL),('EF1F0CD62F63F3B0A7205D5BC4','0','1',20020719000000,'1',20020719000000,'role_site_privilage','Role Site Privilage','EF1F0E578F1ACE31ADF87291DBrole_site_privilage.xml',0,1,'../module/role_site_privilage/index.jsp?','1','','EE185CE0B82B41C1724F284685','',NULL,NULL),('EFE457F0C2A80EC35CC399876D','0','1',20020826000000,'1',20020826000000,'client_survey','Client Survey','EFE5BF784720189D6C04750567client_survey.xml',0,1,'','0','','EE185CE0B82B41C1724F284685','',NULL,NULL);
INSERT INTO `descriptor` (`id`,`descriptor_group_id`,`create_by`,`create_date`,`update_by`,`update_date`,`name`,`description`,`url_descriptor`,`descriptor_flag`,`active_flag`,`url_action`,`type_flag`,`wizard_id`,`site_id`,`collection_default`,`descriptorFlag`,`typeFlag`) VALUES ('F1157841F5337A8CFCCD319BB2','0','1',20030828104553,'1',20030828104553,'document_pooling','Document Pooling','F13430218553B5D57ABA3B9F8Adocument_pooling.xml',0,1,'../module/doc_pooling/index.jsp?','1','','EE185CE0B82B41C1724F284685','',NULL,NULL),('F11F4FCC9526B5B7B3D29ADCC8','0','1',20021026000000,'1',20021026000000,'document_security','Document Security','F11F5174E72ACF929705956E68document_security.xml',0,0,'','0','','EE185CE0B82B41C1724F284685','',NULL,NULL),('F12E17962FDD3B3AC25D99BE71','0','1',20021029000000,NULL,00000000000000,'document_upload','Document Upload','F12E18775A863CE34C9BD216C9document_upload.xml',0,0,'','0','','EE185CE0B82B41C1724F284685','',NULL,NULL),('F15DB026AF629532843A3CC580','0','1',20021108000000,'1',20021108000000,'Search Manager','Search Manager',NULL,0,1,'../module/search_manager/index.jsp?','1','','EE185CE0B82B41C1724F284685','',NULL,NULL),('F1812260A4353E752C091D087','0','1',20030114000000,'1',20030114000000,'document_category','Document Category','F2BC5AAE45276A01507BAA5EC3document_category.xml',0,1,'','0','','EE185CE0B82B41C1724F284685','',NULL,NULL);
INSERT INTO `descriptor` (`id`,`descriptor_group_id`,`create_by`,`create_date`,`update_by`,`update_date`,`name`,`description`,`url_descriptor`,`descriptor_flag`,`active_flag`,`url_action`,`type_flag`,`wizard_id`,`site_id`,`collection_default`,`descriptorFlag`,`typeFlag`) VALUES ('F186E0333C668AE9C8CFD62426','0','1',20030208000000,'1',20030208000000,'tips_trick','Tips & Trick','F186E0E092AB46E07B8E371502tips&trick.xml',0,1,'','0','','EE185CE0B82B41C1724F284685','headline',NULL,NULL),('F186FA34E6B83A503DEE249E3','0','1',20030130000000,'1',20030130000000,'quote','Quote','F186FA9C365C869628ABF744Dquote.xml',0,1,'','0','','EE185CE0B82B41C1724F284685','headline',NULL,NULL),('F1A59EF36F336E28498926F38A','0','1',20030108000000,'1',20030108000000,'project_tracking','Project Tracking','F29B58E56FFD80EA309A43BBE1project_tracking.xml',0,1,'../module/project_tracking/project_task/index.jsp?','1','','EE185CE0B82B41C1724F284685','',NULL,NULL),('F1A61B7AD45A8FE0C7226CB73C','0','1',20030116000000,'1',20030116000000,'employee_information','Employee Information','F1A9B76607EF1B550B8509CB79employee_information.xml',0,0,'','0','','EE185CE0B82B41C1724F284685','',NULL,NULL),('F2E587923AC44C8979FBF2F26C','0','1',20030122000000,'1',20030122000000,'job_position','Job Position','F2E59F1CD7D0A8F31C1B034C4Bjob_position.xml',0,1,'','0','','EE185CE0B82B41C1724F284685','',NULL,NULL);
INSERT INTO `descriptor` (`id`,`descriptor_group_id`,`create_by`,`create_date`,`update_by`,`update_date`,`name`,`description`,`url_descriptor`,`descriptor_flag`,`active_flag`,`url_action`,`type_flag`,`wizard_id`,`site_id`,`collection_default`,`descriptorFlag`,`typeFlag`) VALUES ('F1A9BE53CA5154655E89CC4AD2','0','1',20021122000000,NULL,00000000000000,'priority','Priority','F1A9BEC636E4D654ECF31AD840priority.xml',0,1,'','0','','EE185CE0B82B41C1724F284685','',NULL,NULL),('F1A9C5BF337F99C98C8944ACE1','0','1',20021122000000,NULL,00000000000000,'project_status','Project Status','F1A9C63D2A5933F5B5094D47F2project_status.xml',0,1,'','0','','EE185CE0B82B41C1724F284685','',NULL,NULL),('F1BE59DFBE674547A0FC415DE4','0','1',20021126000000,NULL,00000000000000,'project_member','Project Member','F1BE5D0EFAED955FEAAA6494DCproject_member.xml',0,0,'','0','','EE185CE0B82B41C1724F284685','',NULL,NULL),('F1BF9F2D933537D9BBF0E629E4','0','1',20030220130550,'1',20030220130550,'project_task','Upload Document Task','F1BF9F8B26941FD7A16CCC6EAproject_task.xml',0,1,'../module/project_tracking/task_document/index.jsp?','1','','EE185CE0B82B41C1724F284685','',NULL,NULL),('F1CD9746F2FFCA5286614B6DC8','0','1',20021212000000,'1',20021212000000,'web_calendar','Web Calendar','F1CD9B95BE7D185C6ED2BB05D2intranet_cal.xml',0,1,'../module/webcal/index.jsp?','1','','EE185CE0B82B41C1724F284685','',NULL,NULL);
INSERT INTO `descriptor` (`id`,`descriptor_group_id`,`create_by`,`create_date`,`update_by`,`update_date`,`name`,`description`,`url_descriptor`,`descriptor_flag`,`active_flag`,`url_action`,`type_flag`,`wizard_id`,`site_id`,`collection_default`,`descriptorFlag`,`typeFlag`) VALUES ('F20FC02DA4B8637A755046DEE3','0','1',20021212000000,NULL,00000000000000,'project_detail','Project Detail',NULL,0,1,'../module/project_tracking/project_detail/index.jsp?','1','','EE185CE0B82B41C1724F284685','',NULL,NULL),('F30D6D4A72F6871D6DB046BCB6','0','1',20030130000000,'1',20030130000000,'fact_figure','Makin Fact & Figure','F30D9033E38F2636EB8A781FF9fact_figure.xml',0,1,'','0','','EE185CE0B82B41C1724F284685','title',NULL,NULL),('F312A7DFF0D600D4866CCD4E28','0','1',20030319140417,'1',20030319140417,'makin_director','Board of Directors','F312A8F2B8E5970E0FB34298CAmakin_director.xml',0,1,'','0','','EE185CE0B82B41C1724F284685','name',NULL,NULL),('F3132892F57B236985F02B3F4F','0','1',20030318111532,'1',20030318111532,'subsidary','Company Subsidiary','F3132E850E5844BA529DAB71EAsubsidary.xml',0,1,'','0','','EE185CE0B82B41C1724F284685','name',NULL,NULL),('F3364969091612B580AA048D2F','0','1',20030207000000,NULL,00000000000000,'project_category','Project Category','F3364A2BBD637707AE3BDFF2A2project_category.xml',0,1,'','0','','EE185CE0B82B41C1724F284685','code',NULL,NULL);
INSERT INTO `descriptor` (`id`,`descriptor_group_id`,`create_by`,`create_date`,`update_by`,`update_date`,`name`,`description`,`url_descriptor`,`descriptor_flag`,`active_flag`,`url_action`,`type_flag`,`wizard_id`,`site_id`,`collection_default`,`descriptorFlag`,`typeFlag`) VALUES ('F38E7A30DCFFF83E486D127CCE','0','1',20030224131739,NULL,00000000000000,'support','Support','F38E7AB3E69C3C7012B53514Esupport.xml',0,1,'','0','','EE185CE0B82B41C1724F284685','',NULL,NULL),('F3C2963AD8A291EF75E1311711','0','1',20030306160837,NULL,00000000000000,'news_portal','Portal News','F3C296D4B7BD61D6AF35236209news_portal.xml',0,1,'','0','','EE185CE0B82B41C1724F284685','',NULL,NULL),('F3C2998AFDB590924800ACCC95','0','1',20030306161200,NULL,00000000000000,'press_release_portal','Portal Press Release','F3C299ED617911DCD21F77671Dpress_release_portal.xml',0,1,'','0','','EE185CE0B82B41C1724F284685','',NULL,NULL),('F3FF0CB5A1F1B01FDBEF1218F6','0','1',20030318102217,'1',20030318102217,'site_map','Site Map Makin Portal','F3FF1589275839556819920595site_map.xml',0,1,'','0','','EE185CE0B82B41C1724F284685','headline',NULL,NULL),('F3FF36F3D74BBBACD7A0D5E93A','0','1',20030318111517,'1',20030318111517,'makin_subsidary','Makin & Subsidiary','F3FF50CA76AF5A7FA334794A35makin_subsidary.xml',0,1,'','0','','EE185CE0B82B41C1724F284685','headline',NULL,NULL);
INSERT INTO `descriptor` (`id`,`descriptor_group_id`,`create_by`,`create_date`,`update_by`,`update_date`,`name`,`description`,`url_descriptor`,`descriptor_flag`,`active_flag`,`url_action`,`type_flag`,`wizard_id`,`site_id`,`collection_default`,`descriptorFlag`,`typeFlag`) VALUES ('F501956E01E1C9C2DFFEC614DB','0','1',20030507144649,NULL,00000000000000,'blueoxygen_recipe','Blueoxygen Recipe','F5019638B7BC20088017CBE407blueoxygen_recipe.xml',0,1,'','0','','EE185CE0B82B41C1724F284685','headline',NULL,NULL),('F50196413176576A64F6F27A86','0','1',20030507144747,'1',20030507144747,'blueoxygen_review','Blueoxygen Review','F5019719FA5B4020A109DD1AA5blueoxygen_review.xml',0,1,'','0','','EE185CE0B82B41C1724F284685','headline',NULL,NULL),('F501EBD2F6B03958384BD30C50','0','1',20030507162054,NULL,00000000000000,'blueoxygen_project','Blueoxygen Project','F501EC5B2ABA18CDE4BBDE4520blueoxygen_project.xml',0,1,'','0','','EE185CE0B82B41C1724F284685','headline',NULL,NULL),('F6D5663C181596843F9DAFEC8A','0','1',20030829091652,'1',20030829091652,'activity_journal','Activity Journal','F74B7D1DF5BE649752143CD9E2journal.xml',0,1,'../module/activity/journal/index.jsp?','0','','EE185CE0B82B41C1724F284685','',NULL,NULL),('F6DBF0819B1E35DD4776A0BD24','0','1',20030829092533,'1',20030829092533,'activity_journal_detail','Activity Journal Detail','F74B850E5677B305207CF691D0journal_detail.xml',0,1,'','0','','EE185CE0B82B41C1724F284685','',NULL,NULL);
INSERT INTO `descriptor` (`id`,`descriptor_group_id`,`create_by`,`create_date`,`update_by`,`update_date`,`name`,`description`,`url_descriptor`,`descriptor_flag`,`active_flag`,`url_action`,`type_flag`,`wizard_id`,`site_id`,`collection_default`,`descriptorFlag`,`typeFlag`) VALUES ('F72286592BB6E269D3A30B39AF','0','1',20030821102911,'1',20030821102911,'user_role','User Role','F7228C72A2853EBA53D7F373Buser_role.xml',0,1,'','0','','EE185CE0B82B41C1724F284685','',NULL,NULL),('F74B611636B6B145443194E9','0','1',20030829092715,'1',20030829092715,'activity_task','Activity Task',NULL,0,1,'../module/activity/task/index.jsp?','1','','EE185CE0B82B41C1724F284685','id',NULL,NULL),('F76A9583B418F4FB3D261C1D53','0','1',20030904101328,NULL,00000000000000,'usersite_v2.0','User Manager ver.2.0',NULL,0,1,'../module/usersite_v2.0/index.jsp?','1','','EE185CE0B82B41C1724F284685','',NULL,NULL),('F7AEF1A3414EC7F52B452E9562','0','1',20030917164807,NULL,00000000000000,'task_comment','Task Comment','F7AEF31370158C908F33061FBCtask_comment.xml',0,1,'','0','','EE185CE0B82B41C1724F284685','id',NULL,NULL),('F7D31BDF6B4015D5066BA1910E','0','1',20030924172542,'1',20030924172542,'activity_project','Activity Project',NULL,0,1,'../module/activity/project/index.jsp?','1','','EE185CE0B82B41C1724F284685','id',NULL,NULL);
INSERT INTO `descriptor` (`id`,`descriptor_group_id`,`create_by`,`create_date`,`update_by`,`update_date`,`name`,`description`,`url_descriptor`,`descriptor_flag`,`active_flag`,`url_action`,`type_flag`,`wizard_id`,`site_id`,`collection_default`,`descriptorFlag`,`typeFlag`) VALUES ('F8EE2D45B9F7549B13124FA380','0','1',20031119124622,'1',20031119124622,'report','Report','F8F28661A5DC903BB8EC3F802Dreport.xml',0,1,'../module/report/index.jsp?','1','','EE185CE0B82B41C1724F284685','id',NULL,NULL),('F9552F9670D50E99AC4C09F898','0','1',20031208164538,'1',20031208164538,'notulen','notulen 1','F9553A42B09653043DAC558888notulen.xml',0,1,'','0','','EE185CE0B82B41C1724F284685','',NULL,NULL),('FA1212E66C7D445B11998E48BB','0','1',20040114085107,NULL,00000000000000,'report_security','report_security','FA12132015E9571BD695A473D6report_security.xml',0,1,'','0','','EE185CE0B82B41C1724F284685','',NULL,NULL),('ff80808101cc408d0101cc46c890','0','1',20050201000000,'1',20050201000000,'asdf','asdf','',0,1,'asdf','1',NULL,NULL,'description',1,1),('ff80808101cc408d0101cc47242d','0','1',20050201000000,'1',20050201000000,'zzzzzzz','zzzzzz','zzzzzzz',0,1,'zzz','1',NULL,NULL,'description',1,1);
INSERT INTO `descriptor` (`id`,`descriptor_group_id`,`create_by`,`create_date`,`update_by`,`update_date`,`name`,`description`,`url_descriptor`,`descriptor_flag`,`active_flag`,`url_action`,`type_flag`,`wizard_id`,`site_id`,`collection_default`,`descriptorFlag`,`typeFlag`) VALUES ('101d04c5ed7aa7d177303f0cee','0','1',20050202065022,NULL,00000000000000,'descriptor2','Descriptor v2.0',NULL,0,1,'','2','','EE185CE0B82B41C1724F284685','',NULL,NULL);

DROP TABLE IF EXISTS `descriptor_group`;
CREATE TABLE `descriptor_group` (
  `id` varchar(32) NOT NULL default '',
  `group_id` varchar(255) default NULL,
  `folder` varchar(128) default NULL,
  `description` varchar(128) default NULL,
  `create_by` varchar(32) default NULL,
  `update_by` varchar(32) default NULL,
  `create_date` date default NULL,
  `update_date` date default NULL,
  `active_flag` int(11) default NULL,
  PRIMARY KEY  (`id`)
) TYPE=MyISAM;

DROP TABLE IF EXISTS `module_function`;
CREATE TABLE `module_function` (
  `id` varchar(36) NOT NULL default '',
  `name` varchar(128) NOT NULL default '',
  `description` varchar(255) default NULL,
  `descriptor_id` varchar(36) default NULL,
  `iparent` varchar(36) default '0',
  `ref_desc` varchar(255) default 'id',
  `viewall_flag` tinyint(1) default '1',
  `active_flag` tinyint(1) default '1',
  `create_by` varchar(36) default NULL,
  `create_date` timestamp(14) NOT NULL,
  `update_by` varchar(36) default NULL,
  `update_date` timestamp(14) NOT NULL default '00000000000000',
  `status_id` char(2) NOT NULL default 'ic',
  `site_id` varchar(36) default NULL,
  PRIMARY KEY  (`id`)
) TYPE=MyISAM;
INSERT INTO `module_function` (`id`,`name`,`description`,`descriptor_id`,`iparent`,`ref_desc`,`viewall_flag`,`active_flag`,`create_by`,`create_date`,`update_by`,`update_date`,`status_id`,`site_id`) VALUES ('1','','User Management','25','E8D32F8713656B89EF6796025F','id',1,1,NULL,20020529013950,'1',20020413112504,'0','EE185CE0B82B41C1724F284685'),('11','','BackEnd User','13','1','first_name',1,1,NULL,20020529013950,'1',20010712222254,'0','EE185CE0B82B41C1724F284685'),('12','','User Role','14','1','name',1,1,NULL,20020529013950,NULL,00000000000000,'0','EE185CE0B82B41C1724F284685'),('23','','Descriptor Manager','1','E8D32F8713656B89EF6796025F','description',0,1,NULL,20020529013950,'1',20020413113517,'0','EE185CE0B82B41C1724F284685'),('25','','Section','7','23','description',0,1,NULL,20020529013950,'1',20010712222005,'0','EE185CE0B82B41C1724F284685'),('26','','Category','6','23','description',0,1,NULL,20020529013950,'1',20010712222226,'0','EE185CE0B82B41C1724F284685'),('3','','Content Manager','25','0','id',1,1,NULL,20020529013950,'1',20020330093516,'0','EE185CE0B82B41C1724F284685'),('35','','Section','7','3','description',0,1,NULL,20020529013950,'1',20010712222245,'0','EE185CE0B82B41C1724F284685');
INSERT INTO `module_function` (`id`,`name`,`description`,`descriptor_id`,`iparent`,`ref_desc`,`viewall_flag`,`active_flag`,`create_by`,`create_date`,`update_by`,`update_date`,`status_id`,`site_id`) VALUES ('36','','Category','6','3','description',0,1,NULL,20020529013950,'1',20010909173524,'0','EE185CE0B82B41C1724F284685'),('E8D4BC0E76909677DF21CAFE8E','','Assign OSML to Site','E8D4B8FCEB555B9D2AD8D143F6','ED2D8E6981552183D56CF629BA','id',0,1,'1',20020529013950,'1',20020413112621,'0','EE185CE0B82B41C1724F284685'),('4','','Workflow Designer','25','0','id',1,1,NULL,20020529013950,'1',20010712230818,'0','EE185CE0B82B41C1724F284685'),('ECE4EFFA9FAC1F0A6BD1F28156','','Site','2','E8D33058A24E65A33F1BD6FCCC','id',0,1,'1',20020529013950,NULL,00000000000000,'ic','EE185CE0B82B41C1724F284685'),('42','','WF Role','14','4','name',1,1,NULL,20020529013950,NULL,00000000000000,'0','EE185CE0B82B41C1724F284685'),('51','','Module Function','31','ED2D8E6981552183D56CF629BA','description',0,1,NULL,20020529013950,'1',20020413112924,'0','EE185CE0B82B41C1724F284685'),('52','','Role Privilage','32','ED2D8E6981552183D56CF629BA','role_id',0,1,NULL,20020529013950,'1',20020413112300,'0','EE185CE0B82B41C1724F284685');
INSERT INTO `module_function` (`id`,`name`,`description`,`descriptor_id`,`iparent`,`ref_desc`,`viewall_flag`,`active_flag`,`create_by`,`create_date`,`update_by`,`update_date`,`status_id`,`site_id`) VALUES ('6','','Content Editor','25','0','id',1,1,NULL,20020529013950,'1',20010712230833,'0','EE185CE0B82B41C1724F284685'),('61','','Article','23','EE1A5E08C260764DF3D46FCC84','id',0,1,NULL,20020617135937,'1',20020617135937,'0','EE185CE0B82B41C1724F284685'),('62','','Template','22','EE39F5854E5520F32410A32496','name',0,1,NULL,20020604141145,'1',20020604141145,'0','EE185CE0B82B41C1724F284685'),('63','','Ads Banner','25','E7B5F42F47F3BDBD009F4A70F4','id',0,1,NULL,20020529013950,'1',20011215182246,'0','EE185CE0B82B41C1724F284685'),('64','','Ads Product','26','E7B5F42F47F3BDBD009F4A70F4','id',0,1,NULL,20020529013950,'1',20011215182250,'0','EE185CE0B82B41C1724F284685'),('E7B5A7F5C033744C200FEC899D','','Net Usage','E7A780DC22C766324AD6580578','E7B5F42F47F3BDBD009F4A70F4','id',0,1,'1',20020529013950,'1',20010909151308,'0','EE185CE0B82B41C1724F284685'),('E7B5F42F47F3BDBD009F4A70F4','','Toolbox','25','0','id',0,1,'1',20020529013950,'1',20010715164239,'0','EE185CE0B82B41C1724F284685');
INSERT INTO `module_function` (`id`,`name`,`description`,`descriptor_id`,`iparent`,`ref_desc`,`viewall_flag`,`active_flag`,`create_by`,`create_date`,`update_by`,`update_date`,`status_id`,`site_id`) VALUES ('E7B5F51BDE7170F031CCE84DF','','Poll','E7A781781AF25277BE8E49C2F4','E7B5F42F47F3BDBD009F4A70F4','question',1,1,'1',20020529013950,'1',20010715164632,'0','EE185CE0B82B41C1724F284685'),('E8D0C6E9E135A68EEFBC3D4C89','','Backend User ACL','E8D0C5535B234E62585FD6F09D','1','id',0,1,'1',20020529013950,'1',20010908153631,'0','EE185CE0B82B41C1724F284685'),('E8D32F8713656B89EF6796025F','','Site Manager','25','0','id',0,1,'1',20020529013950,'1',20010909020058,'0','EE185CE0B82B41C1724F284685'),('ED2EE37F5D7E051284ACBAD88F','','Global Parameter','ED2EE26B3A598A0761F1E1C84B','E8D32F8713656B89EF6796025F','id',0,1,'1',20020529013950,'1',20020413173349,'ic','EE185CE0B82B41C1724F284685'),('E8D33058A24E65A33F1BD6FCCC','','Multi Site','2','E8D32F8713656B89EF6796025F','id',0,1,'1',20020712024801,'1',20020712024801,'0','EE185CE0B82B41C1724F284685'),('E8D330891A7C95E6B3B0EF5892','','OSML','E8D32766091238C92EFF1BA529','E8D33058A24E65A33F1BD6FCCC','description',1,1,'1',20020529013950,'1',20020330085325,'0','EE185CE0B82B41C1724F284685');
INSERT INTO `module_function` (`id`,`name`,`description`,`descriptor_id`,`iparent`,`ref_desc`,`viewall_flag`,`active_flag`,`create_by`,`create_date`,`update_by`,`update_date`,`status_id`,`site_id`) VALUES ('E8D4AA6A8DC3BCE11B5562E09E','','Descriptor to Workflow','E8D4A7375EAF7B953F36C71292','23','description',1,1,'1',20020529013950,'1',20020330085255,'0','EE185CE0B82B41C1724F284685'),('E8D67AEA7A9FE58DF2AC73AAD1','','WF Action Status','17','4','description',1,1,'1',20020529013950,'1',20010909172125,'0','EE185CE0B82B41C1724F284685'),('E8D67C9AE5FA7732C75A8D0F4E','','WF Activity Status','18','4','description',1,1,'1',20020529013950,'1',20010909172216,'0','EE185CE0B82B41C1724F284685'),('E8F8A2421A2ED5C6F1CA05B57C','','WF Hierarchy','E8F8A0871FE7869F292A6CF810','4','id',0,1,'1',20020529013950,NULL,00000000000000,'ic','EE185CE0B82B41C1724F284685'),('E8F898DC38D6EA48412B3F8801','','Test','E8F88D6556F74E17CF1A3BD36D','4','id',1,0,'1',20020529013950,NULL,00000000000000,'ic','EE185CE0B82B41C1724F284685'),('E8F8A629B4B1D34EA31956BA5B','','OSML','E8D32766091238C92EFF1BA529','4','id',0,1,'1',20020529013950,NULL,00000000000000,'ic','EE185CE0B82B41C1724F284685');
INSERT INTO `module_function` (`id`,`name`,`description`,`descriptor_id`,`iparent`,`ref_desc`,`viewall_flag`,`active_flag`,`create_by`,`create_date`,`update_by`,`update_date`,`status_id`,`site_id`) VALUES ('E8FA5E072DCE6E7D8916691658','','WF History','E8F706107AAD19C157222E67C9','4','id',0,1,'1',20020529013950,NULL,00000000000000,'ic','EE185CE0B82B41C1724F284685'),('F50198ED2AA8765DFE7518E9D7','','Blueoxygen Review','F50196413176576A64F6F27A86','EE1A5E08C260764DF3D46FCC84','id',1,1,'1',20030507144957,NULL,00000000000000,'ic','EE185CE0B82B41C1724F284685'),('F501ED0D52A6EB2D3F32C2A2C7','','Blueoxygen Project','F501EBD2F6B03958384BD30C50','EE1A5E08C260764DF3D46FCC84','id',1,1,'1',20030507162153,NULL,00000000000000,'ic','EE185CE0B82B41C1724F284685'),('EACA42569235E40E79B3F48E5E','','UoM Master','EACA413AA6581697889BF0623D','EACA39DCA77602CFD35DAC87AE','id',0,1,'1',20020529013950,NULL,00000000000000,'ic','EE185CE0B82B41C1724F284685'),('EACA445AB441EAAB8F3B4E0A23','','UoM Conversion','EACA415ECB83E40EE3F6D8CEE5','EACA39DCA77602CFD35DAC87AE','id',0,1,'1',20020529013950,NULL,00000000000000,'ic','EE185CE0B82B41C1724F284685'),('ED6B8F19E8636AF7C0E392380C','','Product','25','EACA39DCA77602CFD35DAC87AE','id',0,1,'1',20020529013950,'1',20020501165802,'ic','EE185CE0B82B41C1724F284685');
INSERT INTO `module_function` (`id`,`name`,`description`,`descriptor_id`,`iparent`,`ref_desc`,`viewall_flag`,`active_flag`,`create_by`,`create_date`,`update_by`,`update_date`,`status_id`,`site_id`) VALUES ('ED6B8F5DC6D51321B5FA837B8A','','Product','ED6B716DB53DFB1AD79B338A42','ED6B8F19E8636AF7C0E392380C','id',0,1,'1',20020529013950,NULL,00000000000000,'ic','EE185CE0B82B41C1724F284685'),('EACA4C0C8758F5D749E5E2F31B','','Descriptor Group','EACA4B7F9596396050B73AB5EF','23','id',0,1,'1',20020529013950,'1',20020329155407,'ic','EE185CE0B82B41C1724F284685'),('EACB984A4A84AE7B4BCFD2EA62','','Glossary','E7A77FB00E6254A09B8342341C','E7B5F42F47F3BDBD009F4A70F4','id',0,1,'1',20020529013950,NULL,00000000000000,'ic','EE185CE0B82B41C1724F284685'),('EACB987D3821EECE9043B8F2F2','','FAQ','E7A77F657568CBF5B670623DCD','E7B5F42F47F3BDBD009F4A70F4','id',0,1,'1',20020529013950,NULL,00000000000000,'ic','EE185CE0B82B41C1724F284685'),('EACB98BAD5B257B77794FB1187','','Web Link','E7A781CFBA45A3CB44C81D8236','E7B5F42F47F3BDBD009F4A70F4','id',0,1,'1',20020529013950,NULL,00000000000000,'ic','EE185CE0B82B41C1724F284685'),('EACB9FE3D2D4D16736E1335234','','To Do','EACB9F549BCDBA63D42F1EF9DF','E7B5F42F47F3BDBD009F4A70F4','id',0,1,'1',20020529013950,NULL,00000000000000,'ic','EE185CE0B82B41C1724F284685');
INSERT INTO `module_function` (`id`,`name`,`description`,`descriptor_id`,`iparent`,`ref_desc`,`viewall_flag`,`active_flag`,`create_by`,`create_date`,`update_by`,`update_date`,`status_id`,`site_id`) VALUES ('EAD2D2409EC1022AEBD088385','','Wizard','25','0','id',0,1,'1',20020529013950,NULL,00000000000000,'ic','EE185CE0B82B41C1724F284685'),('EAD2D2CA783ABBEB6EE0B65346','','Wizard','EAD2D1C50028FD5258593CE983','EAD2D2409EC1022AEBD088385','wiz_name',1,1,'1',20020529013950,'1',20011218120529,'ic','EE185CE0B82B41C1724F284685'),('EAD2D3043647C032750043F759','','Wizard Steps','EAD2D1FB743D69F352E4779C1','EAD2D2409EC1022AEBD088385','name',0,1,'1',20020529013950,'1',20011218120514,'ic','EE185CE0B82B41C1724F284685'),('ED2D68133C43DC88AF1CC899AB','','Component Manager','25','0','id',0,1,'1',20020529013950,'1',20020413104618,'ic','EE185CE0B82B41C1724F284685'),('EAF37D6694FD9EF45F21816545','','Product','EAF378C7E66A25F458B3A45F5F','EACA319302C5B45E20059EDF39','id',0,1,'1',20020529013950,NULL,00000000000000,'ic','EE185CE0B82B41C1724F284685'),('EA6404C3F622A53B84FDC064FD','','Unit of Measure','EA63FEC28E8B17A920D615472F','ED8B72F73A774CE6156A3B8B50','id',0,1,'1',20020529013950,'1',20020501165439,'ic','EE185CE0B82B41C1724F284685');
INSERT INTO `module_function` (`id`,`name`,`description`,`descriptor_id`,`iparent`,`ref_desc`,`viewall_flag`,`active_flag`,`create_by`,`create_date`,`update_by`,`update_date`,`status_id`,`site_id`) VALUES ('EA640520ACB3A436070A6B9C33','','UoM Class Conversion','EA63FF2E22296F72374F1A90BE','EACA39DCA77602CFD35DAC87AE','id',0,1,'1',20020529013950,NULL,00000000000000,'ic','EE185CE0B82B41C1724F284685'),('EA6405843B661B7F000D4AB3FE','','UoM Class','EA63FF7EF31172D21CEC60386D','ED8B72F73A774CE6156A3B8B50','id',0,1,'1',20020529013950,'1',20020501165445,'ic','EE185CE0B82B41C1724F284685'),('EC27743B3895635D4C5A8AB066','','Sales Order','EC277327D3BE4303E75DA7385','EACA319302C5B45E20059EDF39','id',0,1,'1',20020529013950,NULL,00000000000000,'ic','EE185CE0B82B41C1724F284685'),('EC279F578F5E11206ABAAC0654','','Program Mobil (Probil)','EC277FC604E5A3618F4E0DAC2A','EC279D8DE8320908065B827C6','id',0,1,'1',20020529013950,'1',20020221144615,'ic','EE185CE0B82B41C1724F284685'),('EC279FB9A17C2816412C15C2BE','','Program Motor (Protor)','EC277EFD42E80758F490BEE3CA','EC279D8DE8320908065B827C6','id',0,1,'1',20020529013950,'1',20020221144620,'ic','EE185CE0B82B41C1724F284685'),('EC279FEC498549224682BB8042','','Program Rumah (Promah)','EC27800E1C85E45260395CC14D','EC279D8DE8320908065B827C6','id',0,1,'1',20020529013950,'1',20020221144624,'ic','EE185CE0B82B41C1724F284685');
INSERT INTO `module_function` (`id`,`name`,`description`,`descriptor_id`,`iparent`,`ref_desc`,`viewall_flag`,`active_flag`,`create_by`,`create_date`,`update_by`,`update_date`,`status_id`,`site_id`) VALUES ('EC27A032FA33BC19E9E61EB99E','','Program Sejahtera (Prosa)','EC277F3565FE498EEA44C87B0D','EC279D8DE8320908065B827C6','id',0,1,'1',20020529013950,'1',20020221145022,'ic','EE185CE0B82B41C1724F284685'),('EC27A078B9F81C3FC196DD724F','','Program Wisata/Ibadah Suci (Prowis)','EC277F6F724C601B96A094ECAC','EC279D8DE8320908065B827C6','id',0,1,'1',20020529013950,'1',20020221144643,'ic','EE185CE0B82B41C1724F284685'),('38','','Descriptor','1','23','description',0,1,NULL,20020529013950,'1',20011125215915,'0','EE185CE0B82B41C1724F284685'),('ED2D686287AFF8328D83B60279','','Component Library','ED2D5FC89DA4B624B60783E281','ED2D68133C43DC88AF1CC899AB','id',0,1,'1',20020529013950,NULL,00000000000000,'ic','EE185CE0B82B41C1724F284685'),('ED2D69489685DBC48502D9C8F8','','Component Methods','ED2D68F33A20F0789CE1B8CAD0','ED2D68133C43DC88AF1CC899AB','id',0,1,'1',20020529013950,NULL,00000000000000,'ic','EE185CE0B82B41C1724F284685'),('ED2D698299D342316F70D11755','','Component Package','ED2D68AA3264045584C17F100C','ED2D68133C43DC88AF1CC899AB','id',0,1,'1',20020529013950,'1',20020413104648,'ic','EE185CE0B82B41C1724F284685');
INSERT INTO `module_function` (`id`,`name`,`description`,`descriptor_id`,`iparent`,`ref_desc`,`viewall_flag`,`active_flag`,`create_by`,`create_date`,`update_by`,`update_date`,`status_id`,`site_id`) VALUES ('ED2D8E6981552183D56CF629BA','','Module Manager','25','E8D32F8713656B89EF6796025F','id',0,1,'1',20020529013950,NULL,00000000000000,'ic','EE185CE0B82B41C1724F284685'),('ED62A45A92D42FE1D91C1AD105','','UoM Conversion','25','ED8B72F73A774CE6156A3B8B50','id',0,1,'1',20020529013950,'1',20020501165453,'ic','EE185CE0B82B41C1724F284685'),('ED667069063ABD4426DCD76E1E','','Intraclass Conversion','ED666557E377911B0E672412D7','ED62A45A92D42FE1D91C1AD105','id',0,1,'1',20020529013950,'1',20020424122611,'ic','EE185CE0B82B41C1724F284685'),('ED62B33DB7909E0D4E3AD94FD5','','UoM Standardclass Conversion','ED62981B3E9E8FDBEBB06FCD2F','ED62A45A92D42FE1D91C1AD105','id',0,1,'1',20020529013950,NULL,00000000000000,'ic','EE185CE0B82B41C1724F284685'),('ED666D3A067BCE37F5ACF7382D','','Standard Conversion','ED665FD94B6AC6DA166949BC6A','ED62A45A92D42FE1D91C1AD105','id',0,1,'1',20020529013950,NULL,00000000000000,'ic','EE185CE0B82B41C1724F284685'),('ED6671B434B3220B039DEFE74C','','Interclass Conversion','ED6665F7ECCBF0B90275BEE375','ED62A45A92D42FE1D91C1AD105','id',0,1,'1',20020529013950,NULL,00000000000000,'ic','EE185CE0B82B41C1724F284685');
INSERT INTO `module_function` (`id`,`name`,`description`,`descriptor_id`,`iparent`,`ref_desc`,`viewall_flag`,`active_flag`,`create_by`,`create_date`,`update_by`,`update_date`,`status_id`,`site_id`) VALUES ('ED80F62472E718F26076A2D05C','','Sales Order','ED80F08BA5B5CE411B8C161520','ED8A78A2E41B435000EC3170B','id',0,1,'1',20020529013950,'1',20020501122052,'ic','EE185CE0B82B41C1724F284685'),('ED80F6677F693279D6A82D44D7','','Order Detail','ED80F1DFB463D6D67608FE97CD','ED8A78A2E41B435000EC3170B','id',0,1,'1',20020529013950,'1',20020501122129,'ic','EE185CE0B82B41C1724F284685'),('ED81022A1DACBEFB98B29AAB1C','','Purchase Order','ED8100EADE893CD9EDBC21C39E','ED8A78A2E41B435000EC3170B','id',0,1,'1',20020529013950,'1',20020501122106,'ic','EE185CE0B82B41C1724F284685'),('ED8A7BC50FDBD9687C72A75A4D','','Shipment Method','ED8A23950175908D976F4EB046','EACA39DCA77602CFD35DAC87AE','id',0,1,'1',20020529013950,'1',20020501165905,'ic','EE185CE0B82B41C1724F284685'),('ED8A7C5F6C31C472C0C652FF23','','Provider','25','EACA39DCA77602CFD35DAC87AE','id',0,1,'1',20020529013950,'1',20020501165722,'ic','EE185CE0B82B41C1724F284685'),('ED8A7CB160F2B435A606CEAFA8','','Provider','ED8A6CFBC6B303B8D7D61F9A02','ED8A7C5F6C31C472C0C652FF23','id',0,1,'1',20020529013950,'1',20020501122546,'ic','EE185CE0B82B41C1724F284685');
INSERT INTO `module_function` (`id`,`name`,`description`,`descriptor_id`,`iparent`,`ref_desc`,`viewall_flag`,`active_flag`,`create_by`,`create_date`,`update_by`,`update_date`,`status_id`,`site_id`) VALUES ('ED8B7A9E5FDBBDCB25E413CA57','','Member','ED8EF6E40C8CD0C8A1ED378B50','EACA39DCA77602CFD35DAC87AE','id',0,1,'1',20020529013950,'1',20020502091952,'ic','EE185CE0B82B41C1724F284685'),('ED8B45918465A653AEEAE120BF','','Product Category','6','ED6B8F19E8636AF7C0E392380C','id',0,1,'1',20020529013950,'1',20020501161033,'ic','EE185CE0B82B41C1724F284685'),('ED8B72F73A774CE6156A3B8B50','','Conversion','25','EACA39DCA77602CFD35DAC87AE','id',0,1,'1',20020529013950,NULL,00000000000000,'ic','EE185CE0B82B41C1724F284685'),('EDA3EFCF78D41269D083025F4','','test','25','EDA3E90CE63AE04E6159FFC6E4','id',0,1,'1',20020529013950,NULL,00000000000000,'ic','EE185CE0B82B41C1724F284685'),('EDCEAE3ACC2987011BBB65CC98','','Collection Admin','EDCEA76E0E114961F605AAF79C','EE7CDF9E6099DD3FC1199246DA','id',0,1,'1',20020617140452,'1',20020617140452,'ic','EE185CE0B82B41C1724F284685'),('EDF168C3681C926B22748CA0B3','','Page Collection','EDEDA3BC67E064D0E609CF84FE','EE7CDF9E6099DD3FC1199246DA','id',0,1,'1',20020617140526,'1',20020617140526,'ic','EE185CE0B82B41C1724F284685');
INSERT INTO `module_function` (`id`,`name`,`description`,`descriptor_id`,`iparent`,`ref_desc`,`viewall_flag`,`active_flag`,`create_by`,`create_date`,`update_by`,`update_date`,`status_id`,`site_id`) VALUES ('EE18830F5DC1FEA166E6A28930','','User Site','EE187CB92554E9877310D9041D','ED2D8E6981552183D56CF629BA','id',0,1,'1',20020529021923,'1',20020529021923,'ic','EE185CE0B82B41C1724F284685'),('F5019890E51E20FC73A3CADA93','','Blueoxygen Recipe','F501956E01E1C9C2DFFEC614DB','EE1A5E08C260764DF3D46FCC84','id',1,1,'1',20030507144944,NULL,00000000000000,'ic','EE185CE0B82B41C1724F284685'),('EE1A5CA1CECDE983AE507C9C67','','Contact Us','EE1633BB40ED75204D7CB5464E','EE1A5E08C260764DF3D46FCC84','id',0,1,'1',20020529105755,'1',20020529105755,'ic','EE185CE0B82B41C1724F284685'),('EE1A5E08C260764DF3D46FCC84','','Asset','25','6','id',0,1,'1',20020617135909,'1',20020617135909,'ic','EE185CE0B82B41C1724F284685'),('EE1A5F891A5482EA3F602CBCC1','','Company Profile','EE16334FF2AE40BA3386D21C2A','EE1A5E08C260764DF3D46FCC84','id',0,1,'1',20020529105828,NULL,00000000000000,'ic','EE185CE0B82B41C1724F284685'),('EE1A5FEBEA158A28D78D2B3EC5','','Event','EE163461EFCD80B5C80D88A308','EE1A5E08C260764DF3D46FCC84','id',0,1,'1',20020529105845,NULL,00000000000000,'ic','EE185CE0B82B41C1724F284685');
INSERT INTO `module_function` (`id`,`name`,`description`,`descriptor_id`,`iparent`,`ref_desc`,`viewall_flag`,`active_flag`,`create_by`,`create_date`,`update_by`,`update_date`,`status_id`,`site_id`) VALUES ('EE1A603403A36C966BF725F368','','News','EE1634B19EB64BB12485263F79','EE1A5E08C260764DF3D46FCC84','id',0,1,'1',20020529105901,NULL,00000000000000,'ic','EE185CE0B82B41C1724F284685'),('EE1A606B53D3CEFE510663E98','','News Detail','EE1634FFE547DA245362CB98CF','EE1A5E08C260764DF3D46FCC84','id',0,1,'1',20020529105914,NULL,00000000000000,'ic','EE185CE0B82B41C1724F284685'),('EE1A60A2356144063FBE492D61','','Press Release','EE16354AB187B638CC4579F8B6','EE1A5E08C260764DF3D46FCC84','id',1,1,'1',20020925111620,'1',20020925111620,'ic','EE185CE0B82B41C1724F284685'),('EE8C73784D7D531B86ED097FD3','','User Site','EE8C6A49BC200D77F9DD3F92AA','1','id',1,1,'1',20020620145717,'1',20020620145717,'ic','EE185CE0B82B41C1724F284685'),('EE1A61B2A1A0C8BE6C48C0F3F5','','Services','EE163600A2BAD87965E20E9C9A','EE1A5E08C260764DF3D46FCC84','id',0,1,'1',20020529110044,NULL,00000000000000,'ic','EE185CE0B82B41C1724F284685'),('EE1A61FC2D491128A88A008D14','','Web Link','E7A781CFBA45A3CB44C81D8236','EE1A5E08C260764DF3D46FCC84','id',0,1,'1',20020529110109,NULL,00000000000000,'ic','EE185CE0B82B41C1724F284685');
INSERT INTO `module_function` (`id`,`name`,`description`,`descriptor_id`,`iparent`,`ref_desc`,`viewall_flag`,`active_flag`,`create_by`,`create_date`,`update_by`,`update_date`,`status_id`,`site_id`) VALUES ('EE39ADF2FC5CDFA2DB9008A30D','','Collection Descriptor','EE399186B35C580610D4EDD7A3','3','id',0,1,'1',20020604125223,NULL,00000000000000,'ic','EE185CE0B82B41C1724F284685'),('EE39EF833C39910E2471AB68E7','','Template Object','EE39EDBA36471BA27231DAFF78','EE39F5854E5520F32410A32496','id',0,1,'1',20020604141120,'1',20020604141120,'ic','EE185CE0B82B41C1724F284685'),('EE39EFB816116F26B5401A6060','','Template Object Detail','EE39EDFFA5C0438D014F92A9A3','EE39F5854E5520F32410A32496','id',0,1,'1',20020604141123,'1',20020604141123,'ic','EE185CE0B82B41C1724F284685'),('EE39F5854E5520F32410A32496','','Theme Management','25','3','id',0,1,'1',20020604141020,'',00000000000000,'ic','EE185CE0B82B41C1724F284685'),('EED88A4C15CEA32D7E1C4283F2','','Theme','EE39DC68885D4E61299258E68D','EE39F5854E5520F32410A32496','id',1,1,'1',20030911101856,NULL,00000000000000,'ic','EE185CE0B82B41C1724F284685'),('EE48E6CEF1F8BCBA9F049A6E6E','','Collection Content','EE399186B35C580610D4EDD7A3','EE7CDF9E6099DD3FC1199246DA','id',0,1,'1',20020617140431,'1',20020617140431,'ic','EE185CE0B82B41C1724F284685');
INSERT INTO `module_function` (`id`,`name`,`description`,`descriptor_id`,`iparent`,`ref_desc`,`viewall_flag`,`active_flag`,`create_by`,`create_date`,`update_by`,`update_date`,`status_id`,`site_id`) VALUES ('EE7CDF9E6099DD3FC1199246DA','','Collection','25','6','id',0,1,'1',20020617140054,NULL,00000000000000,'ic','EE185CE0B82B41C1724F284685'),('EE8CBAA3FAE3FFAA751B24FCE8','','Company','EE8CAB795CE226A0B079E64626','1','id',1,1,'1',20020620155435,NULL,00000000000000,'ic','EE185CE0B82B41C1724F284685'),('EEB4A48DA9C8C4A256FE643997','','Role Manager','EEB49F22144357635AD6A684B6','ED2D8E6981552183D56CF629BA','id',1,1,'1',20020628095524,NULL,00000000000000,'ic','EE185CE0B82B41C1724F284685'),('EED8906F8537D3F8CD4391F1A5','','Skin','EED88F7EFBC8DFF1C5A048C73D','EE39F5854E5520F32410A32496','id',1,1,'1',20030911101701,'',00000000000000,'ic','EE185CE0B82B41C1724F284685'),('EF1EE9CDFBA6F6A9A4355F5A40','','Open Job','EF1EE6CF42F37C9EA72FAE3B94','EE1A5E08C260764DF3D46FCC84','id',0,1,'1',20020719011035,NULL,00000000000000,'ic','EE185CE0B82B41C1724F284685'),('EF1F0FC131CC7CB3E418786C62','','Role Site Privilage','EF1F0CD62F63F3B0A7205D5BC4','ED2D8E6981552183D56CF629BA','id',1,1,'1',20020719015207,NULL,00000000000000,'ic','EE185CE0B82B41C1724F284685');
INSERT INTO `module_function` (`id`,`name`,`description`,`descriptor_id`,`iparent`,`ref_desc`,`viewall_flag`,`active_flag`,`create_by`,`create_date`,`update_by`,`update_date`,`status_id`,`site_id`) VALUES ('EF76D18A48B031996C5DC48D78','','About Us','EF76BA4ED5D8F2A21B1933A750','EE1A5E08C260764DF3D46FCC84','id',1,1,'1',20020805025045,NULL,00000000000000,'ic','EE185CE0B82B41C1724F284685'),('EFE479BDC925B9D51CC38E1E84','','Client Survey','EFE457F0C2A80EC35CC399876D','1','id',1,1,'1',20020826095314,NULL,00000000000000,'ic','EE185CE0B82B41C1724F284685'),('F1158BCC10255DDC5563C9DC07','','Document Pooling','F1157841F5337A8CFCCD319BB2','0','id',1,1,'1',20021030142522,'1',20021030142522,'ic','EE185CE0B82B41C1724F284685'),('F1158CCDD11434588CA2EA56D5','','Document Pooling','F1157841F5337A8CFCCD319BB2','F1158BCC10255DDC5563C9DC07','id',1,1,'1',20021115143957,NULL,00000000000000,'ic','EE185CE0B82B41C1724F284685'),('F15DB4CB9E88FF3BD7726BFC44','','Search Manager','F15DB026AF629532843A3CC580','0','id',1,1,'1',20021107155432,NULL,00000000000000,'ic','EE185CE0B82B41C1724F284685'),('F15DB89361AEB21B2DF92412E4','','Search Manager','F15DB026AF629532843A3CC580','F15DB4CB9E88FF3BD7726BFC44','id',1,1,'1',20021107155833,NULL,00000000000000,'ic','EE185CE0B82B41C1724F284685');
INSERT INTO `module_function` (`id`,`name`,`description`,`descriptor_id`,`iparent`,`ref_desc`,`viewall_flag`,`active_flag`,`create_by`,`create_date`,`update_by`,`update_date`,`status_id`,`site_id`) VALUES ('F181256EFAB34BB6B9EFB721CC','','Document Category','F1812260A4353E752C091D087','F1158BCC10255DDC5563C9DC07','id',1,1,'1',20021114130409,NULL,00000000000000,'ic','EE185CE0B82B41C1724F284685'),('F186E1B0CC5DB5F3EDC4F2E768','','Intranet Content','25','0','id',1,1,'1',20021115154810,NULL,00000000000000,'ic','EE185CE0B82B41C1724F284685'),('F186E2836A912AA158D23810A7','','Collection Manager','25','F186E1B0CC5DB5F3EDC4F2E768','id',1,1,'1',20021119110745,'1',20021119110745,'ic','EE185CE0B82B41C1724F284685'),('F186E3575C2F3C6F0BEF8235E9','','Page Asset','25','F186E1B0CC5DB5F3EDC4F2E768','id',1,1,'1',20021115154945,NULL,00000000000000,'ic','EE185CE0B82B41C1724F284685'),('F186E3FC85BCF10E7A697E806C','','Tips & Trick','F186E0333C668AE9C8CFD62426','F186E3575C2F3C6F0BEF8235E9','id',1,1,'1',20021115155032,NULL,00000000000000,'ic','EE185CE0B82B41C1724F284685'),('F19A814FB25D3EA4E2D48D6D6B','','Product','EE163600A2BAD87965E20E9C9A','F19A7F329A716789FAA42C03C1','id',1,1,'1',20021119111515,NULL,00000000000000,'ic','EE185CE0B82B41C1724F284685');
INSERT INTO `module_function` (`id`,`name`,`description`,`descriptor_id`,`iparent`,`ref_desc`,`viewall_flag`,`active_flag`,`create_by`,`create_date`,`update_by`,`update_date`,`status_id`,`site_id`) VALUES ('F19A7ED8E71F5BE9AC192EE65A','','Portal Content','25','0','id',1,1,'1',20021119111213,NULL,00000000000000,'ic','EE185CE0B82B41C1724F284685'),('F19A7F329A716789FAA42C03C1','','Portal Asset','25','F19A7ED8E71F5BE9AC192EE65A','id',1,1,'1',20021119111251,NULL,00000000000000,'ic','EE185CE0B82B41C1724F284685'),('F186F239E24F545BD3178E4F33','','Page Collection','EDEDA3BC67E064D0E609CF84FE','F186E2836A912AA158D23810A7','id',1,1,'1',20021115160554,NULL,00000000000000,'ic','EE185CE0B82B41C1724F284685'),('F186F3A6AA8A14E2F56B0E2827','','News','EE1634B19EB64BB12485263F79','F186E3575C2F3C6F0BEF8235E9','id',1,1,'1',20021115160730,NULL,00000000000000,'ic','EE185CE0B82B41C1724F284685'),('F186F3F1DA9903033F7C1F807B','','Article','23','F186E3575C2F3C6F0BEF8235E9','id',1,1,'1',20021115160746,NULL,00000000000000,'ic','EE185CE0B82B41C1724F284685'),('F186FBC579E451F9CD3BC0D48A','','Quote','F186FA34E6B83A503DEE249E3','F186E3575C2F3C6F0BEF8235E9','id',1,1,'1',20021115161618,NULL,00000000000000,'ic','EE185CE0B82B41C1724F284685');
INSERT INTO `module_function` (`id`,`name`,`description`,`descriptor_id`,`iparent`,`ref_desc`,`viewall_flag`,`active_flag`,`create_by`,`create_date`,`update_by`,`update_date`,`status_id`,`site_id`) VALUES ('F19A7FAB0355B44FB0408CD6DE','','Collection Manager','25','F19A7ED8E71F5BE9AC192EE65A','id',1,1,'1',20021119111313,NULL,00000000000000,'ic','EE185CE0B82B41C1724F284685'),('F19A7B5D6D54ABEA9BB780C3B7','','Collection Admin','EDCEA76E0E114961F605AAF79C','F186E2836A912AA158D23810A7','id',1,1,'1',20021119110827,NULL,00000000000000,'ic','EE185CE0B82B41C1724F284685'),('F19A7BA4458F38C6B77F5B8DCD','','Collection Content','EE399186B35C580610D4EDD7A3','F186E2836A912AA158D23810A7','id',1,1,'1',20021119110843,NULL,00000000000000,'ic','EE185CE0B82B41C1724F284685'),('F19A81CECA66A080F46A81932A','','Portal News','F3C2963AD8A291EF75E1311711','F19A7F329A716789FAA42C03C1','id',1,1,'1',20030306160934,'1',20030306160934,'ic','EE185CE0B82B41C1724F284685'),('F19A8208C4D0045F72E0A54E60','','Press Release','F3C2998AFDB590924800ACCC95','F19A7F329A716789FAA42C03C1','id',1,1,'1',20030306161221,'1',20030306161221,'ic','EE185CE0B82B41C1724F284685'),('F19A8263FD67026FCE30784CBA','','Company','EE8CAB795CE226A0B079E64626','F19A7F329A716789FAA42C03C1','id',1,1,'1',20021119111611,NULL,00000000000000,'ic','EE185CE0B82B41C1724F284685');
INSERT INTO `module_function` (`id`,`name`,`description`,`descriptor_id`,`iparent`,`ref_desc`,`viewall_flag`,`active_flag`,`create_by`,`create_date`,`update_by`,`update_date`,`status_id`,`site_id`) VALUES ('F19A82F208CE9F6C4D525B9C00','','Collection Admin','EDCEA76E0E114961F605AAF79C','F19A7FAB0355B44FB0408CD6DE','id',1,1,'1',20021119111647,NULL,00000000000000,'ic','EE185CE0B82B41C1724F284685'),('F19A8338034FA816E06935C600','','Collection Content','EE399186B35C580610D4EDD7A3','F19A7FAB0355B44FB0408CD6DE','id',1,1,'1',20021119111700,NULL,00000000000000,'ic','EE185CE0B82B41C1724F284685'),('F19A836AE86EC73C59BF5F374B','','Page Collection','EDEDA3BC67E064D0E609CF84FE','F19A7FAB0355B44FB0408CD6DE','id',1,1,'1',20021119111716,NULL,00000000000000,'ic','EE185CE0B82B41C1724F284685'),('F1A9BF72A66F581B6857855165','','Priority','F1A9BE53CA5154655E89CC4AD2','F1A62489F16437AD6D12617D3F','id',1,1,'1',20021122101710,NULL,00000000000000,'ic','EE185CE0B82B41C1724F284685'),('F1A62489F16437AD6D12617D3F','','Project Tracking','F1A59EF36F336E28498926F38A','0','id',1,1,'1',20030828104234,'1',20030828104234,'ic','EE185CE0B82B41C1724F284685'),('F1A624EB9526FD1A59CD158BC7','','Employee Information','F1A61B7AD45A8FE0C7226CB73C','F1A62489F16437AD6D12617D3F','id',1,1,'1',20021121172936,NULL,00000000000000,'ic','EE185CE0B82B41C1724F284685');
INSERT INTO `module_function` (`id`,`name`,`description`,`descriptor_id`,`iparent`,`ref_desc`,`viewall_flag`,`active_flag`,`create_by`,`create_date`,`update_by`,`update_date`,`status_id`,`site_id`) VALUES ('F1A625448A704615291D4581DE','','Project Tracking','F1A59EF36F336E28498926F38A','F1A62489F16437AD6D12617D3F','id',1,1,'1',20021121172956,NULL,00000000000000,'ic','EE185CE0B82B41C1724F284685'),('F1A9C67D15E2986771AD77CBBA','','Project Status','F1A9C5BF337F99C98C8944ACE1','F1A62489F16437AD6D12617D3F','id',1,1,'1',20021122102452,NULL,00000000000000,'ic','EE185CE0B82B41C1724F284685'),('F1BFBBE2C7411758F563732ECD','','Upload Document Project Task','F1BF9F2D933537D9BBF0E629E4','F1A62489F16437AD6D12617D3F','id',1,1,'1',20030220122449,'1',20030220122449,'ic','EE185CE0B82B41C1724F284685'),('F38E892615D22924DE6CE8146E','','Support','F38E7A30DCFFF83E486D127CCE','F33661890F73F3C0A23436294A','id',1,1,'1',20030224133347,NULL,00000000000000,'ic','EE185CE0B82B41C1724F284685'),('F2C647BF9481395356EA353559','','Press Release','EE16354AB187B638CC4579F8B6','F186E3575C2F3C6F0BEF8235E9','id',1,1,'1',20030116161811,NULL,00000000000000,'ic','EE185CE0B82B41C1724F284685'),('F2E59999C4BC031F855FED41BB','','Job Position','F2E587923AC44C8979FBF2F26C','1','id',1,1,'1',20030122181554,NULL,00000000000000,'ic','EE185CE0B82B41C1724F284685');
INSERT INTO `module_function` (`id`,`name`,`description`,`descriptor_id`,`iparent`,`ref_desc`,`viewall_flag`,`active_flag`,`create_by`,`create_date`,`update_by`,`update_date`,`status_id`,`site_id`) VALUES ('F2E91756B4D92F2D18A2B144B1','','Web Link','E7A781CFBA45A3CB44C81D8236','F186E3575C2F3C6F0BEF8235E9','id',0,1,'1',20030123103158,NULL,00000000000000,'ic','EE185CE0B82B41C1724F284685'),('F2E91DA0EFB3A152EB7423CBA4','','FAQ','E7A77F657568CBF5B670623DCD','F186E3575C2F3C6F0BEF8235E9','id',0,1,'1',20030123103848,NULL,00000000000000,'ic','EE185CE0B82B41C1724F284685'),('F30D7095672A65622F148FA797','','Makin Fact & Figure','F30D6D4A72F6871D6DB046BCB6','F19A7F329A716789FAA42C03C1','id',1,1,'1',20030130115558,NULL,00000000000000,'ic','EE185CE0B82B41C1724F284685'),('F312B2C7BFD5E6E00F7CCA6ADB','','Board of Directors','F312A7DFF0D600D4866CCD4E28','F19A7F329A716789FAA42C03C1','name',1,1,'1',20030131123405,'1',20030131123405,'ic','EE185CE0B82B41C1724F284685'),('F312E00EEFFC798E3AA8055F4E','','Company Structure','EF76BA4ED5D8F2A21B1933A750','F19A7F329A716789FAA42C03C1','id',1,1,'1',20030131131544,NULL,00000000000000,'ic','EE185CE0B82B41C1724F284685'),('F3132B9BB14E4FA7D3E852A86B','','Makin Subsidary','F3132892F57B236985F02B3F4F','F19A7F329A716789FAA42C03C1','id',1,1,'1',20030131143817,NULL,00000000000000,'ic','EE185CE0B82B41C1724F284685');
INSERT INTO `module_function` (`id`,`name`,`description`,`descriptor_id`,`iparent`,`ref_desc`,`viewall_flag`,`active_flag`,`create_by`,`create_date`,`update_by`,`update_date`,`status_id`,`site_id`) VALUES ('F332C5E9BCE1F6445D1E65EE03','','Company','F332B5D5577E444B78297AFE84','1','id',1,1,'1',20030206175458,NULL,00000000000000,'ic','EE185CE0B82B41C1724F284685'),('F3364B1292286DF2B446BBBC43','','Project Category','F3364969091612B580AA048D2F','F1A62489F16437AD6D12617D3F','id',1,1,'1',20030207101928,NULL,00000000000000,'ic','EE185CE0B82B41C1724F284685'),('F33661890F73F3C0A23436294A','','Admin Content','25','0','id',1,1,'1',20030207104406,NULL,00000000000000,'ic','EE185CE0B82B41C1724F284685'),('F3366239B2E746258A96784B26','','Company','F332B5D5577E444B78297AFE84','F33661890F73F3C0A23436294A','id',1,1,'1',20030207104437,NULL,00000000000000,'ic','EE185CE0B82B41C1724F284685'),('F33662885F4BE7EDBCB1C001A7','','Category','6','F33661890F73F3C0A23436294A','id',1,1,'1',20030207104454,NULL,00000000000000,'ic','EE185CE0B82B41C1724F284685'),('F3FF120177723F1520DDDD6C81','','Site Map','F3FF0CB5A1F1B01FDBEF1218F6','F19A7F329A716789FAA42C03C1','id',1,1,'1',20030318100042,NULL,00000000000000,'ic','EE185CE0B82B41C1724F284685');
INSERT INTO `module_function` (`id`,`name`,`description`,`descriptor_id`,`iparent`,`ref_desc`,`viewall_flag`,`active_flag`,`create_by`,`create_date`,`update_by`,`update_date`,`status_id`,`site_id`) VALUES ('F3FF3858B6F31A66F21CE05204','','Makin Subsidary','F3FF36F3D74BBBACD7A0D5E93A','F19A7F329A716789FAA42C03C1','id',1,1,'1',20030318105612,'1',20030318105612,'ic','EE185CE0B82B41C1724F284685'),('F74B66C47DA8D50D2A0357552A','','Journal Detail','F6DBF0819B1E35DD4776A0BD24','F74B5F495A997365A16C0D6058','id',1,1,'1',20030829085239,NULL,00000000000000,'ic','EE185CE0B82B41C1724F284685'),('F74B667C336B1E055C5BDB4F4E','','Jounal Activity','F6D5663C181596843F9DAFEC8A','F74B5F495A997365A16C0D6058','id',1,1,'1',20030829085226,NULL,00000000000000,'ic','EE185CE0B82B41C1724F284685'),('F74B5F495A997365A16C0D6058','','Activity Management','25','0','id',1,1,'1',20030829084517,NULL,00000000000000,'ic','EE185CE0B82B41C1724F284685'),('F74B62467A86A58C20B83B28E','','Task Activity','F74B611636B6B145443194E9','F74B5F495A997365A16C0D6058','id',1,1,'1',20030829084746,NULL,00000000000000,'ic','EE185CE0B82B41C1724F284685'),('F76A981B3D378CD724E6D4680E','','User Manager ver.2.0','F76A9583B418F4FB3D261C1D53','1','id',1,1,'1',20030904101457,NULL,00000000000000,'ic','EE185CE0B82B41C1724F284685');
INSERT INTO `module_function` (`id`,`name`,`description`,`descriptor_id`,`iparent`,`ref_desc`,`viewall_flag`,`active_flag`,`create_by`,`create_date`,`update_by`,`update_date`,`status_id`,`site_id`) VALUES ('F7D3200F14DA31238DAB32DFB8','','Project Activity','F7D31BDF6B4015D5066BA1910E','F74B5F495A997365A16C0D6058','id',1,1,'1',20030924172405,NULL,00000000000000,'ic','EE185CE0B82B41C1724F284685'),('F8EE2EDC0C6B2F32924D03427F','','Report Management','25','0','id',1,1,'1',20031118163328,NULL,00000000000000,'ic','EE185CE0B82B41C1724F284685'),('F8EE30624CC03759054ABAFC29','','Templates','F8EE2D45B9F7549B13124FA380','F8EE2EDC0C6B2F32924D03427F','id',1,1,'1',20031118163442,NULL,00000000000000,'ic','EE185CE0B82B41C1724F284685'),('101d052cd725122ca24fdc22485','','Descriptor','101d04c5ed7aa7d177303f0cee','23','id',1,1,'1',20050202064817,NULL,00000000000000,'ic','EE185CE0B82B41C1724F284685');

DROP TABLE IF EXISTS `page_collection`;
CREATE TABLE `page_collection` (
  `id` varchar(36) NOT NULL default '',
  `site_id` varchar(36) NOT NULL default '',
  `name` varchar(128) default NULL,
  `description` text,
  `skin_id` varchar(36) NOT NULL default '',
  `descriptor_id` varchar(36) NOT NULL default '',
  `create_by` varchar(36) default NULL,
  `create_date` timestamp(14) NOT NULL,
  `update_by` varchar(36) default NULL,
  `update_date` timestamp(14) NOT NULL default '00000000000000',
  `osml_id` varchar(36) default '0',
  `status_id` varchar(36) default 'ic',
  `active_flag` tinyint(1) NOT NULL default '1',
  PRIMARY KEY  (`id`)
) TYPE=MyISAM;
INSERT INTO `page_collection` (`id`,`site_id`,`name`,`description`,`skin_id`,`descriptor_id`,`create_by`,`create_date`,`update_by`,`update_date`,`osml_id`,`status_id`,`active_flag`) VALUES ('EDF2443813F00F1BF2C6BD8562','ED2E4202F2AE0340726C67A877','main_page','Main Page','EF33952CCDF48014677207390C','25',NULL,20020731000000,NULL,00000000000000,'0','ic',1),('EF3DD618C889897019A439732','ED2E4202F2AE0340726C67A877','about_us','Green Matrix About Us','EF3DD04583B1E0BF80BF38F7B4','25',NULL,20020731000000,NULL,00000000000000,'0','ic',1),('EE7C72FC589FF167B7B8978BEC','EDDCA9DCE41A14EE5D5ABE7E3C','solution_detail','Solution Page','EEED90B7B09350BB36F389A43E','EE163600A2BAD87965E20E9C9A',NULL,20020729000000,NULL,00000000000000,'0','ic',1),('EE24CA21C58A6418C358BCB0E2','EE185CE0B82B41C1724F284685','cimande','cimande','EED8A79711FD1B9C63BA7ADA0E','',NULL,20020705000000,NULL,00000000000000,'0','ic',1),('EF3E3F0419D7F9729AE28D8D6E','ED2E4202F2AE0340726C67A877','contact_us','Green Matrix Contact Us','EF3DD0B340E38780B1B49BB820','25',NULL,20020731000000,NULL,00000000000000,'0','ic',1),('EE7CCE9C61D7D9ED63A579A196','EDDCA9DCE41A14EE5D5ABE7E3C','solution','','EEEE887BFAA2FB39A07504A03A','25',NULL,20021015000000,NULL,00000000000000,'0','ic',1);
INSERT INTO `page_collection` (`id`,`site_id`,`name`,`description`,`skin_id`,`descriptor_id`,`create_by`,`create_date`,`update_by`,`update_date`,`osml_id`,`status_id`,`active_flag`) VALUES ('EE7CCFA78F6D0C6E8C7F0711F6','EDDCA9DCE41A14EE5D5ABE7E3C','news','','EEED8F61ACA8FD143C4A127AE','25',NULL,20020729000000,NULL,00000000000000,'0','ic',1),('EE7CCFEE491A0E3B6A5497D05D','EDDCA9DCE41A14EE5D5ABE7E3C','news_detail','','EEED8FAA79AC379210C5F52060','EE1634B19EB64BB12485263F79',NULL,20020729000000,NULL,00000000000000,'0','ic',1),('EE7CD0F71F15D0FC571C472A3F','EDDCA9DCE41A14EE5D5ABE7E3C','press_release','Press Release Page','EEED91195E6BDC9CF09ECB2DF3','25',NULL,20020729000000,NULL,00000000000000,'0','ic',1),('EF3E486027CD676EEB50BB88A7','ED2E4202F2AE0340726C67A877','press_release','Green Matrix Press Release','EF3DD27718347862F68D50A66','EE16354AB187B638CC4579F8B6',NULL,20020731000000,NULL,00000000000000,'0','ic',1),('EEFB3546C96942F32BA73D2837','EDDCA9DCE41A14EE5D5ABE7E3C','main_page','Main Page of Intercitra Website','EEED8E57002048A2E9071DAF76','25',NULL,20020730000000,NULL,00000000000000,'0','ic',1),('EEFB66A82BBA981ABDCDD0F336','EDDCA9DCE41A14EE5D5ABE7E3C','about_us','About Us Detail Page','EEED8EE4881FA530706324955E','25',NULL,20020729000000,NULL,00000000000000,'0','ic',1);
INSERT INTO `page_collection` (`id`,`site_id`,`name`,`description`,`skin_id`,`descriptor_id`,`create_by`,`create_date`,`update_by`,`update_date`,`osml_id`,`status_id`,`active_flag`) VALUES ('EEFB671AFB98DFAFD13702A2B6','EDDCA9DCE41A14EE5D5ABE7E3C','contact_us','Contact Us Input Form','EEED8F22116F192E521FCB6C46','25',NULL,20020729000000,NULL,00000000000000,'0','ic',1),('EF19B5F650A671C3BD83C6CD37','EDDCA9DCE41A14EE5D5ABE7E3C','press_release_detail','Press Release Detail','EEED915B2AE8D8F40ACED882C5','EE16354AB187B638CC4579F8B6',NULL,20020730000000,NULL,00000000000000,'0','ic',1),('EF1EF9CA64986834DE8B1107F5','EDDCA9DCE41A14EE5D5ABE7E3C','open_job_detail','Open Job Detail','EF1EEC2113DFA19FB81258C38A','EF1EE6CF42F37C9EA72FAE3B94',NULL,20020729000000,NULL,00000000000000,'0','ic',1),('EF3E4A1FD930D3F55FE60D71EB','ED2E4202F2AE0340726C67A877','latest_news','Green Matrix Latest News','EF3DB199C4997C0D4CF66C2FE3','EE1634B19EB64BB12485263F79',NULL,20020730000000,NULL,00000000000000,'0','ic',1),('EF3E4C91A4FC8D8B3D69E33A0C','ED2E4202F2AE0340726C67A877','our_solutions','Green Matrix Our Solutions','EF3DD1C31AAA5A6C655E9DE458','EE163600A2BAD87965E20E9C9A',NULL,20020731000000,NULL,00000000000000,'0','ic',1);
INSERT INTO `page_collection` (`id`,`site_id`,`name`,`description`,`skin_id`,`descriptor_id`,`create_by`,`create_date`,`update_by`,`update_date`,`osml_id`,`status_id`,`active_flag`) VALUES ('EF3E5B33DB2B41B00EBD520A2D','ED2E4202F2AE0340726C67A877','our_solution_details','Green Matrix Our Solution Details','EF3DD11C4B8AF9FF295F58BA9E','EE163600A2BAD87965E20E9C9A',NULL,20020731000000,NULL,00000000000000,'0','ic',1),('EF3E62C28C692B6F12ABB8444B','ED2E4202F2AE0340726C67A877','latest_news_details','Green Matrix Latest News Details','EF3DCE12F3E784A3504C51EE52','EE1634B19EB64BB12485263F79',NULL,20020731000000,NULL,00000000000000,'0','ic',1),('EF3E65A1E6DA0C6EDDC1849967','ED2E4202F2AE0340726C67A877','press_release_details','Green Matrix Press Release Details','EF3DD3C0DE6F7365ABC3BC9FB7','EE16354AB187B638CC4579F8B6',NULL,20020731000000,NULL,00000000000000,'0','ic',1),('EF5D4EEB993D601978D2A9B1B1','ED2E4202F2AE0340726C67A877','open_job','Open Job','EF3DD45212976F3861F684F91C','EF1EE6CF42F37C9EA72FAE3B94',NULL,20020731000000,NULL,00000000000000,'0','ic',1),('EF61EBE35B969F4673370B2083','EDDCAA0575D694D2560CC2511F','main_page','Main Page','EF878D43B44129DB9FF337D315','25',NULL,20020808000000,NULL,00000000000000,'0','ic',1);
INSERT INTO `page_collection` (`id`,`site_id`,`name`,`description`,`skin_id`,`descriptor_id`,`create_by`,`create_date`,`update_by`,`update_date`,`osml_id`,`status_id`,`active_flag`) VALUES ('EF620671B2D8FF97E9378AF9F4','EDDCAA0575D694D2560CC2511F','our_solutions','Our Solutions','EF8790300BE12E5CCE2C2E4701','EE163600A2BAD87965E20E9C9A',NULL,20020808000000,NULL,00000000000000,'0','ic',1),('EF627EC23B9147AA2660FFB9CA','EF62687CC1170D25FC73E0051C','main_page','Main Page','EF61D94A207A243FA2C5E7DACC','23',NULL,20020801000000,NULL,00000000000000,'0','ic',1),('EF6686333E17BA23A91D28BF74','EF62687CC1170D25FC73E0051C','our_solutions','Our Solutions','EF61D9BA4FA37DC5D61F0B8B6A','EE163600A2BAD87965E20E9C9A',NULL,20020801000000,NULL,00000000000000,'0','ic',1),('EF6692056DD285D1F852EC5517','EF62687CC1170D25FC73E0051C','about_us','About Us','EF61DD5C4D4F996AE3D9853CD8','25',NULL,20020801000000,NULL,00000000000000,'0','ic',1),('EF6706D25EC924ECA1B7B16A67','EF62687CC1170D25FC73E0051C','latest_news','Latest News','EF61DAA20FF6FC31E28AAFACDB','EE1634B19EB64BB12485263F79',NULL,20020802000000,NULL,00000000000000,'0','ic',1),('EF670DDA1C2334375FB7DFBC4C','EF62687CC1170D25FC73E0051C','press_release','Press Release','EF61DA32CA45F6895A5FF65099','EE16354AB187B638CC4579F8B6',NULL,20020802000000,NULL,00000000000000,'0','ic',1);
INSERT INTO `page_collection` (`id`,`site_id`,`name`,`description`,`skin_id`,`descriptor_id`,`create_by`,`create_date`,`update_by`,`update_date`,`osml_id`,`status_id`,`active_flag`) VALUES ('EF6727F71CFE669F4CB952B586','EF62687CC1170D25FC73E0051C','contact_us','Contact Us','EF61DCC666E816B86B1EF4A04B','23',NULL,20020802000000,NULL,00000000000000,'0','ic',1),('EF67474EAB993A923F9991F26D','EF62687CC1170D25FC73E0051C','press_release_detail','Press Release Detail','EF61DC5B0983D882183BF23C11','EE16354AB187B638CC4579F8B6',NULL,20020802000000,NULL,00000000000000,'0','ic',1),('EF67542644748EC41A104CDBD6','EF62687CC1170D25FC73E0051C','latest_news_detail','Latest News Detail','EF61DB0ABCB2C0383ED89CF3BE','EE1634B19EB64BB12485263F79',NULL,20020802000000,NULL,00000000000000,'0','ic',1),('EF6775ADB3CB233515945B3C44','EF62687CC1170D25FC73E0051C','our_solutions_detail','Our Solutions Detail','EF61DBC92A5A01266BD3D0D049','EE163600A2BAD87965E20E9C9A',NULL,20020802000000,NULL,00000000000000,'0','ic',1),('EF7710A1291755B321405AB0EF','EE1B28DE85CED7258C4D46D2E2','main_page','Main Page','EF770682B51853368774F11E41','23',NULL,20020805000000,NULL,00000000000000,'0','ic',1);
INSERT INTO `page_collection` (`id`,`site_id`,`name`,`description`,`skin_id`,`descriptor_id`,`create_by`,`create_date`,`update_by`,`update_date`,`osml_id`,`status_id`,`active_flag`) VALUES ('EF7710FD241522562748FDB505','EE1B28DE85CED7258C4D46D2E2','about_us','About Us','EF7706DCFA2042BE91940B9029','EF76BA4ED5D8F2A21B1933A750',NULL,20020805000000,NULL,00000000000000,'0','ic',1),('EF774E5BB6704460C14A05B178','EE1B28DE85CED7258C4D46D2E2','our_solutions','Our Solutions','EF77097FA9F464579815DAB4DB','EE163600A2BAD87965E20E9C9A',NULL,20020805000000,NULL,00000000000000,'0','ic',1),('EF776ECC8533F1DCD8771A673E','EE1B28DE85CED7258C4D46D2E2','press_release','Press Release','EF770A3D3C54272D02290A7ACF','EE16354AB187B638CC4579F8B6',NULL,20020805000000,NULL,00000000000000,'0','ic',1),('EF7B149A3B1F991DC9DC557434','EE1B28DE85CED7258C4D46D2E2','latest_news','Lates News','EF770890284513762413980D61','EE1634B19EB64BB12485263F79',NULL,20020805000000,NULL,00000000000000,'0','ic',1),('EF83E8305D147F07BDA66CFD87','EE1B28DE85CED7258C4D46D2E2','contact_us','Contact Us','EF7708560D9A33A55538E8D5DD','25',NULL,20020807000000,NULL,00000000000000,'0','ic',1),('EF83E8C7F3F067529DEEF2976F','EE1B28DE85CED7258C4D46D2E2','our_solutions_detail','Our Solutions Detail','EF7709E076918224E2C5B07B7A','EE163600A2BAD87965E20E9C9A',NULL,20020807000000,NULL,00000000000000,'0','ic',1);
INSERT INTO `page_collection` (`id`,`site_id`,`name`,`description`,`skin_id`,`descriptor_id`,`create_by`,`create_date`,`update_by`,`update_date`,`osml_id`,`status_id`,`active_flag`) VALUES ('EF83E9957BAD9DACFEB3B99228','EE1B28DE85CED7258C4D46D2E2','press_release_detail','Press Release Detail','EF770A8FA2B9C566FEB2D07D71','EE16354AB187B638CC4579F8B6',NULL,20020807000000,NULL,00000000000000,'0','ic',1),('EF83EA1701723C106B5DDD79F5','EE1B28DE85CED7258C4D46D2E2','latest_news_detail','Latest News Detail','EF7708F5A92C7708E431064FF','EE1634B19EB64BB12485263F79',NULL,20020807000000,NULL,00000000000000,'0','ic',1),('EF87E6C46078E6ADE3CC37678A','EDDCAA0575D694D2560CC2511F','about_us','About Us','EF878D94EA13DF41D77ECEEA3F','EF76BA4ED5D8F2A21B1933A750',NULL,20020808000000,NULL,00000000000000,'0','ic',1),('EF881575F96BDDA74A2F9F67CF','EDDCAA0575D694D2560CC2511F','contact_us','Contact Us','EF878DE1DCA0A8D06486C85DA6','23',NULL,20020808000000,NULL,00000000000000,'0','ic',1),('EF88311F355F6697A7A15241F6','EDDCAA0575D694D2560CC2511F','latest_news','Latest News','EF878E3C0754B2250A49C18A01','EE1634B19EB64BB12485263F79',NULL,20020808000000,NULL,00000000000000,'0','ic',1),('EF8CEB306882629A3A349C4DA0','EDDCAA0575D694D2560CC2511F','our_solutions_detail','Our Solutions Detail','EF87930075DA19F24E509D71A0','EE163600A2BAD87965E20E9C9A',NULL,20020809000000,NULL,00000000000000,'0','ic',1);
INSERT INTO `page_collection` (`id`,`site_id`,`name`,`description`,`skin_id`,`descriptor_id`,`create_by`,`create_date`,`update_by`,`update_date`,`osml_id`,`status_id`,`active_flag`) VALUES ('EF8CEBFC8737ED0AEB94671FE5','EDDCAA0575D694D2560CC2511F','latest_news_detail','Latest News Detail','EF878EBEE25A571043B9E2D699','EE1634B19EB64BB12485263F79',NULL,20020809000000,NULL,00000000000000,'0','ic',1),('EF8CECAE032AA95498E258BA5F','EDDCAA0575D694D2560CC2511F','press_release_detail','Press Release Detail','EF878F2718A11A7D23D6EBF386','EE16354AB187B638CC4579F8B6',NULL,20020809000000,NULL,00000000000000,'0','ic',1),('EF8CEDB9638E69EAE45AA9C1B4','EDDCAA0575D694D2560CC2511F','press_release','Press Release','EF878FD2836818603346084F2F','EE16354AB187B638CC4579F8B6',NULL,20020809000000,NULL,00000000000000,'0','ic',1),('EF8E41866B8177D79F12CAAB4A','EF8E260F5EE7A2E8ECE6F2F3A3','main_page','Main Page','EF8E277F34F1C4DE8229CFC10D','23',NULL,20020809000000,NULL,00000000000000,'0','ic',1),('EF8E45713A4A84AC617D643646','EF8E260F5EE7A2E8ECE6F2F3A3','our_solutions','Our Solutions','EF8E2910D6DC72DE5A739B7323','EE163600A2BAD87965E20E9C9A',NULL,20020809000000,NULL,00000000000000,'0','ic',1),('EF8E45F70D38098217F3204833','EF8E260F5EE7A2E8ECE6F2F3A3','latest_news','Latest News','EF8E2AA141B4B44CED456914C8','EE1634B19EB64BB12485263F79',NULL,20020809000000,NULL,00000000000000,'0','ic',1);
INSERT INTO `page_collection` (`id`,`site_id`,`name`,`description`,`skin_id`,`descriptor_id`,`create_by`,`create_date`,`update_by`,`update_date`,`osml_id`,`status_id`,`active_flag`) VALUES ('EF8E469192716E4177E8AE9E69','EF8E260F5EE7A2E8ECE6F2F3A3','press_release','Press Release','EF8E29F7DF9BD41DE59E1B3273','EE16354AB187B638CC4579F8B6',NULL,20020809000000,NULL,00000000000000,'0','ic',1),('EF8E4703CCD3FD17EAF48DB207','EF8E260F5EE7A2E8ECE6F2F3A3','about_us','About Us','EF8E285DE8A1E858D8BCC33A12','EF76BA4ED5D8F2A21B1933A750',NULL,20020809000000,NULL,00000000000000,'0','ic',1),('EF8E476A72C68187818F3CB5A3','EF8E260F5EE7A2E8ECE6F2F3A3','contact_us','Contact Us','EF8E28BDB57036C93F24B9B14E','23',NULL,20020809000000,NULL,00000000000000,'0','ic',1),('EF8E47BA5DAD18EA08DA96AE10','EF8E260F5EE7A2E8ECE6F2F3A3','latest_news_detail','Latest News Detail','EF8E2B0BB26649B06A069D8519','EE1634B19EB64BB12485263F79',NULL,20020809000000,NULL,00000000000000,'0','ic',1),('EF8E48391C972F711E2B9156E7','EF8E260F5EE7A2E8ECE6F2F3A3','press_release_detail','Press Release Detail','EF8E2A49DD1A4B7CB00B8D1A88','EE16354AB187B638CC4579F8B6',NULL,20020809000000,NULL,00000000000000,'0','ic',1),('EF8E48C49144CA95A0A1285F5E','EF8E260F5EE7A2E8ECE6F2F3A3','our_solutions_detail','Our Solutions Detail','EF8E29788AD8D3BFDC5F397011','EE163600A2BAD87965E20E9C9A',NULL,20020809000000,NULL,00000000000000,'0','ic',1);
INSERT INTO `page_collection` (`id`,`site_id`,`name`,`description`,`skin_id`,`descriptor_id`,`create_by`,`create_date`,`update_by`,`update_date`,`osml_id`,`status_id`,`active_flag`) VALUES ('EF8E494CB3417536B4C7864C0D','EF8E260F5EE7A2E8ECE6F2F3A3','open_jobs','Open Jobs','EF8E2B6302127EB28DF0796D9','EF1EE6CF42F37C9EA72FAE3B94',NULL,20020809000000,NULL,00000000000000,'0','ic',1),('F07B5DECBC9820D2C4A0997697','F07B23B53C6185EACC86EFE1D8','main_page','Main Page','F07B379B79C9CD7743C23D2596','EF76BA4ED5D8F2A21B1933A750',NULL,20020924000000,NULL,00000000000000,'0','ic',1),('F08040377B159867B63329097A','F07B23B53C6185EACC86EFE1D8','forum','Forum','F07B3995D35970D90584A8EE7F','EF76BA4ED5D8F2A21B1933A750',NULL,20020925000000,NULL,00000000000000,'0','ic',1),('F083F2AFBD672047F65BC8E27C','F07B23B53C6185EACC86EFE1D8','recipe','Recipe','F07B3801CF22E2E91A2A70AE4D','EE1634B19EB64BB12485263F79',NULL,20020926000000,NULL,00000000000000,'0','ic',1),('F083FA41C296D2549F9BCC92A5','F07B23B53C6185EACC86EFE1D8','project','Project','F07B3AFC312B9E0CA737CE8886','EE1634B19EB64BB12485263F79',NULL,20020926000000,NULL,00000000000000,'0','ic',1),('F0E64DB4BE71F4619D1F2686B5','EDDCA9DCE41A14EE5D5ABE7E3C','latest_news','Latest News','EEED8F61ACA8FD143C4A127AE','EE1634B19EB64BB12485263F79',NULL,20021015000000,NULL,00000000000000,'0','ic',1);
INSERT INTO `page_collection` (`id`,`site_id`,`name`,`description`,`skin_id`,`descriptor_id`,`create_by`,`create_date`,`update_by`,`update_date`,`osml_id`,`status_id`,`active_flag`) VALUES ('F08423844B51176B81DFF67352','F07B23B53C6185EACC86EFE1D8','review','Review','F07B3CA6AAD39BFD520EFFEFC0','EE1634B19EB64BB12485263F79',NULL,20020926000000,NULL,00000000000000,'0','ic',1),('F0842A677E305275FF9B0053C3','F07B23B53C6185EACC86EFE1D8','contact_us','Contact Us','F07B3C19D634A84A21B00B2304','EF76BA4ED5D8F2A21B1933A750',NULL,20020926000000,NULL,00000000000000,'0','ic',1),('F084348DB860453D6349097F08','F07B23B53C6185EACC86EFE1D8','resource','Resource','F07B3A364057068AFB1D09B24B','E7A781CFBA45A3CB44C81D8236',NULL,20020926000000,NULL,00000000000000,'0','ic',1),('F0846040A08C2276BB6D12E742','F07B23B53C6185EACC86EFE1D8','recipe_detail','Recipe Detail','F07B38486BD0AC516EDA596175','EE1634B19EB64BB12485263F79',NULL,20020926000000,NULL,00000000000000,'0','ic',1),('F09DE35103CB6229E57415D40A','F07B23B53C6185EACC86EFE1D8','press_release','Press Release','F09DDFE362D841F17A30993ED','EE16354AB187B638CC4579F8B6',NULL,20021001000000,NULL,00000000000000,'0','ic',1),('F09DBD4A6D15B9A4E250AE165','F07B23B53C6185EACC86EFE1D8','press_release_detail','Press Release Detail','F07B392A0461FE3079C1826E3A','EE16354AB187B638CC4579F8B6',NULL,20021001000000,NULL,00000000000000,'0','ic',1);
INSERT INTO `page_collection` (`id`,`site_id`,`name`,`description`,`skin_id`,`descriptor_id`,`create_by`,`create_date`,`update_by`,`update_date`,`osml_id`,`status_id`,`active_flag`) VALUES ('F09DC31E56256DB4D5065F94AD','F07B23B53C6185EACC86EFE1D8','review_detail','Review Detail','F07B3CF003DAFE9F27A30978A7','EE1634B19EB64BB12485263F79',NULL,20021001000000,NULL,00000000000000,'0','ic',1),('F09DC3B9F4A559FA1B309469B8','F07B23B53C6185EACC86EFE1D8','project_detail','Project Detail','F07B3BCB177AC6A7F14766D6F6','EE1634B19EB64BB12485263F79',NULL,20021001000000,NULL,00000000000000,'0','ic',1),('F302E048FD76B0E2FB7B980A33','F185BD3FDC5CC7989A3CED51A1','main_page','Main Page (Index)','F302D4FE6D537C49721004181F','25',NULL,20030707163235,NULL,00000000000000,'0','ic',1),('F30428329BB897A3EACA58D37A','F185BD3FDC5CC7989A3CED51A1','sitemap','Site Map Page Collection','F30424474044603B72B3C3BA3','F3FF0CB5A1F1B01FDBEF1218F6',NULL,20030318102757,NULL,00000000000000,'0','ic',1),('F3086E4D9C9B193C48E4E598DD','F185BD3FDC5CC7989A3CED51A1','press_release','Press Release Page Collection','F308699BD428889A5632750137','EE16354AB187B638CC4579F8B6',NULL,20030129000000,NULL,00000000000000,'0','ic',1),('F3086FF169FB5CC2E73B72058','F185BD3FDC5CC7989A3CED51A1','fact_figure','Fact & Figure','F308692D6AEE5FC7D30CACD99C','25',NULL,20030129000000,NULL,00000000000000,'0','ic',1);
INSERT INTO `page_collection` (`id`,`site_id`,`name`,`description`,`skin_id`,`descriptor_id`,`create_by`,`create_date`,`update_by`,`update_date`,`osml_id`,`status_id`,`active_flag`) VALUES ('F30E29C6E333632615BA33F58D','F185BD3FDC5CC7989A3CED51A1','press_release_archive','Press Release Archive','F30869E6C74A56DDF243778A81','EE16354AB187B638CC4579F8B6',NULL,20030130000000,NULL,00000000000000,'0','ic',1),('F30E4D1920F5C5815456845B78','F185BD3FDC5CC7989A3CED51A1','press_release_detail','Press Release Detail','F3086A26128F78FF6610A15097','F3C2998AFDB590924800ACCC95',NULL,20030307165045,NULL,00000000000000,'0','ic',1),('F30E9D6ECC70A75382B764F275','F185BD3FDC5CC7989A3CED51A1','news','News','F3086B7E11837F450B77703C40','EE1634B19EB64BB12485263F79',NULL,20030130000000,NULL,00000000000000,'0','ic',1),('F30E9DDF1A9FE5A589EC5DB77D','F185BD3FDC5CC7989A3CED51A1','news_archive','News Archive','F3086C6E2EBC786E9D341C958','EE1634B19EB64BB12485263F79',NULL,20030130000000,NULL,00000000000000,'0','ic',1),('F30E9E5E2E6738CA27D794C38E','F185BD3FDC5CC7989A3CED51A1','news_detail','News Detail','F3086CF73451A89028B438A4C2','F3C2963AD8A291EF75E1311711',NULL,20030307165004,NULL,00000000000000,'0','ic',1);
INSERT INTO `page_collection` (`id`,`site_id`,`name`,`description`,`skin_id`,`descriptor_id`,`create_by`,`create_date`,`update_by`,`update_date`,`osml_id`,`status_id`,`active_flag`) VALUES ('F30EB26FEFEA3B27A2CC02B513','F185BD3FDC5CC7989A3CED51A1','contact_us','Contact Us','F3086DE1A3F88F17DAA77F5EA8','F3132892F57B236985F02B3F4F',NULL,20030318161437,NULL,00000000000000,'0','ic',1),('F30EC05E28727D8633FB935398','F185BD3FDC5CC7989A3CED51A1','product_service','Product & Service','F30D50F630C4B3D981A66A4BD4','EE163600A2BAD87965E20E9C9A',NULL,20030130000000,NULL,00000000000000,'0','ic',1),('F30EC104B94B44D0C394CFE15C','F185BD3FDC5CC7989A3CED51A1','product_service_detail','Product & Service Detail','F30D52A7E7A3412E1B36707786','EE163600A2BAD87965E20E9C9A',NULL,20030130000000,NULL,00000000000000,'0','ic',1),('F30EDC9FCD7E6B1169454FF8D0','F185BD3FDC5CC7989A3CED51A1','fact_figure_detail','Fact & Figure Detail','F30EDC23C73CD41B124A2387A7','F30D6D4A72F6871D6DB046BCB6',NULL,20030130000000,NULL,00000000000000,'0','ic',1),('F30EF2941AA7B9AF80B963B9C3','F185BD3FDC5CC7989A3CED51A1','company_subsidary','Company Subsidiary','F30D5022D3E7ABE3498CA22B8A','F3FF36F3D74BBBACD7A0D5E93A',NULL,20030318112034,NULL,00000000000000,'0','ic',1);
INSERT INTO `page_collection` (`id`,`site_id`,`name`,`description`,`skin_id`,`descriptor_id`,`create_by`,`create_date`,`update_by`,`update_date`,`osml_id`,`status_id`,`active_flag`) VALUES ('F312BF4F635BA82668D772E458','F185BD3FDC5CC7989A3CED51A1','company_bod','Company Board Of Director','F30D4CB7B4E33CC6D6DD8CE981','F312A7DFF0D600D4866CCD4E28',NULL,20030131000000,NULL,00000000000000,'0','ic',1),('F312CE723436BEEC0D74D9DD88','F185BD3FDC5CC7989A3CED51A1','company_bod_detail','Company Board of Director (detail)','F30D4D403DB20A08FF49504FFA','F312A7DFF0D600D4866CCD4E28',NULL,20030131000000,NULL,00000000000000,'0','ic',1),('F312F1E8E1CA99D4801813532A','F185BD3FDC5CC7989A3CED51A1','company_structure','Company Structure (About Us)','F30D4F8ED066660E9734DEF2B','EF76BA4ED5D8F2A21B1933A750',NULL,20030131000000,NULL,00000000000000,'0','ic',1),('F3133567EE10690EBB0B862E93','F185BD3FDC5CC7989A3CED51A1','company_lob','Company Line Of Business','F30D4DCBF2ED7BDB30932694B1','F3132892F57B236985F02B3F4F',NULL,20030320132346,NULL,00000000000000,'0','ic',1),('F322DCAC8723CABF95DD7086A9','F185BD3FDC5CC7989A3CED51A1','company_lob_detail_plantation','Company Line Of Business Plantation','F30D4E637FCDCE6858748449C9','F3132892F57B236985F02B3F4F',NULL,20030320132401,NULL,00000000000000,'0','ic',1);
INSERT INTO `page_collection` (`id`,`site_id`,`name`,`description`,`skin_id`,`descriptor_id`,`create_by`,`create_date`,`update_by`,`update_date`,`osml_id`,`status_id`,`active_flag`) VALUES ('F322DD58B5AB5151C43B3F6709','F185BD3FDC5CC7989A3CED51A1','company_lob_detail_mining','Company Line Of Business Mining','F322D9F44D31058660940D64A7','F3132892F57B236985F02B3F4F',NULL,20030320132418,NULL,00000000000000,'0','ic',1),('F322DDE15D751BAD950CD86091','F185BD3FDC5CC7989A3CED51A1','company_lob_detail_horticulture','Company Line Of Business Horticulture','F322DABC02B874D8B83A401BA1','F3132892F57B236985F02B3F4F',NULL,20030320133035,NULL,00000000000000,'0','ic',1),('F322DE707E9AE4A7E1D345A1EA','F185BD3FDC5CC7989A3CED51A1','company_lob_detail_others','Company Line Of Business Others','F322DBD188CC9C1CD5B70A28E2','F3132892F57B236985F02B3F4F',NULL,20030320132540,NULL,00000000000000,'0','ic',1),('F40A22BD46954B5768899D5880','F185BD3FDC5CC7989A3CED51A1','company_lob_detail_logging','Company Line Of Business Logging','F40A0EE9A7454478A824E1AD44','F3132892F57B236985F02B3F4F',NULL,20030320133522,NULL,00000000000000,'0','ic',1),('F4D34CF976FEFDC0031BF21231','F4D30718756B8401E43FD2AAE6','main_page','Main Page (index)','EEED8E57002048A2E9071DAF76','25',NULL,20030428150734,NULL,00000000000000,'0','ic',1);
INSERT INTO `page_collection` (`id`,`site_id`,`name`,`description`,`skin_id`,`descriptor_id`,`create_by`,`create_date`,`update_by`,`update_date`,`osml_id`,`status_id`,`active_flag`) VALUES ('F4D3EA76EC7E38868A98D211E4','F4D30718756B8401E43FD2AAE6','solution','Solution Page','EEED906F3DD8D8C52409FB4D9F','EE163600A2BAD87965E20E9C9A',NULL,20030428175649,NULL,00000000000000,'0','ic',1),('F4D7722D457F9DBC01ACE2093E','F4D30718756B8401E43FD2AAE6','press_release','Press Release Page Collection','EEED91195E6BDC9CF09ECB2DF3','EE16354AB187B638CC4579F8B6',NULL,20030429102401,NULL,00000000000000,'0','ic',1),('F4D7773B104E76B596FE4C8EA2','F4D30718756B8401E43FD2AAE6','solution_detail','Solution Detail Page Collection','EEED90B7B09350BB36F389A43E','EE163600A2BAD87965E20E9C9A',NULL,20030429102942,NULL,00000000000000,'0','ic',1),('F4D787ECE9AB7757B6558460FE','F4D30718756B8401E43FD2AAE6','news','Latest News Page Collection','EEED8F61ACA8FD143C4A127AE','EE1634B19EB64BB12485263F79',NULL,20030429104752,NULL,00000000000000,'0','ic',1),('F4D78F564380A4DE230A7DBC32','F4D30718756B8401E43FD2AAE6','news_detail','Latest News Detail Page Collection','EEED8FAA79AC379210C5F52060','EE1634B19EB64BB12485263F79',NULL,20030429105607,NULL,00000000000000,'0','ic',1);
INSERT INTO `page_collection` (`id`,`site_id`,`name`,`description`,`skin_id`,`descriptor_id`,`create_by`,`create_date`,`update_by`,`update_date`,`osml_id`,`status_id`,`active_flag`) VALUES ('F4D791BE062178F471B508C22B','F4D30718756B8401E43FD2AAE6','about_us','About Us Page Collection','EEED8EE4881FA530706324955E','EF76BA4ED5D8F2A21B1933A750',NULL,20030429105844,NULL,00000000000000,'0','ic',1),('F4D792B97C276DF5E284D80319','F4D30718756B8401E43FD2AAE6','contact_us','Contact Us Page Collection','EEED8F22116F192E521FCB6C46','25',NULL,20030429105938,NULL,00000000000000,'0','ic',1),('F4D7987BCFE17D999E624D07EA','F4D30718756B8401E43FD2AAE6','open_job_detail','Open Job Detail Page Collection','EF1EEC2113DFA19FB81258C38A','EF1EE6CF42F37C9EA72FAE3B94',NULL,20030429110551,NULL,00000000000000,'0','ic',1),('F4D7A0504C9C4965B7196DE421','F4D30718756B8401E43FD2AAE6','press_release_detail','Press Release Detail Page Collection','EEED915B2AE8D8F40ACED882C5','EE16354AB187B638CC4579F8B6',NULL,20030429111421,NULL,00000000000000,'0','ic',1),('F4DD69BB6BA68346E2E76955C3','F4DD64134EC050E3D0A256EA0D','main_page','Main Page Collection','F07B379B79C9CD7743C23D2596','25',NULL,20030430141224,NULL,00000000000000,'0','ic',1);
INSERT INTO `page_collection` (`id`,`site_id`,`name`,`description`,`skin_id`,`descriptor_id`,`create_by`,`create_date`,`update_by`,`update_date`,`osml_id`,`status_id`,`active_flag`) VALUES ('F4E2C8BC14DF149A4E9EEAABFF','F4DD64134EC050E3D0A256EA0D','contact_us','Contact Us Page Collection','F07B3C19D634A84A21B00B2304','25',NULL,20030501151422,NULL,00000000000000,'0','ic',1),('F4E2D6DD05510DEA09BC27F562','F4DD64134EC050E3D0A256EA0D','press_release','Press Release Page Collection','F09DDFE362D841F17A30993ED','EE16354AB187B638CC4579F8B6',NULL,20030501152946,NULL,00000000000000,'0','ic',1),('F4E2FDFB28EC2FC5316E2A6037','F4DD64134EC050E3D0A256EA0D','press_release_detail','Press Release Detail Page Collection','F07B392A0461FE3079C1826E3A','EE16354AB187B638CC4579F8B6',NULL,20030501161235,NULL,00000000000000,'0','ic',1),('F4E302D3A8DB6ECA572660F6DB','F4DD64134EC050E3D0A256EA0D','project','Project Page Collection','F07B3AFC312B9E0CA737CE8886','F501EBD2F6B03958384BD30C50',NULL,20030507162333,NULL,00000000000000,'0','ic',1),('F4E303A198252225633D919401','F4DD64134EC050E3D0A256EA0D','project_detail','Project Detail Page Collection','F07B3BCB177AC6A7F14766D6F6','F501EBD2F6B03958384BD30C50',NULL,20030507162414,NULL,00000000000000,'0','ic',1);
INSERT INTO `page_collection` (`id`,`site_id`,`name`,`description`,`skin_id`,`descriptor_id`,`create_by`,`create_date`,`update_by`,`update_date`,`osml_id`,`status_id`,`active_flag`) VALUES ('F4E308109A9463EE134F00315C','F4DD64134EC050E3D0A256EA0D','recipe','Recipe Page Collection','F07B3801CF22E2E91A2A70AE4D','F501956E01E1C9C2DFFEC614DB',NULL,20030507154025,NULL,00000000000000,'0','ic',1),('F4E3089F82B65B4A287DE7A947','F4DD64134EC050E3D0A256EA0D','recipe_detail','Recipe Detail Page Collection','F07B38486BD0AC516EDA596175','F501956E01E1C9C2DFFEC614DB',NULL,20030507154056,NULL,00000000000000,'0','ic',1),('F4E30F51613E371778C736F03A','F4DD64134EC050E3D0A256EA0D','resource','Resource Page Collection','F07B3A364057068AFB1D09B24B','E7A781CFBA45A3CB44C81D8236',NULL,20030501163143,NULL,00000000000000,'0','ic',1),('F4E31023945AF9EE0A6BBC31F6','F4DD64134EC050E3D0A256EA0D','resource_detail','Resource Detail Page Collection','F07B3A976C284A50C0D07B0DEC','E7A781CFBA45A3CB44C81D8236',NULL,20030501163232,NULL,00000000000000,'0','ic',1),('F4E315E4DD43B835B008E37B6A','F4DD64134EC050E3D0A256EA0D','review','Review Page Collection','F07B3CA6AAD39BFD520EFFEFC0','F50196413176576A64F6F27A86',NULL,20030507154110,NULL,00000000000000,'0','ic',1);
INSERT INTO `page_collection` (`id`,`site_id`,`name`,`description`,`skin_id`,`descriptor_id`,`create_by`,`create_date`,`update_by`,`update_date`,`osml_id`,`status_id`,`active_flag`) VALUES ('F4E316762262130C29F9EC7336','F4DD64134EC050E3D0A256EA0D','review_detail','Review Detail Page Collection','F07B3CF003DAFE9F27A30978A7','F50196413176576A64F6F27A86',NULL,20030507154123,NULL,00000000000000,'0','ic',1),('F4E836D22CEDB9EFC5D105E617','F4E6A635A8AC141BAE7F98504','main_page','Main Page Collection','EF8E277F34F1C4DE8229CFC10D','25',NULL,20030502163254,NULL,00000000000000,'0','ic',1),('F4E844EA1179FA4B139A9E6E17','F4E6A635A8AC141BAE7F98504','latest_news','Latest News Page Collection','EF8E2AA141B4B44CED456914C8','EE1634B19EB64BB12485263F79',NULL,20030502164953,NULL,00000000000000,'0','ic',1),('F4E84C856B7EA0D8C8D3D79A14','F4E6A635A8AC141BAE7F98504','our_solutions','Our Solutions Page Collection','EF8E2910D6DC72DE5A739B7323','EE163600A2BAD87965E20E9C9A',NULL,20030502165653,NULL,00000000000000,'0','ic',1),('F4E84F74BF3402AF26102517C1','F4E6A635A8AC141BAE7F98504','press_release','Press Release Page Collection','EF8E29F7DF9BD41DE59E1B3273','EE16354AB187B638CC4579F8B6',NULL,20030502165953,NULL,00000000000000,'0','ic',1);
INSERT INTO `page_collection` (`id`,`site_id`,`name`,`description`,`skin_id`,`descriptor_id`,`create_by`,`create_date`,`update_by`,`update_date`,`osml_id`,`status_id`,`active_flag`) VALUES ('F4E85047C450445D599FDAD93C','F4E6A635A8AC141BAE7F98504','contact_us','Contact Us Page Collection','EF8E28BDB57036C93F24B9B14E','25',NULL,20030502170020,NULL,00000000000000,'0','ic',1),('F4E850BD0DB3A304CB52352701','F4E6A635A8AC141BAE7F98504','about_us','About Us Page Collection','EF8E285DE8A1E858D8BCC33A12','EF76BA4ED5D8F2A21B1933A750',NULL,20030502170053,NULL,00000000000000,'0','ic',1);

DROP TABLE IF EXISTS `page_collection_detail`;
CREATE TABLE `page_collection_detail` (
  `id` varchar(36) NOT NULL default '',
  `frontpage_id` varchar(36) NOT NULL default '',
  `collection_id` varchar(36) NOT NULL default '',
  `collection_name` varchar(128) default NULL,
  `create_by` varchar(36) default NULL,
  `create_date` timestamp(14) NOT NULL,
  `update_by` varchar(36) default NULL,
  `update_date` timestamp(14) NOT NULL default '00000000000000',
  `osml_id` varchar(36) default '0',
  `status_id` varchar(36) default 'ic',
  `site_id` varchar(36) default NULL,
  PRIMARY KEY  (`id`)
) TYPE=MyISAM;
INSERT INTO `page_collection_detail` (`id`,`frontpage_id`,`collection_id`,`collection_name`,`create_by`,`create_date`,`update_by`,`update_date`,`osml_id`,`status_id`,`site_id`) VALUES ('EE7CCEC7EBD025CE2E745A33BC','EE7CCE9C61D7D9ED63A579A196','EE7C699016F886FEA906FA5DAC','solution_collection',NULL,20021015170406,NULL,00000000000000,'0','ic','EDDCA9DCE41A14EE5D5ABE7E3C'),('EE7CCF2894A95BF0BE52502C53','EE7CCE9C61D7D9ED63A579A196','EE7C7412CB68D123F4F160B4B8','cross_selling_solution',NULL,20021015170406,NULL,00000000000000,'0','ic','EDDCA9DCE41A14EE5D5ABE7E3C'),('EF5C9A6D0EE02766F78D5E995E','EF3E486027CD676EEB50BB88A7','EF5C9801CA3FF9F3D99A20F1CD','press_release',NULL,20020804230328,NULL,00000000000000,'0','ic','ED2E4202F2AE0340726C67A877'),('EE3993B3B6D98C083DA48BAEE2','EE24CA21C58A6418C358BCB0E2','EE0143B3463ABA91CECFBE588B','Money',NULL,20020604161219,NULL,00000000000000,'0','ic','EE185CE0B82B41C1724F284685'),('EF59056932BC7742D50B060233','EF3E4A1FD930D3F55FE60D71EB','EF5902B02CC7C4E3E55AE7B0AD','cross_line_solution',NULL,20020804232501,NULL,00000000000000,'0','ic','ED2E4202F2AE0340726C67A877'),('EF57BFDE15F9455BCA43B9B484','EDF2443813F00F1BF2C6BD8562','EF57BEBF18DC03624A9537EE53','open_job',NULL,20020804225854,NULL,00000000000000,'0','ic','ED2E4202F2AE0340726C67A877');
INSERT INTO `page_collection_detail` (`id`,`frontpage_id`,`collection_id`,`collection_name`,`create_by`,`create_date`,`update_by`,`update_date`,`osml_id`,`status_id`,`site_id`) VALUES ('EF19BDACDF63B1ECFCF96AC30','EE7C72FC589FF167B7B8978BEC','EE7C7412CB68D123F4F160B4B8','cross_selling_solution',NULL,20020805034326,NULL,00000000000000,'0','ic','EDDCA9DCE41A14EE5D5ABE7E3C'),('EF575B8E27268DBB013B2F5E3A','EDF2443813F00F1BF2C6BD8562','EF575A3BB6F9D65E1376C562F9','coss_selling',NULL,20020804225854,NULL,00000000000000,'0','ic','ED2E4202F2AE0340726C67A877'),('EF5717EA5B40E862A3C55186E0','EDF2443813F00F1BF2C6BD8562','EF5C9801CA3FF9F3D99A20F1CD','press_release',NULL,20020804225854,NULL,00000000000000,'0','ic','ED2E4202F2AE0340726C67A877'),('EF5362322EA0196047862AED2D','EDF2443813F00F1BF2C6BD8562','EF535BF707DC20CA4F0222EAB2','news_collection',NULL,20020804225854,NULL,00000000000000,'0','ic','ED2E4202F2AE0340726C67A877'),('EF1F331C952B1A3478439155D9','EEFB3546C96942F32BA73D2837','EF1EEB444F1CC7924207265864','open_job_collection',NULL,20030127171006,NULL,00000000000000,'0','ic','EDDCA9DCE41A14EE5D5ABE7E3C'),('EF0190FAEC9E71CE606B067B92','EE7CCFEE491A0E3B6A5497D05D','EE7C7412CB68D123F4F160B4B8','cross_selling_solution',NULL,20021016103158,NULL,00000000000000,'0','ic','EDDCA9DCE41A14EE5D5ABE7E3C');
INSERT INTO `page_collection_detail` (`id`,`frontpage_id`,`collection_id`,`collection_name`,`create_by`,`create_date`,`update_by`,`update_date`,`osml_id`,`status_id`,`site_id`) VALUES ('EF040D24BDC1C5FEE5A8C47A62','EE7CCFA78F6D0C6E8C7F0711F6','EE7C7412CB68D123F4F160B4B8','cross_selling_solution',NULL,20020805034403,NULL,00000000000000,'0','ic','EDDCA9DCE41A14EE5D5ABE7E3C'),('EF040D0EB7A117DE5BD2D1C7AE','EE7CCFA78F6D0C6E8C7F0711F6','EE7CCC6E6D6BEAA209410E58D5','news_collection',NULL,20020805034403,NULL,00000000000000,'0','ic','EDDCA9DCE41A14EE5D5ABE7E3C'),('EF041BE2FE8D47DACD4C5B1CCC','EE7CD0F71F15D0FC571C472A3F','EE7CCBBE336CC05ECCC3DEDB04','press_release_front_page',NULL,20021015153121,NULL,00000000000000,'0','ic','EDDCA9DCE41A14EE5D5ABE7E3C'),('F0E72D91B615DED0F19E49C156','EE7CD0F71F15D0FC571C472A3F','EE7C7412CB68D123F4F160B4B8','cross_selling_solution',NULL,20021015153121,NULL,00000000000000,'0','ic','EDDCA9DCE41A14EE5D5ABE7E3C'),('F302E0A2197BE69A979548B62','F302E048FD76B0E2FB7B980A33','F302DC45188ECE996BB4E65A63','cross_selling',NULL,20030707163235,NULL,00000000000000,'0','ic','F185BD3FDC5CC7989A3CED51A1'),('EF1EBC4435AF924D4FEF6F5C97','EEFB3546C96942F32BA73D2837','EE7CCC6E6D6BEAA209410E58D5','news_collection',NULL,20030127171006,NULL,00000000000000,'0','ic','EDDCA9DCE41A14EE5D5ABE7E3C');
INSERT INTO `page_collection_detail` (`id`,`frontpage_id`,`collection_id`,`collection_name`,`create_by`,`create_date`,`update_by`,`update_date`,`osml_id`,`status_id`,`site_id`) VALUES ('EF06849CBDE34D9A93748FB9D4','EEFB671AFB98DFAFD13702A2B6','EE7C7412CB68D123F4F160B4B8','cross_selling_solution',NULL,20021015160142,NULL,00000000000000,'0','ic','EDDCA9DCE41A14EE5D5ABE7E3C'),('F0E65012E4AA502872BFF8429B','EEFB66A82BBA981ABDCDD0F336','EFABD73B9F5C8A2AFC1BC06327','about_us',NULL,20021015150205,NULL,00000000000000,'0','ic','EDDCA9DCE41A14EE5D5ABE7E3C'),('EF19B658E484A1DD1E0075AB37','EF19B5F650A671C3BD83C6CD37','EE7C7412CB68D123F4F160B4B8','cross_selling_solution',NULL,20020805034529,NULL,00000000000000,'0','ic','EDDCA9DCE41A14EE5D5ABE7E3C'),('EF581700D87CF46F6354059062','EDF2443813F00F1BF2C6BD8562','EF580C9F50774CC4BBA9C305DC','solution_collection',NULL,20020804225854,NULL,00000000000000,'0','ic','ED2E4202F2AE0340726C67A877'),('EF1EFA10081B5826414D85AD18','EF1EF9CA64986834DE8B1107F5','EF1EEB444F1CC7924207265864','open_job_collection',NULL,20020805034543,NULL,00000000000000,'0','ic','EDDCA9DCE41A14EE5D5ABE7E3C'),('EF1EFA265EDD2CA360DB163024','EF1EF9CA64986834DE8B1107F5','EE7C7412CB68D123F4F160B4B8','cross_selling_solution',NULL,20020805034543,NULL,00000000000000,'0','ic','EDDCA9DCE41A14EE5D5ABE7E3C');
INSERT INTO `page_collection_detail` (`id`,`frontpage_id`,`collection_id`,`collection_name`,`create_by`,`create_date`,`update_by`,`update_date`,`osml_id`,`status_id`,`site_id`) VALUES ('EF1EBC2CB59D56C7C39BF88E3D','EEFB3546C96942F32BA73D2837','EF1EB25BD481435B56271A67D2','solution_main_page',NULL,20030127171006,NULL,00000000000000,'0','ic','EDDCA9DCE41A14EE5D5ABE7E3C'),('EF1EBC68373A338928D7994487','EEFB3546C96942F32BA73D2837','EE7CCBBE336CC05ECCC3DEDB04','press_release_front_page',NULL,20030127171006,NULL,00000000000000,'0','ic','EDDCA9DCE41A14EE5D5ABE7E3C'),('EF5CB44D817F664FC6A529E9C3','EF3E4C91A4FC8D8B3D69E33A0C','EF5CB147C39DE591879212AE26','our_solutions',NULL,20020804232522,NULL,00000000000000,'0','ic','ED2E4202F2AE0340726C67A877'),('EF58A9E268CDB2379A92055E84','EF3E4A1FD930D3F55FE60D71EB','EF58A8B439BA814A7D93B240EA','latest_news',NULL,20020804232501,NULL,00000000000000,'0','ic','ED2E4202F2AE0340726C67A877'),('EF58921E3EAB53DADEB4A2F14','EF3E4A1FD930D3F55FE60D71EB','EF575A3BB6F9D65E1376C562F9','coss_selling',NULL,20020804232501,NULL,00000000000000,'0','ic','ED2E4202F2AE0340726C67A877'),('EF58DC47E6210D49FAC7E1D48F','EF3E4A1FD930D3F55FE60D71EB','EF58D8599C4F377913FD8D1DB0','product_service',NULL,20020804232501,NULL,00000000000000,'0','ic','ED2E4202F2AE0340726C67A877');
INSERT INTO `page_collection_detail` (`id`,`frontpage_id`,`collection_id`,`collection_name`,`create_by`,`create_date`,`update_by`,`update_date`,`osml_id`,`status_id`,`site_id`) VALUES ('EF589856E4AFFEA29625B4D04F','EF3E4C91A4FC8D8B3D69E33A0C','EF575A3BB6F9D65E1376C562F9','coss_selling',NULL,20020804232522,NULL,00000000000000,'0','ic','ED2E4202F2AE0340726C67A877'),('EF59262051FFDEC6BFA4ACB897','EF3E4C91A4FC8D8B3D69E33A0C','EF5902B02CC7C4E3E55AE7B0AD','cross_line_solution',NULL,20020804232522,NULL,00000000000000,'0','ic','ED2E4202F2AE0340726C67A877'),('EF5926F573E44F01DED8B86E0E','EF3E4C91A4FC8D8B3D69E33A0C','EF58D8599C4F377913FD8D1DB0','product_service',NULL,20020804232522,NULL,00000000000000,'0','ic','ED2E4202F2AE0340726C67A877'),('EF5C9A923958C80E61A63F66CE','EF3E486027CD676EEB50BB88A7','EF575A3BB6F9D65E1376C562F9','coss_selling',NULL,20020804230328,NULL,00000000000000,'0','ic','ED2E4202F2AE0340726C67A877'),('EF5C9AB5CF98D570DD72F5FABA','EF3E486027CD676EEB50BB88A7','EF58D8599C4F377913FD8D1DB0','product_service',NULL,20020804230328,NULL,00000000000000,'0','ic','ED2E4202F2AE0340726C67A877'),('EF5C9AF01931A8EF63081AAEFD','EF3E486027CD676EEB50BB88A7','EF5902B02CC7C4E3E55AE7B0AD','cross_line_solution',NULL,20020804230328,NULL,00000000000000,'0','ic','ED2E4202F2AE0340726C67A877');
INSERT INTO `page_collection_detail` (`id`,`frontpage_id`,`collection_id`,`collection_name`,`create_by`,`create_date`,`update_by`,`update_date`,`osml_id`,`status_id`,`site_id`) VALUES ('EF5CEB8ABD83F0B8AC0ECF4179','EF3DD618C889897019A439732','EF575A3BB6F9D65E1376C562F9','coss_selling',NULL,20020805031045,NULL,00000000000000,'0','ic','ED2E4202F2AE0340726C67A877'),('EF5CEBA162A64B6AC441156390','EF3DD618C889897019A439732','EF5902B02CC7C4E3E55AE7B0AD','cross_line_solution',NULL,20020805031045,NULL,00000000000000,'0','ic','ED2E4202F2AE0340726C67A877'),('EF5CEBC110ECF397C19296E387','EF3DD618C889897019A439732','EF58D8599C4F377913FD8D1DB0','product_service',NULL,20020805031045,NULL,00000000000000,'0','ic','ED2E4202F2AE0340726C67A877'),('EF5CFA53E53EBD142352AC8595','EF3E3F0419D7F9729AE28D8D6E','EF5902B02CC7C4E3E55AE7B0AD','cross_line_solution',NULL,20020804230114,NULL,00000000000000,'0','ic','ED2E4202F2AE0340726C67A877'),('EF5CFA69715D2BDDFD861A2B85','EF3E3F0419D7F9729AE28D8D6E','EF58D8599C4F377913FD8D1DB0','product_service',NULL,20020804230114,NULL,00000000000000,'0','ic','ED2E4202F2AE0340726C67A877'),('EF5D258DA15A675BAC126A5C81','EF3E62C28C692B6F12ABB8444B','EF58D8599C4F377913FD8D1DB0','product_service',NULL,20020804232607,NULL,00000000000000,'0','ic','ED2E4202F2AE0340726C67A877');
INSERT INTO `page_collection_detail` (`id`,`frontpage_id`,`collection_id`,`collection_name`,`create_by`,`create_date`,`update_by`,`update_date`,`osml_id`,`status_id`,`site_id`) VALUES ('EF5D256605D365B608A86FC7D7','EF3E62C28C692B6F12ABB8444B','EF5902B02CC7C4E3E55AE7B0AD','cross_line_solution',NULL,20020804232607,NULL,00000000000000,'0','ic','ED2E4202F2AE0340726C67A877'),('EF5D254FAEC62FE52669F347A6','EF3E62C28C692B6F12ABB8444B','EF575A3BB6F9D65E1376C562F9','coss_selling',NULL,20020804232607,NULL,00000000000000,'0','ic','ED2E4202F2AE0340726C67A877'),('EF5D3DDA7539C05234214E3A58','EF3E5B33DB2B41B00EBD520A2D','EF58D8599C4F377913FD8D1DB0','product_service',NULL,20020804232551,NULL,00000000000000,'0','ic','ED2E4202F2AE0340726C67A877'),('EF5D3DCD55D6AE7483596A65A8','EF3E5B33DB2B41B00EBD520A2D','EF5902B02CC7C4E3E55AE7B0AD','cross_line_solution',NULL,20020804232551,NULL,00000000000000,'0','ic','ED2E4202F2AE0340726C67A877'),('EF5D3DB7CAB851476F575EDCD8','EF3E5B33DB2B41B00EBD520A2D','EF575A3BB6F9D65E1376C562F9','coss_selling',NULL,20020804232551,NULL,00000000000000,'0','ic','ED2E4202F2AE0340726C67A877'),('EF5D4F9D749D11163F7F90B26A','EF5D4EEB993D601978D2A9B1B1','EF58D8599C4F377913FD8D1DB0','product_service',NULL,20020804232639,NULL,00000000000000,'0','ic','ED2E4202F2AE0340726C67A877');
INSERT INTO `page_collection_detail` (`id`,`frontpage_id`,`collection_id`,`collection_name`,`create_by`,`create_date`,`update_by`,`update_date`,`osml_id`,`status_id`,`site_id`) VALUES ('EF5D4F80662175766394FAF44F','EF5D4EEB993D601978D2A9B1B1','EF5902B02CC7C4E3E55AE7B0AD','cross_line_solution',NULL,20020804232639,NULL,00000000000000,'0','ic','ED2E4202F2AE0340726C67A877'),('EF5D4F64D0C9EC60504572E039','EF5D4EEB993D601978D2A9B1B1','EF575A3BB6F9D65E1376C562F9','coss_selling',NULL,20020804232639,NULL,00000000000000,'0','ic','ED2E4202F2AE0340726C67A877'),('EF5D65ADD4E2E09809006E5DD3','EF3E65A1E6DA0C6EDDC1849967','EF575A3BB6F9D65E1376C562F9','coss_selling',NULL,20020804232623,NULL,00000000000000,'0','ic','ED2E4202F2AE0340726C67A877'),('EF5D65C1CAF1D9AF93EC42D9B','EF3E65A1E6DA0C6EDDC1849967','EF5902B02CC7C4E3E55AE7B0AD','cross_line_solution',NULL,20020804232623,NULL,00000000000000,'0','ic','ED2E4202F2AE0340726C67A877'),('EF5D65D15A6A7AE1BB6BBB443D','EF3E65A1E6DA0C6EDDC1849967','EF58D8599C4F377913FD8D1DB0','product_service',NULL,20020804232623,NULL,00000000000000,'0','ic','ED2E4202F2AE0340726C67A877'),('EF5CFA33DAFBAE9E6EC439A484','EF3E3F0419D7F9729AE28D8D6E','EF575A3BB6F9D65E1376C562F9','coss_selling',NULL,20020804230114,NULL,00000000000000,'0','ic','ED2E4202F2AE0340726C67A877');
INSERT INTO `page_collection_detail` (`id`,`frontpage_id`,`collection_id`,`collection_name`,`create_by`,`create_date`,`update_by`,`update_date`,`osml_id`,`status_id`,`site_id`) VALUES ('EF87806CB636E083DAB6938D3F','EF61EBE35B969F4673370B2083','EF877C16F3E59D308B85284D46','latest_news_main',NULL,20020808095620,NULL,00000000000000,'0','ic','EDDCAA0575D694D2560CC2511F'),('EF6206F048DF663FABC6E386EE','EF620671B2D8FF97E9378AF9F4','EF61F69872E80B522B3F7D1698','cross_selling',NULL,20020808114822,NULL,00000000000000,'0','ic','EDDCAA0575D694D2560CC2511F'),('EF62ADFAEBDA7526E15F1B403F','EF627EC23B9147AA2660FFB9CA','EF62ABFFD639CEDC6F503B678','product_service_main_collection',NULL,20020801073348,NULL,00000000000000,'0','ic','EF62687CC1170D25FC73E0051C'),('EF62953974149617601095E241','EF627EC23B9147AA2660FFB9CA','EF6293FFACC7928F2CCCCA37B1','news_main_collection',NULL,20020801073348,NULL,00000000000000,'0','ic','EF62687CC1170D25FC73E0051C'),('EF62A5819B8CBD49707542A099','EF627EC23B9147AA2660FFB9CA','EF62A08AAB45C4D0CC1FC6CE06','press_release_main_collection',NULL,20020801073348,NULL,00000000000000,'0','ic','EF62687CC1170D25FC73E0051C'),('EF633B66B6B332266A57BD2ABA','EF627EC23B9147AA2660FFB9CA','EF633A256C589D6A8ED8B8A941','press_release_main',NULL,20020801073348,NULL,00000000000000,'0','ic','EF62687CC1170D25FC73E0051C');
INSERT INTO `page_collection_detail` (`id`,`frontpage_id`,`collection_id`,`collection_name`,`create_by`,`create_date`,`update_by`,`update_date`,`osml_id`,`status_id`,`site_id`) VALUES ('EF668AD40FDF6DC31F6FBA00D0','EF6686333E17BA23A91D28BF74','EF66892594573B88F1A1CEC0F3','our_solution_collection',NULL,20020801230703,NULL,00000000000000,'0','ic','EF62687CC1170D25FC73E0051C'),('EF66885A6449B52A1F99D6FC37','EF6686333E17BA23A91D28BF74','EF668717A39DDB0F1D4DF9F526','cross_selling',NULL,20020801230703,NULL,00000000000000,'0','ic','EF62687CC1170D25FC73E0051C'),('EF669BE49796D901D063B3C8DB','EF6692056DD285D1F852EC5517','EF668717A39DDB0F1D4DF9F526','cross_selling',NULL,20020805032548,NULL,00000000000000,'0','ic','EF62687CC1170D25FC73E0051C'),('EF670727F0E6489C0FEAF50A50','EF6706D25EC924ECA1B7B16A67','EF6704F9D5930E81F3D8232AA0','latest_news_collections',NULL,20020802011517,NULL,00000000000000,'0','ic','EF62687CC1170D25FC73E0051C'),('EF67073D0F7D924ADE1CBD393C','EF6706D25EC924ECA1B7B16A67','EF668717A39DDB0F1D4DF9F526','cross_selling',NULL,20020802011517,NULL,00000000000000,'0','ic','EF62687CC1170D25FC73E0051C'),('EF670E3CCEA2DCDE4927F647E3','EF670DDA1C2334375FB7DFBC4C','EF668717A39DDB0F1D4DF9F526','cross_selling',NULL,20020802012302,NULL,00000000000000,'0','ic','EF62687CC1170D25FC73E0051C');
INSERT INTO `page_collection_detail` (`id`,`frontpage_id`,`collection_id`,`collection_name`,`create_by`,`create_date`,`update_by`,`update_date`,`osml_id`,`status_id`,`site_id`) VALUES ('EF670E4DB6903823CD16001AFC','EF670DDA1C2334375FB7DFBC4C','EF670C78C784ECA3E832D49F41','press_release_collection',NULL,20020802012302,NULL,00000000000000,'0','ic','EF62687CC1170D25FC73E0051C'),('EF672855889FA73F7C47A8EEC2','EF6727F71CFE669F4CB952B586','EF668717A39DDB0F1D4DF9F526','cross_selling',NULL,20020802015126,NULL,00000000000000,'0','ic','EF62687CC1170D25FC73E0051C'),('EF6747B13DBAFCDC25FF6C6ADD','EF67474EAB993A923F9991F26D','EF668717A39DDB0F1D4DF9F526','cross_selling',NULL,20020802022820,NULL,00000000000000,'0','ic','EF62687CC1170D25FC73E0051C'),('EF6754979CA959D2132A3023A8','EF67542644748EC41A104CDBD6','EF668717A39DDB0F1D4DF9F526','cross_selling',NULL,20020802023953,NULL,00000000000000,'0','ic','EF62687CC1170D25FC73E0051C'),('EF67955C0D764B66C61C76CC63','EF6775ADB3CB233515945B3C44','EF668717A39DDB0F1D4DF9F526','cross_selling',NULL,20020802035802,NULL,00000000000000,'0','ic','EF62687CC1170D25FC73E0051C'),('EF76F1C7D21DCD7ECBCE979F12','EF6692056DD285D1F852EC5517','EF76F0C602372C01717F4AD69B','about_us',NULL,20020805032548,NULL,00000000000000,'0','ic','EF62687CC1170D25FC73E0051C');
INSERT INTO `page_collection_detail` (`id`,`frontpage_id`,`collection_id`,`collection_name`,`create_by`,`create_date`,`update_by`,`update_date`,`osml_id`,`status_id`,`site_id`) VALUES ('EF76E3FF32BBADE4CCBF7068FD','EF3DD618C889897019A439732','EF76DEAB4E65F944FC318B10F2','about_us',NULL,20020805031045,NULL,00000000000000,'0','ic','ED2E4202F2AE0340726C67A877'),('F302E0B69B512CB8C30864A4A4','F302E048FD76B0E2FB7B980A33','F302DD80386E12F543A34F650','latest_news_main_page',NULL,20030707163235,NULL,00000000000000,'0','ic','F185BD3FDC5CC7989A3CED51A1'),('EF7711349F2A4ABFAFE6E57A46','EF7710FD241522562748FDB505','EF770FC06E8EF90EA0E86B7EF4','about_us',NULL,20020805040900,NULL,00000000000000,'0','ic','EE1B28DE85CED7258C4D46D2E2'),('EF771961A379C0CB755E73A670','EF7710FD241522562748FDB505','EF771865DE82B9AE726ACF15BC','cross_selling',NULL,20020805040900,NULL,00000000000000,'0','ic','EE1B28DE85CED7258C4D46D2E2'),('EF774EFAA5BEA1D840D527E7CB','EF774E5BB6704460C14A05B178','EF774C7D03E84F326EDC640E5F','our_solutions',NULL,20020805221656,NULL,00000000000000,'0','ic','EE1B28DE85CED7258C4D46D2E2'),('EF774EE7BA2076EBD5590C5853','EF774E5BB6704460C14A05B178','EF771865DE82B9AE726ACF15BC','cross_selling',NULL,20020805221656,NULL,00000000000000,'0','ic','EE1B28DE85CED7258C4D46D2E2');
INSERT INTO `page_collection_detail` (`id`,`frontpage_id`,`collection_id`,`collection_name`,`create_by`,`create_date`,`update_by`,`update_date`,`osml_id`,`status_id`,`site_id`) VALUES ('EF7B02172818D6951C55D8F67B','EF7710A1291755B321405AB0EF','EF7B00DDED2FDABD09CD662C65','product_service_main',NULL,20020805224458,NULL,00000000000000,'0','ic','EE1B28DE85CED7258C4D46D2E2'),('EF776F3189A6D5F4958DC8730','EF776ECC8533F1DCD8771A673E','EF776DA97229A12BB7901E9EEE','press_release',NULL,20020805221643,NULL,00000000000000,'0','ic','EE1B28DE85CED7258C4D46D2E2'),('EF776F1F29CE5D81D3BC608C8B','EF776ECC8533F1DCD8771A673E','EF771865DE82B9AE726ACF15BC','cross_selling',NULL,20020805221643,NULL,00000000000000,'0','ic','EE1B28DE85CED7258C4D46D2E2'),('EF775FE3FE41EB5BF218E9FF2','EF7710A1291755B321405AB0EF','EF775DC852350BB4108EF6BD48','our_solutions_main',NULL,20020805224458,NULL,00000000000000,'0','ic','EE1B28DE85CED7258C4D46D2E2'),('EF777031E2CD9CDB45D461A78D','EF7710A1291755B321405AB0EF','EF776F524038C0A0701BD2751C','press_release_main',NULL,20020805224458,NULL,00000000000000,'0','ic','EE1B28DE85CED7258C4D46D2E2'),('EF7B14E86B97F9A8BF549BD1B7','EF7B149A3B1F991DC9DC557434','EF7B1369BAAA94553E83D3C23E','latest_news',NULL,20020805224247,NULL,00000000000000,'0','ic','EE1B28DE85CED7258C4D46D2E2');
INSERT INTO `page_collection_detail` (`id`,`frontpage_id`,`collection_id`,`collection_name`,`create_by`,`create_date`,`update_by`,`update_date`,`osml_id`,`status_id`,`site_id`) VALUES ('EF7B150931A1CDA946A480DD8A','EF7B149A3B1F991DC9DC557434','EF771865DE82B9AE726ACF15BC','cross_selling',NULL,20020805224247,NULL,00000000000000,'0','ic','EE1B28DE85CED7258C4D46D2E2'),('EF7B17060B7D249E271F65D80','EF7710A1291755B321405AB0EF','EF7B157A3BBA63A103A7417FEA','latest_news_main',NULL,20020805224458,NULL,00000000000000,'0','ic','EE1B28DE85CED7258C4D46D2E2'),('EF83E87862CAF978CC5FC0BADF','EF83E8305D147F07BDA66CFD87','EF771865DE82B9AE726ACF15BC','cross_selling',NULL,20020807160532,NULL,00000000000000,'0','ic','EE1B28DE85CED7258C4D46D2E2'),('EF83E96A9145A9185704B90176','EF83E8C7F3F067529DEEF2976F','EF771865DE82B9AE726ACF15BC','cross_selling',NULL,20020807155142,NULL,00000000000000,'0','ic','EE1B28DE85CED7258C4D46D2E2'),('EF83E9F367857C3D47EBF5D9D5','EF83E9957BAD9DACFEB3B99228','EF771865DE82B9AE726ACF15BC','cross_selling',NULL,20020807155217,NULL,00000000000000,'0','ic','EE1B28DE85CED7258C4D46D2E2'),('EF83EA8DC460F22E40D63E2F64','EF83EA1701723C106B5DDD79F5','EF771865DE82B9AE726ACF15BC','cross_selling',NULL,20020807155301,NULL,00000000000000,'0','ic','EE1B28DE85CED7258C4D46D2E2');
INSERT INTO `page_collection_detail` (`id`,`frontpage_id`,`collection_id`,`collection_name`,`create_by`,`create_date`,`update_by`,`update_date`,`osml_id`,`status_id`,`site_id`) VALUES ('EF87809995F6F696CA8187DBAE','EF61EBE35B969F4673370B2083','EF877DD13084F34A4E13E123C7','press_release_main',NULL,20020808095620,NULL,00000000000000,'0','ic','EDDCAA0575D694D2560CC2511F'),('EF6208CFF5180792A409B77062','EF620671B2D8FF97E9378AF9F4','EF620774DA99A708D10B48F528','our_solutions',NULL,20020808114822,NULL,00000000000000,'0','ic','EDDCAA0575D694D2560CC2511F'),('EF87CA5E82509D7DF6E3480DE9','EF61EBE35B969F4673370B2083','EF87C834C829B55008B5659662','our_solutions_main1',NULL,20020808095620,NULL,00000000000000,'0','ic','EDDCAA0575D694D2560CC2511F'),('EF87CA70C7876CF1821B82AEA4','EF61EBE35B969F4673370B2083','EF87C954124BE5827E8C5ED93D','our_solutions_main2',NULL,20020808095620,NULL,00000000000000,'0','ic','EDDCAA0575D694D2560CC2511F'),('EF87E6F7E517EB0E6888F3B0FE','EF87E6C46078E6ADE3CC37678A','EF87E5E89B29E72B13DA8407BA','about_us',NULL,20020808102736,NULL,00000000000000,'0','ic','EDDCAA0575D694D2560CC2511F'),('EF87E7073BBAD2E5CA437E891A','EF87E6C46078E6ADE3CC37678A','EF61F69872E80B522B3F7D1698','cross_selling',NULL,20020808102736,NULL,00000000000000,'0','ic','EDDCAA0575D694D2560CC2511F');
INSERT INTO `page_collection_detail` (`id`,`frontpage_id`,`collection_id`,`collection_name`,`create_by`,`create_date`,`update_by`,`update_date`,`osml_id`,`status_id`,`site_id`) VALUES ('EF8815B775E58C99231D47469B','EF881575F96BDDA74A2F9F67CF','EF61F69872E80B522B3F7D1698','cross_selling',NULL,20020808111835,NULL,00000000000000,'0','ic','EDDCAA0575D694D2560CC2511F'),('EF883173FA15C3E9F1E7E92188','EF88311F355F6697A7A15241F6','EF61F69872E80B522B3F7D1698','cross_selling',NULL,20020808114858,NULL,00000000000000,'0','ic','EDDCAA0575D694D2560CC2511F'),('EF883186A3DFDFC32356980002','EF88311F355F6697A7A15241F6','EF62053D7884A7B7C28B461E87','latest_news',NULL,20020808114858,NULL,00000000000000,'0','ic','EDDCAA0575D694D2560CC2511F'),('EF8CEBB7CC79255EE03ED452BE','EF8CEB306882629A3A349C4DA0','EF61F69872E80B522B3F7D1698','cross_selling',NULL,20020809095057,NULL,00000000000000,'0','ic','EDDCAA0575D694D2560CC2511F'),('EF8CEC741DDD258D0DCCBDE622','EF8CEBFC8737ED0AEB94671FE5','EF61F69872E80B522B3F7D1698','cross_selling',NULL,20020809095142,NULL,00000000000000,'0','ic','EDDCAA0575D694D2560CC2511F'),('EF8CED324F3DC19AB4EBA7BDF7','EF8CECAE032AA95498E258BA5F','EF61F69872E80B522B3F7D1698','cross_selling',NULL,20020809100622,NULL,00000000000000,'0','ic','EDDCAA0575D694D2560CC2511F');
INSERT INTO `page_collection_detail` (`id`,`frontpage_id`,`collection_id`,`collection_name`,`create_by`,`create_date`,`update_by`,`update_date`,`osml_id`,`status_id`,`site_id`) VALUES ('EF8CEE0FAF9BA3441943446541','EF8CEDB9638E69EAE45AA9C1B4','EF61F69872E80B522B3F7D1698','cross_selling',NULL,20020809095328,NULL,00000000000000,'0','ic','EDDCAA0575D694D2560CC2511F'),('EF8CEE293A8B07ADBA47400E','EF8CEDB9638E69EAE45AA9C1B4','EF62010E6C4C37EEA867611132','press_release',NULL,20020809095328,NULL,00000000000000,'0','ic','EDDCAA0575D694D2560CC2511F'),('EF8E452A3A81ABB81642BC186E','EF8E41866B8177D79F12CAAB4A','EF8E42AF4ADA1F31E1F62D5525','latest_news_main',NULL,20020809160816,NULL,00000000000000,'0','ic','EF8E260F5EE7A2E8ECE6F2F3A3'),('EF8E453EE1C955F9ED88F5F0CD','EF8E41866B8177D79F12CAAB4A','EF8E42301D17943E5955D9AA44','press_release_main',NULL,20020809160816,NULL,00000000000000,'0','ic','EF8E260F5EE7A2E8ECE6F2F3A3'),('EF8E454FE5B550FFEC9B557D63','EF8E41866B8177D79F12CAAB4A','EF8E433D0E138F733F2D166C00','open_jobs_main',NULL,20020809160816,NULL,00000000000000,'0','ic','EF8E260F5EE7A2E8ECE6F2F3A3'),('EF8E45D3B0E40AC2BEB75DC8F','EF8E45713A4A84AC617D643646','EF8E3B3AB9F109C7BF163C0AD7','our_solutions',NULL,20020809160852,NULL,00000000000000,'0','ic','EF8E260F5EE7A2E8ECE6F2F3A3');
INSERT INTO `page_collection_detail` (`id`,`frontpage_id`,`collection_id`,`collection_name`,`create_by`,`create_date`,`update_by`,`update_date`,`osml_id`,`status_id`,`site_id`) VALUES ('EF8E4665E0B54416C61C92CC21','EF8E45F70D38098217F3204833','EF8E3C4ADFBDFB74192B71CB43','latest_news',NULL,20020809160931,NULL,00000000000000,'0','ic','EF8E260F5EE7A2E8ECE6F2F3A3'),('EF8E46E386D3B35858B9CDC245','EF8E469192716E4177E8AE9E69','EF8E3D1D196B477841A58FC9A0','press_release',NULL,20020809161001,NULL,00000000000000,'0','ic','EF8E260F5EE7A2E8ECE6F2F3A3'),('EF8E474BBC8C5311EDE33A81C2','EF8E4703CCD3FD17EAF48DB207','EF8E3FA2E9F723DB325F6A7D02','about_us',NULL,20020809161027,NULL,00000000000000,'0','ic','EF8E260F5EE7A2E8ECE6F2F3A3'),('F07B5E40F599772DC989BDDF6','F07B5DECBC9820D2C4A0997697','F07B56FBB0DE46F4CF2AE5698E','press_release_main',NULL,20020924173729,NULL,00000000000000,'0','ic','F07B23B53C6185EACC86EFE1D8'),('F07B5E2CEEDC7579D4D84A938C','F07B5DECBC9820D2C4A0997697','F07B581DE9BA007DB73EB1BEBC','news_main',NULL,20020924173729,NULL,00000000000000,'0','ic','F07B23B53C6185EACC86EFE1D8'),('F07B7B7B524FBA50E85DC4AF21','F07B5DECBC9820D2C4A0997697','F07B796043A756D9E97A3FEFF','cross_selling',NULL,20020924173729,NULL,00000000000000,'0','ic','F07B23B53C6185EACC86EFE1D8');
INSERT INTO `page_collection_detail` (`id`,`frontpage_id`,`collection_id`,`collection_name`,`create_by`,`create_date`,`update_by`,`update_date`,`osml_id`,`status_id`,`site_id`) VALUES ('F080409CA51AEAE61F3299D0B8','F08040377B159867B63329097A','F07B796043A756D9E97A3FEFF','cross_selling',NULL,20020925155122,NULL,00000000000000,'0','ic','F07B23B53C6185EACC86EFE1D8'),('F083F30C05F4DD9B0F9C500C6D','F083F2AFBD672047F65BC8E27C','F083F1F7C33EA7F3A9A59BE10A','recipe',NULL,20020926090517,NULL,00000000000000,'0','ic','F07B23B53C6185EACC86EFE1D8'),('F083F326DB14A97042AF3FFB','F083F2AFBD672047F65BC8E27C','F07B796043A756D9E97A3FEFF','cross_selling',NULL,20020926090517,NULL,00000000000000,'0','ic','F07B23B53C6185EACC86EFE1D8'),('F083FB8A65178A3567B444D001','F083FA41C296D2549F9BCC92A5','F083F929ABA341797CD38BBE7D','project',NULL,20020926091422,NULL,00000000000000,'0','ic','F07B23B53C6185EACC86EFE1D8'),('F083FB9E275F80C9487B27D141','F083FA41C296D2549F9BCC92A5','F07B796043A756D9E97A3FEFF','cross_selling',NULL,20020926091422,NULL,00000000000000,'0','ic','F07B23B53C6185EACC86EFE1D8'),('F0E64E4DD15ADA9CDE624BC01B','F0E64DB4BE71F4619D1F2686B5','EE7CCC6E6D6BEAA209410E58D5','news_collection',NULL,20021015112730,NULL,00000000000000,'0','ic','EDDCA9DCE41A14EE5D5ABE7E3C');
INSERT INTO `page_collection_detail` (`id`,`frontpage_id`,`collection_id`,`collection_name`,`create_by`,`create_date`,`update_by`,`update_date`,`osml_id`,`status_id`,`site_id`) VALUES ('F0E64E1BA03CA64C68493E7DD2','F0E64DB4BE71F4619D1F2686B5','EE7C7412CB68D123F4F160B4B8','cross_selling_solution',NULL,20021015112730,NULL,00000000000000,'0','ic','EDDCA9DCE41A14EE5D5ABE7E3C'),('F08423E2872DBB1C4722C54908','F08423844B51176B81DFF67352','F07B796043A756D9E97A3FEFF','cross_selling',NULL,20020926100229,NULL,00000000000000,'0','ic','F07B23B53C6185EACC86EFE1D8'),('F08427A94F65C0C100B4905768','F08423844B51176B81DFF67352','F0842659151A5462F92C16E9D1','review',NULL,20020926100229,NULL,00000000000000,'0','ic','F07B23B53C6185EACC86EFE1D8'),('F0842AA6E7B572EF9D4967C9C3','F0842A677E305275FF9B0053C3','F07B796043A756D9E97A3FEFF','cross_selling',NULL,20020926100545,NULL,00000000000000,'0','ic','F07B23B53C6185EACC86EFE1D8'),('F08434EEC61A190D68EFEAC340','F084348DB860453D6349097F08','F08432B3F4174A089CD81F3616','resource',NULL,20020926101704,NULL,00000000000000,'0','ic','F07B23B53C6185EACC86EFE1D8'),('F08435028760B6627CC59BA3D','F084348DB860453D6349097F08','F07B796043A756D9E97A3FEFF','cross_selling',NULL,20020926101704,NULL,00000000000000,'0','ic','F07B23B53C6185EACC86EFE1D8');
INSERT INTO `page_collection_detail` (`id`,`frontpage_id`,`collection_id`,`collection_name`,`create_by`,`create_date`,`update_by`,`update_date`,`osml_id`,`status_id`,`site_id`) VALUES ('F08460B384B13DE3BA8B943E78','F0846040A08C2276BB6D12E742','F07B796043A756D9E97A3FEFF','cross_selling',NULL,20020926110447,NULL,00000000000000,'0','ic','F07B23B53C6185EACC86EFE1D8'),('F09DE3BE6D9B227697E918AEE8','F09DE35103CB6229E57415D40A','F09DE1952B7D669AD21E500D72','press_release',NULL,20021001095826,NULL,00000000000000,'0','ic','F07B23B53C6185EACC86EFE1D8'),('F09DE3A8D564A56FDD218E9388','F09DE35103CB6229E57415D40A','F07B796043A756D9E97A3FEFF','cross_selling',NULL,20021001095826,NULL,00000000000000,'0','ic','F07B23B53C6185EACC86EFE1D8'),('F09DBDFA80B965BA01FCDBD874','F09DBD4A6D15B9A4E250AE165','F07B796043A756D9E97A3FEFF','cross_selling',NULL,20021001091710,NULL,00000000000000,'0','ic','F07B23B53C6185EACC86EFE1D8'),('F09DC390862E42AAB01142D16A','F09DC31E56256DB4D5065F94AD','F07B796043A756D9E97A3FEFF','cross_selling',NULL,20021001092317,NULL,00000000000000,'0','ic','F07B23B53C6185EACC86EFE1D8'),('F09DC41917377DBE7409BA4FB9','F09DC3B9F4A559FA1B309469B8','F07B796043A756D9E97A3FEFF','cross_selling',NULL,20021001092351,NULL,00000000000000,'0','ic','F07B23B53C6185EACC86EFE1D8');
INSERT INTO `page_collection_detail` (`id`,`frontpage_id`,`collection_id`,`collection_name`,`create_by`,`create_date`,`update_by`,`update_date`,`osml_id`,`status_id`,`site_id`) VALUES ('F0E712BCC688F71665CE9B892B','EEFB66A82BBA981ABDCDD0F336','EE7C7412CB68D123F4F160B4B8','cross_selling_solution',NULL,20021015150205,NULL,00000000000000,'0','ic','EDDCA9DCE41A14EE5D5ABE7E3C'),('F302E0C1C75EBA99873DCBB676','F302E048FD76B0E2FB7B980A33','F302DF2D5C14DB19C7398591BC','services_main_page',NULL,20030707163235,NULL,00000000000000,'0','ic','F185BD3FDC5CC7989A3CED51A1'),('F30428B085D48CD98D75C7B11A','F30428329BB897A3EACA58D37A','F302DC45188ECE996BB4E65A63','cross_selling',NULL,20030318102757,NULL,00000000000000,'0','ic','F185BD3FDC5CC7989A3CED51A1'),('F3086EB501936AFC006EE6DF64','F3086E4D9C9B193C48E4E598DD','F302DC45188ECE996BB4E65A63','cross_selling',NULL,20030130150348,NULL,00000000000000,'0','ic','F185BD3FDC5CC7989A3CED51A1'),('F3086FCCE98230D7BB71747123','F3086E4D9C9B193C48E4E598DD','F3086EE25AC268B9D89977E44B','press_release',NULL,20030130150348,NULL,00000000000000,'0','ic','F185BD3FDC5CC7989A3CED51A1'),('F3087033F033CE5B6E2D8339B9','F3086FF169FB5CC2E73B72058','F302DC45188ECE996BB4E65A63','cross_selling',NULL,20030130133153,NULL,00000000000000,'0','ic','F185BD3FDC5CC7989A3CED51A1');
INSERT INTO `page_collection_detail` (`id`,`frontpage_id`,`collection_id`,`collection_name`,`create_by`,`create_date`,`update_by`,`update_date`,`osml_id`,`status_id`,`site_id`) VALUES ('F30DC892DBB52A1329623856F0','F3086FF169FB5CC2E73B72058','F30D7A35F127C9F525D69A4BCE','fact_figure',NULL,20030130133153,NULL,00000000000000,'0','ic','F185BD3FDC5CC7989A3CED51A1'),('F30E2A37ED211FA6DFCF8089E8','F30E29C6E333632615BA33F58D','F30D61195A51759F754A534603','press_release_archive',NULL,20030130152512,NULL,00000000000000,'0','ic','F185BD3FDC5CC7989A3CED51A1'),('F30E2A234CD87ED228D5E919C8','F30E29C6E333632615BA33F58D','F302DC45188ECE996BB4E65A63','cross_selling',NULL,20030130152512,NULL,00000000000000,'0','ic','F185BD3FDC5CC7989A3CED51A1'),('F30E5EC173CE54FEA75DB2E607','F30E4D1920F5C5815456845B78','F302DC45188ECE996BB4E65A63','cross_selling',NULL,20030307165045,NULL,00000000000000,'0','ic','F185BD3FDC5CC7989A3CED51A1'),('F30E9DAC81662431B9E4A8812','F30E9D6ECC70A75382B764F275','F30D6218D92D6172A83CF70347','news',NULL,20030130172438,NULL,00000000000000,'0','ic','F185BD3FDC5CC7989A3CED51A1'),('F30E9DC0282F34862AF2975BF5','F30E9D6ECC70A75382B764F275','F302DC45188ECE996BB4E65A63','cross_selling',NULL,20030130172438,NULL,00000000000000,'0','ic','F185BD3FDC5CC7989A3CED51A1');
INSERT INTO `page_collection_detail` (`id`,`frontpage_id`,`collection_id`,`collection_name`,`create_by`,`create_date`,`update_by`,`update_date`,`osml_id`,`status_id`,`site_id`) VALUES ('F30E9E2EA2C85D821D38BD68BA','F30E9DDF1A9FE5A589EC5DB77D','F30D62AFC966604EE6B63D5EA','news_archive',NULL,20030130172511,NULL,00000000000000,'0','ic','F185BD3FDC5CC7989A3CED51A1'),('F30E9E40A3BC2C9625A7F2F8','F30E9DDF1A9FE5A589EC5DB77D','F302DC45188ECE996BB4E65A63','cross_selling',NULL,20030130172511,NULL,00000000000000,'0','ic','F185BD3FDC5CC7989A3CED51A1'),('F30E9F03A55162262983A765B0','F30E9E5E2E6738CA27D794C38E','F302DC45188ECE996BB4E65A63','cross_selling',NULL,20030307165004,NULL,00000000000000,'0','ic','F185BD3FDC5CC7989A3CED51A1'),('F30EB2B44BA53A24FE85814053','F30EB26FEFEA3B27A2CC02B513','F302DC45188ECE996BB4E65A63','cross_selling',NULL,20030318161738,NULL,00000000000000,'0','ic','F185BD3FDC5CC7989A3CED51A1'),('F30EC0E74E3F5A9204C04AB765','F30EC05E28727D8633FB935398','F302DC45188ECE996BB4E65A63','cross_selling',NULL,20030130180823,NULL,00000000000000,'0','ic','F185BD3FDC5CC7989A3CED51A1'),('F30EC0C98551EDAFB9A0DEC72C','F30EC05E28727D8633FB935398','F30D638087912EB63CFF2413C4','product_service',NULL,20030130180823,NULL,00000000000000,'0','ic','F185BD3FDC5CC7989A3CED51A1');
INSERT INTO `page_collection_detail` (`id`,`frontpage_id`,`collection_id`,`collection_name`,`create_by`,`create_date`,`update_by`,`update_date`,`osml_id`,`status_id`,`site_id`) VALUES ('F30EC175E279E49FCE0D55A043','F30EC104B94B44D0C394CFE15C','F302DC45188ECE996BB4E65A63','cross_selling',NULL,20030130180807,NULL,00000000000000,'0','ic','F185BD3FDC5CC7989A3CED51A1'),('F30EDD1DC758C6FA19E48FD442','F30EDC9FCD7E6B1169454FF8D0','F302DC45188ECE996BB4E65A63','cross_selling',NULL,20030130183350,NULL,00000000000000,'0','ic','F185BD3FDC5CC7989A3CED51A1'),('F30EF302A325EAD70C9633D572','F30EF2941AA7B9AF80B963B9C3','F302DC45188ECE996BB4E65A63','cross_selling',NULL,20030318112034,NULL,00000000000000,'0','ic','F185BD3FDC5CC7989A3CED51A1'),('F312C003EEC87F74148D0A40AF','F312BF4F635BA82668D772E458','F302DC45188ECE996BB4E65A63','cross_selling',NULL,20030131124043,NULL,00000000000000,'0','ic','F185BD3FDC5CC7989A3CED51A1'),('F312C01321252B5D96644980B3','F312BF4F635BA82668D772E458','F312B7926E1BA7B9EEAAB39558','dewan_komisaris',NULL,20030131124043,NULL,00000000000000,'0','ic','F185BD3FDC5CC7989A3CED51A1'),('F312C02E4A1C2280D798DA8CFD','F312BF4F635BA82668D772E458','F312B82623C31410C34434A7B3','dewan_direksi',NULL,20030131124043,NULL,00000000000000,'0','ic','F185BD3FDC5CC7989A3CED51A1');
INSERT INTO `page_collection_detail` (`id`,`frontpage_id`,`collection_id`,`collection_name`,`create_by`,`create_date`,`update_by`,`update_date`,`osml_id`,`status_id`,`site_id`) VALUES ('F312CEE234E959AA6F0F63D7AD','F312CE723436BEEC0D74D9DD88','F302DC45188ECE996BB4E65A63','cross_selling',NULL,20030131125646,NULL,00000000000000,'0','ic','F185BD3FDC5CC7989A3CED51A1'),('F312F2693C9D81BA7126CE30AF','F312F1E8E1CA99D4801813532A','F30D64A967EC8A114463B155EC','company_structure',NULL,20030320145922,NULL,00000000000000,'0','ic','F185BD3FDC5CC7989A3CED51A1'),('F312F2593FB754049303C0E703','F312F1E8E1CA99D4801813532A','F302DC45188ECE996BB4E65A63','cross_selling',NULL,20030320145922,NULL,00000000000000,'0','ic','F185BD3FDC5CC7989A3CED51A1'),('F40A15518B277D059347755E09','F3133567EE10690EBB0B862E93','F40A12670642457146FE92A5BF','company_lob_logging',NULL,20030320132346,NULL,00000000000000,'0','ic','F185BD3FDC5CC7989A3CED51A1'),('F31335E7DC2200AA16513692A0','F3133567EE10690EBB0B862E93','F302DC45188ECE996BB4E65A63','cross_selling',NULL,20030320132346,NULL,00000000000000,'0','ic','F185BD3FDC5CC7989A3CED51A1'),('F40A151ACCBAFDC9D4A842A2F4','F3133567EE10690EBB0B862E93','F3133249977BD2C0636E037D23','company_lob_plantation',NULL,20030320132346,NULL,00000000000000,'0','ic','F185BD3FDC5CC7989A3CED51A1');
INSERT INTO `page_collection_detail` (`id`,`frontpage_id`,`collection_id`,`collection_name`,`create_by`,`create_date`,`update_by`,`update_date`,`osml_id`,`status_id`,`site_id`) VALUES ('F40A14B53CFA10D541E296D3A9','F3133567EE10690EBB0B862E93','F31330D19DFD3F3245616F57B0','company_lob_horticulture',NULL,20030320132346,NULL,00000000000000,'0','ic','F185BD3FDC5CC7989A3CED51A1'),('F40A1533C2D659E3AEE891DE9F','F3133567EE10690EBB0B862E93','F3133322C1D43F2988CD387324','company_lob_mining',NULL,20030320132346,NULL,00000000000000,'0','ic','F185BD3FDC5CC7989A3CED51A1'),('F322DD266AB2442C28B6F4E4B5','F322DCAC8723CABF95DD7086A9','F302DC45188ECE996BB4E65A63','cross_selling',NULL,20030320132401,NULL,00000000000000,'0','ic','F185BD3FDC5CC7989A3CED51A1'),('F322DDC2AA22D3016B2191A665','F322DD58B5AB5151C43B3F6709','F302DC45188ECE996BB4E65A63','cross_selling',NULL,20030320132418,NULL,00000000000000,'0','ic','F185BD3FDC5CC7989A3CED51A1'),('F322DE4A8720FB3CA4CB3D5F77','F322DDE15D751BAD950CD86091','F302DC45188ECE996BB4E65A63','cross_selling',NULL,20030320133035,NULL,00000000000000,'0','ic','F185BD3FDC5CC7989A3CED51A1'),('F322DEC91E4066F002D6F6A1BD','F322DE707E9AE4A7E1D345A1EA','F302DC45188ECE996BB4E65A63','cross_selling',NULL,20030320132540,NULL,00000000000000,'0','ic','F185BD3FDC5CC7989A3CED51A1');
INSERT INTO `page_collection_detail` (`id`,`frontpage_id`,`collection_id`,`collection_name`,`create_by`,`create_date`,`update_by`,`update_date`,`osml_id`,`status_id`,`site_id`) VALUES ('F3FF5B220CD2B19D1944A36E99','F30EF2941AA7B9AF80B963B9C3','F3FF58FF3B49C217BA449F6849','makin_subsidiary',NULL,20030318112034,NULL,00000000000000,'0','ic','F185BD3FDC5CC7989A3CED51A1'),('F3FF2B1766C7B6C4D56D5C5EBA','F30428329BB897A3EACA58D37A','F3FF22FA60FDC1B3F09C2A27AF','sitemap',NULL,20030318102757,NULL,00000000000000,'0','ic','F185BD3FDC5CC7989A3CED51A1'),('F40068C3AE2C4761F55BA146FB','F30EB26FEFEA3B27A2CC02B513','F40025C7BB2B1555515A1FF83F','head_office',NULL,20030318161738,NULL,00000000000000,'0','ic','F185BD3FDC5CC7989A3CED51A1'),('F4006B3A9AFC9AB611DC56B129','F30EB26FEFEA3B27A2CC02B513','F4006A4702C02EC8B03504B154','branch_office',NULL,20030318161738,NULL,00000000000000,'0','ic','F185BD3FDC5CC7989A3CED51A1'),('F40A154259B3DC6FC0BD54D27C','F3133567EE10690EBB0B862E93','F31333E67F5209AE9B31726965','company_lob_others',NULL,20030320132346,NULL,00000000000000,'0','ic','F185BD3FDC5CC7989A3CED51A1'),('F40A237098D33ABDDF6F5DD918','F40A22BD46954B5768899D5880','F302DC45188ECE996BB4E65A63','cross_selling',NULL,20030320133522,NULL,00000000000000,'0','ic','F185BD3FDC5CC7989A3CED51A1');
INSERT INTO `page_collection_detail` (`id`,`frontpage_id`,`collection_id`,`collection_name`,`create_by`,`create_date`,`update_by`,`update_date`,`osml_id`,`status_id`,`site_id`) VALUES ('F4D34F379CB5AD858A63D3C0F2','F4D34CF976FEFDC0031BF21231','F4D345059E58F35226610428E3','solution_main_page',NULL,20030428150734,NULL,00000000000000,'0','ic','F4D30718756B8401E43FD2AAE6'),('F4D34F837036C4F825A0A5DD05','F4D34CF976FEFDC0031BF21231','F4D34862CECEC33E7A3DFBF2F6','news_collection',NULL,20030428150734,NULL,00000000000000,'0','ic','F4D30718756B8401E43FD2AAE6'),('F4D34F929593DA8E4EA031CBCA','F4D34CF976FEFDC0031BF21231','F4D34917CF2D95241724082D6E','press_release_front_page',NULL,20030428150734,NULL,00000000000000,'0','ic','F4D30718756B8401E43FD2AAE6'),('F4D34FA0FE837B0970EBE16007','F4D34CF976FEFDC0031BF21231','F4D34AE05BA664870CE107F5C4','open_job_collection',NULL,20030428150734,NULL,00000000000000,'0','ic','F4D30718756B8401E43FD2AAE6'),('F4D3EAC4AFF9EC55AF0E9E99CD','F4D3EA76EC7E38868A98D211E4','F4D332FCE8E1713BFFA339672F','cross_selling',NULL,20030428175649,NULL,00000000000000,'0','ic','F4D30718756B8401E43FD2AAE6'),('F4D3EAD4BF583912E3CBEFE074','F4D3EA76EC7E38868A98D211E4','F4D3E9C42018508CFBD44C1F7F','solution_collection',NULL,20030428175649,NULL,00000000000000,'0','ic','F4D30718756B8401E43FD2AAE6');
INSERT INTO `page_collection_detail` (`id`,`frontpage_id`,`collection_id`,`collection_name`,`create_by`,`create_date`,`update_by`,`update_date`,`osml_id`,`status_id`,`site_id`) VALUES ('F4D7731C6771C800FA748A924F','F4D7722D457F9DBC01ACE2093E','F4D332FCE8E1713BFFA339672F','cross_selling_solution',NULL,20030429104017,NULL,00000000000000,'0','ic','F4D30718756B8401E43FD2AAE6'),('F4D772922081B471EF9B4F7796','F4D7722D457F9DBC01ACE2093E','F4D77D9A595E11607831E05333','press_release',NULL,20030429104017,NULL,00000000000000,'0','ic','F4D30718756B8401E43FD2AAE6'),('F4D777DB3CA22054DB63F1879F','F4D7773B104E76B596FE4C8EA2','F4D332FCE8E1713BFFA339672F','cross_selling',NULL,20030429102942,NULL,00000000000000,'0','ic','F4D30718756B8401E43FD2AAE6'),('F4D78857B56956BAC72349EE6D','F4D787ECE9AB7757B6558460FE','F4D332FCE8E1713BFFA339672F','cross_selling_solution',NULL,20030429104752,NULL,00000000000000,'0','ic','F4D30718756B8401E43FD2AAE6'),('F4D7886F137C71577D3D9B8309','F4D787ECE9AB7757B6558460FE','F4D7872202EEF42DB1BEE35CAD','news_collection',NULL,20030429104752,NULL,00000000000000,'0','ic','F4D30718756B8401E43FD2AAE6'),('F4D79003137EC41483E76F009E','F4D78F564380A4DE230A7DBC32','F4D332FCE8E1713BFFA339672F','cross_selling_solution',NULL,20030429105607,NULL,00000000000000,'0','ic','F4D30718756B8401E43FD2AAE6');
INSERT INTO `page_collection_detail` (`id`,`frontpage_id`,`collection_id`,`collection_name`,`create_by`,`create_date`,`update_by`,`update_date`,`osml_id`,`status_id`,`site_id`) VALUES ('F4D7923293DBBF9C83B48EE4C5','F4D791BE062178F471B508C22B','F4D332FCE8E1713BFFA339672F','cross_selling_solution',NULL,20030429105844,NULL,00000000000000,'0','ic','F4D30718756B8401E43FD2AAE6'),('F4D79245BBBB296F6634EC53C5','F4D791BE062178F471B508C22B','F4D7908E18A0B591AD5B35C429','about_us',NULL,20030429105844,NULL,00000000000000,'0','ic','F4D30718756B8401E43FD2AAE6'),('F4D793208E67DD0B5AE29EA87B','F4D792B97C276DF5E284D80319','F4D332FCE8E1713BFFA339672F','cross_selling_solution',NULL,20030429105938,NULL,00000000000000,'0','ic','F4D30718756B8401E43FD2AAE6'),('F4D798EFB97DC22EAC0668BCA8','F4D7987BCFE17D999E624D07EA','F4D332FCE8E1713BFFA339672F','cross_selling_solution',NULL,20030429110646,NULL,00000000000000,'0','ic','F4D30718756B8401E43FD2AAE6'),('F4D799BAA343D2AA40F27FB031','F4D7987BCFE17D999E624D07EA','F4D34AE05BA664870CE107F5C4','open_job_collection',NULL,20030429110646,NULL,00000000000000,'0','ic','F4D30718756B8401E43FD2AAE6'),('F4D7A0B65B45F24B566B3E6BDC','F4D7A0504C9C4965B7196DE421','F4D332FCE8E1713BFFA339672F','cross_selling_solution',NULL,20030429111421,NULL,00000000000000,'0','ic','F4D30718756B8401E43FD2AAE6');
INSERT INTO `page_collection_detail` (`id`,`frontpage_id`,`collection_id`,`collection_name`,`create_by`,`create_date`,`update_by`,`update_date`,`osml_id`,`status_id`,`site_id`) VALUES ('F4E2FA2C693CF8C2E28AA1AEEA','F4DD69BB6BA68346E2E76955C3','F4E2F93A23C96AF5243A648900','press_release_main',NULL,20030507134611,NULL,00000000000000,'0','ic','F4DD64134EC050E3D0A256EA0D'),('F4DD6A0574988FB9829DA108C0','F4DD69BB6BA68346E2E76955C3','F4DD67C9F9D543C3720D645FA0','cross_selling',NULL,20030507134611,NULL,00000000000000,'0','ic','F4DD64134EC050E3D0A256EA0D'),('F4E2C92D01551BC06A423FF220','F4E2C8BC14DF149A4E9EEAABFF','F4DD67C9F9D543C3720D645FA0','cross_selling',NULL,20030501151422,NULL,00000000000000,'0','ic','F4DD64134EC050E3D0A256EA0D'),('F4E2D735F1AD88C166DE45A97B','F4E2D6DD05510DEA09BC27F562','F4E2D64CF8DDBED197CF1D4EC7','press_release',NULL,20030501152946,NULL,00000000000000,'0','ic','F4DD64134EC050E3D0A256EA0D'),('F4E2D749F4DA1DD43913860AE4','F4E2D6DD05510DEA09BC27F562','F4DD67C9F9D543C3720D645FA0','cross_selling',NULL,20030501152946,NULL,00000000000000,'0','ic','F4DD64134EC050E3D0A256EA0D'),('F4DD6A1ECA171ACFD11890F6E0','F4DD69BB6BA68346E2E76955C3','F4DD6885A1EF5A5916B28F0DE0','review_main',NULL,20030507134611,NULL,00000000000000,'0','ic','F4DD64134EC050E3D0A256EA0D');
INSERT INTO `page_collection_detail` (`id`,`frontpage_id`,`collection_id`,`collection_name`,`create_by`,`create_date`,`update_by`,`update_date`,`osml_id`,`status_id`,`site_id`) VALUES ('F4E2FE792EC6453AC847E1C729','F4E2FDFB28EC2FC5316E2A6037','F4DD67C9F9D543C3720D645FA0','cross_selling',NULL,20030501161235,NULL,00000000000000,'0','ic','F4DD64134EC050E3D0A256EA0D'),('F4E3034C606505BBCF4DAF40FF','F4E302D3A8DB6ECA572660F6DB','F4E30221D6345730817DF8B10B','project',NULL,20030507162333,NULL,00000000000000,'0','ic','F4DD64134EC050E3D0A256EA0D'),('F4E3033C4E7F534F5E8450C333','F4E302D3A8DB6ECA572660F6DB','F4DD67C9F9D543C3720D645FA0','cross_selling',NULL,20030507162333,NULL,00000000000000,'0','ic','F4DD64134EC050E3D0A256EA0D'),('F4E3040DB5CEDEF7F7412C800D','F4E303A198252225633D919401','F4DD67C9F9D543C3720D645FA0','cross_selling',NULL,20030507162414,NULL,00000000000000,'0','ic','F4DD64134EC050E3D0A256EA0D'),('F4E3087D847DD3873573183068','F4E308109A9463EE134F00315C','F4DD67C9F9D543C3720D645FA0','cross_selling',NULL,20030507154025,NULL,00000000000000,'0','ic','F4DD64134EC050E3D0A256EA0D'),('F4E30866F2DD9E1A6CE89DEB8C','F4E308109A9463EE134F00315C','F4E30766D4F6B10B77D890862C','recipe',NULL,20030507154025,NULL,00000000000000,'0','ic','F4DD64134EC050E3D0A256EA0D');
INSERT INTO `page_collection_detail` (`id`,`frontpage_id`,`collection_id`,`collection_name`,`create_by`,`create_date`,`update_by`,`update_date`,`osml_id`,`status_id`,`site_id`) VALUES ('F4E30934F49DCFA91BB4007F0B','F4E3089F82B65B4A287DE7A947','F4DD67C9F9D543C3720D645FA0','cross_selling',NULL,20030507154056,NULL,00000000000000,'0','ic','F4DD64134EC050E3D0A256EA0D'),('F4E30FF27F81697A4F572203D9','F4E30F51613E371778C736F03A','F4DD67C9F9D543C3720D645FA0','cross_selling',NULL,20030501163143,NULL,00000000000000,'0','ic','F4DD64134EC050E3D0A256EA0D'),('F4E31003831696F6A977E07323','F4E30F51613E371778C736F03A','F4E30E4255F0C0ECA9CF12C58D','resource',NULL,20030501163143,NULL,00000000000000,'0','ic','F4DD64134EC050E3D0A256EA0D'),('F4E310BDC0EAEDA84C5356E124','F4E31023945AF9EE0A6BBC31F6','F4DD67C9F9D543C3720D645FA0','cross_selling',NULL,20030501163232,NULL,00000000000000,'0','ic','F4DD64134EC050E3D0A256EA0D'),('F4E31652A03850152AAD62BBF2','F4E315E4DD43B835B008E37B6A','F4E315146AC0D62352296671C6','review',NULL,20030507154110,NULL,00000000000000,'0','ic','F4DD64134EC050E3D0A256EA0D'),('F4E3163EB0C07545FF8CB8369','F4E315E4DD43B835B008E37B6A','F4DD67C9F9D543C3720D645FA0','cross_selling',NULL,20030507154110,NULL,00000000000000,'0','ic','F4DD64134EC050E3D0A256EA0D');
INSERT INTO `page_collection_detail` (`id`,`frontpage_id`,`collection_id`,`collection_name`,`create_by`,`create_date`,`update_by`,`update_date`,`osml_id`,`status_id`,`site_id`) VALUES ('F4E316E68F180CCC95083E0081','F4E316762262130C29F9EC7336','F4DD67C9F9D543C3720D645FA0','cross_selling',NULL,20030507154123,NULL,00000000000000,'0','ic','F4DD64134EC050E3D0A256EA0D'),('F4E83738B1B63E20A689FAED90','F4E836D22CEDB9EFC5D105E617','F4E8349537A24F34C2BADB1136','press_release_main',NULL,20030502163254,NULL,00000000000000,'0','ic','F4E6A635A8AC141BAE7F98504'),('F4E8374DDC89D87CF4978D7F5C','F4E836D22CEDB9EFC5D105E617','F4E8355C0D223308A5E405F8C3','latest_news_main',NULL,20030502163254,NULL,00000000000000,'0','ic','F4E6A635A8AC141BAE7F98504'),('F4E8375BF0F30FBAA645AE2896','F4E836D22CEDB9EFC5D105E617','F4E8361B7E88B3E21FDEC4E502','our_solutions_main',NULL,20030502163254,NULL,00000000000000,'0','ic','F4E6A635A8AC141BAE7F98504'),('F4E846ABDAB6C89F0971B477B0','F4E844EA1179FA4B139A9E6E17','F4E83EF7F42ADCFA4C089A7267','latest_news',NULL,20030502164953,NULL,00000000000000,'0','ic','F4E6A635A8AC141BAE7F98504'),('F4E84D4A26BB462C54B77A558','F4E84C856B7EA0D8C8D3D79A14','F4E841228EF31C223EC4C3C44','our_solutions',NULL,20030502165653,NULL,00000000000000,'0','ic','F4E6A635A8AC141BAE7F98504');
INSERT INTO `page_collection_detail` (`id`,`frontpage_id`,`collection_id`,`collection_name`,`create_by`,`create_date`,`update_by`,`update_date`,`osml_id`,`status_id`,`site_id`) VALUES ('F4E8500676BEDF02A6E01A6E86','F4E84F74BF3402AF26102517C1','F4E84237BF3A0CE289DCA92CD4','press_release',NULL,20030502165953,NULL,00000000000000,'0','ic','F4E6A635A8AC141BAE7F98504'),('F4E851FBE8276BC3A726A000C6','F4E850BD0DB3A304CB52352701','F4E85130966839B75E0A0C8C90','about_us',NULL,20030502170158,NULL,00000000000000,'0','ic','F4E6A635A8AC141BAE7F98504'),('F5015E47821A4F46DF1B821465','F4DD69BB6BA68346E2E76955C3','F5015CD1D2ED0D963111F06942','recipe_main',NULL,20030507134611,NULL,00000000000000,'0','ic','F4DD64134EC050E3D0A256EA0D'),('F5015E8F30CE32515C3B663358','F4DD69BB6BA68346E2E76955C3','F5015D733AF172E8FBC3427079','resource_main',NULL,20030507134611,NULL,00000000000000,'0','ic','F4DD64134EC050E3D0A256EA0D');

DROP TABLE IF EXISTS `payment`;
CREATE TABLE `payment` (
  `id` bigint(20) NOT NULL default '0',
  `accountNr` varchar(255) default NULL,
  `agentNr` varchar(255) default NULL,
  `amount` decimal(19,2) default NULL,
  `amountMentioned` varchar(255) default NULL,
  `bank` varchar(255) default NULL,
  `bankTransferAccount` varchar(255) default NULL,
  `bankTransferAddress` varchar(255) default NULL,
  `bankTransferName` varchar(255) default NULL,
  `formNr` varchar(255) default NULL,
  `name` varchar(255) default NULL,
  `paymentType` varchar(255) default NULL,
  `receiptNr` varchar(255) default NULL,
  `reportStatus` varchar(255) default NULL,
  `salesOffice` varchar(255) default NULL,
  `date` date default NULL,
  PRIMARY KEY  (`id`)
) TYPE=MyISAM;

DROP TABLE IF EXISTS `role_privilage`;
CREATE TABLE `role_privilage` (
  `id` varchar(36) NOT NULL default '',
  `role_id` varchar(36) default NULL,
  `module_function_id` varchar(36) default NULL,
  `privilage_flag` tinyint(1) default '0',
  `url_xml` varchar(255) default NULL,
  `create_by` varchar(36) default NULL,
  `create_date` timestamp(14) NOT NULL,
  `update_by` varchar(36) default NULL,
  `update_date` timestamp(14) NOT NULL default '00000000000000',
  `status_id` char(2) NOT NULL default 'ic',
  `active_flag` tinyint(1) NOT NULL default '1',
  `site_id` varchar(36) default NULL,
  PRIMARY KEY  (`id`)
) TYPE=MyISAM;
INSERT INTO `role_privilage` (`id`,`role_id`,`module_function_id`,`privilage_flag`,`url_xml`,`create_by`,`create_date`,`update_by`,`update_date`,`status_id`,`active_flag`,`site_id`) VALUES ('1','1','1',1,NULL,NULL,20020529014406,NULL,00000000000000,'ic',1,'EE185CE0B82B41C1724F284685'),('3','1','3',1,NULL,NULL,20020529014406,NULL,00000000000000,'ic',1,'EE185CE0B82B41C1724F284685'),('4','1','4',1,NULL,NULL,20020529014406,'1',20010713191218,'ic',1,'EE185CE0B82B41C1724F284685'),('12','2','3',1,NULL,NULL,20020529014406,NULL,00000000000000,'ic',1,'EE185CE0B82B41C1724F284685'),('13','2','6',1,NULL,NULL,20020529014406,NULL,00000000000000,'ic',1,'EE185CE0B82B41C1724F284685'),('E8D32FCE1316C8CAA11F6CA00E','1','E8D32F8713656B89EF6796025F',1,NULL,'1',20020529014406,'1',20010909020028,'ic',1,'EE185CE0B82B41C1724F284685'),('EACA38F53AAF7CADDF9E20D48B','EACA3F077E886331F0863628FF','EACA319302C5B45E20059EDF39',1,NULL,'1',20020529014406,'1',20011215182500,'ic',1,'EE185CE0B82B41C1724F284685'),('EAD2D2935AE815149B0E7DAB00','1','EAD2D2409EC1022AEBD088385',1,NULL,'1',20020529014406,NULL,00000000000000,'ic',1,'EE185CE0B82B41C1724F284685'),('EC27D7EEAEB95E55C505A080DC','3','6',1,NULL,'1',20020529014406,'1',20020413104221,'ic',1,'EE185CE0B82B41C1724F284685');
INSERT INTO `role_privilage` (`id`,`role_id`,`module_function_id`,`privilage_flag`,`url_xml`,`create_by`,`create_date`,`update_by`,`update_date`,`status_id`,`active_flag`,`site_id`) VALUES ('EC27E61BD8AC0CC27990148F79','3','E7B5F42F47F3BDBD009F4A70F4',1,NULL,'1',20020529014406,'1',20020413104540,'ic',1,'EE185CE0B82B41C1724F284685'),('ED6262836FC467113861BEC347','EACA3F077E886331F0863628FF','ED625E63C7DD6F60D0A3429A5F',1,NULL,'1',20020529014406,NULL,00000000000000,'ic',1,'EE185CE0B82B41C1724F284685'),('EDA3EF16A2A1CF45DB6A29DBD3','EACA3F077E886331F0863628FF','EDA3E90CE63AE04E6159FFC6E4',1,NULL,'1',20020529014406,NULL,00000000000000,'ic',1,'EE185CE0B82B41C1724F284685'),('EDA3F7680646631B52B5579C2B','EDA4618AC8FEE77BEEF571204D','EDA3F28096FBA22FDAF8AE2FCB',1,NULL,'1',20020529014406,'1',20020506131702,'ic',1,'EE185CE0B82B41C1724F284685'),('F15DB620D0C7D7986FEE136B0C','3','F15DB4CB9E88FF3BD7726BFC44',1,NULL,'1',20021107155546,NULL,00000000000000,'ic',1,'EE185CE0B82B41C1724F284685'),('F1158F9530557FF2B881A28959','3','F1158BCC10255DDC5563C9DC07',1,NULL,'1',20021024154100,NULL,00000000000000,'ic',1,'EE185CE0B82B41C1724F284685'),('F162B3E3B9753CCB20FE38CCE1','5','F1158BCC10255DDC5563C9DC07',1,NULL,'1',20021108151135,NULL,00000000000000,'ic',1,'EE185CE0B82B41C1724F284685');
INSERT INTO `role_privilage` (`id`,`role_id`,`module_function_id`,`privilage_flag`,`url_xml`,`create_by`,`create_date`,`update_by`,`update_date`,`status_id`,`active_flag`,`site_id`) VALUES ('F162BB988F4485C1980C43BBC5','5','F15DB4CB9E88FF3BD7726BFC44',1,NULL,'1',20021108151947,NULL,00000000000000,'ic',1,'EE185CE0B82B41C1724F284685'),('F162BCDD7B9E05CF86705E93A4','E8615A5669989A7E9BF0062A7C','F1158BCC10255DDC5563C9DC07',1,NULL,'1',20021108152118,NULL,00000000000000,'ic',1,'EE185CE0B82B41C1724F284685'),('F162BD234FA764DD448B82D82B','E8615A5669989A7E9BF0062A7C','F15DB4CB9E88FF3BD7726BFC44',1,NULL,'1',20021108152127,NULL,00000000000000,'ic',1,'EE185CE0B82B41C1724F284685'),('F8EE3511AECA4C232B49542662','3','F8EE2EDC0C6B2F32924D03427F',1,NULL,'1',20031118163920,NULL,00000000000000,'ic',1,'EE185CE0B82B41C1724F284685'),('F9A78081DD38E14E8F8C1B3FB1','3','F8EE2EDC0C6B2F32924D03427F',1,NULL,'1',20031224161216,NULL,00000000000000,'ic',1,'EE185CE0B82B41C1724F284685');

DROP TABLE IF EXISTS `role_site`;
CREATE TABLE `role_site` (
  `id` varchar(36) NOT NULL default '',
  `role_id` varchar(36) NOT NULL default '',
  `rsite_id` varchar(36) NOT NULL default '',
  `create_by` varchar(36) default NULL,
  `create_date` timestamp(14) NOT NULL,
  `update_by` varchar(36) default NULL,
  `update_date` timestamp(14) NOT NULL default '00000000000000',
  `osml_id` varchar(36) default '0',
  `status_id` varchar(36) default 'ic',
  `site_id` varchar(36) default NULL,
  PRIMARY KEY  (`id`)
) TYPE=MyISAM;
INSERT INTO `role_site` (`id`,`role_id`,`rsite_id`,`create_by`,`create_date`,`update_by`,`update_date`,`osml_id`,`status_id`,`site_id`) VALUES ('F199E8F90A87DB35EAA0B810B8','3','F199E755B97B662FC248CAC80',NULL,20021119082832,NULL,00000000000000,'0','ic','EE185CE0B82B41C1724F284685'),('F186BF7B53F10B7406CB96A1DD','3','F185BD3FDC5CC7989A3CED51A1',NULL,20021115151020,NULL,00000000000000,'0','ic','EE185CE0B82B41C1724F284685'),('F186BF656B571EA0CD8A1D6BCC','3','F185C29BDFC64CD3D08E1A15E8',NULL,20021115151020,NULL,00000000000000,'0','ic','EE185CE0B82B41C1724F284685'),('F186BF5394823B80AD8D6364FF','3','F185C351B2FAC396169017978F',NULL,20021115151020,NULL,00000000000000,'0','ic','EE185CE0B82B41C1724F284685'),('F74B6B78EBE6BDDAB1FEA8DF3F','3','F74B696E86AA0CA5819A4FB36C',NULL,20030829085753,NULL,00000000000000,'0','ic','EE185CE0B82B41C1724F284685'),('F78E9C6F2288CD721B04670153','3','F78E9748E9F76ABD233C5EAD39',NULL,20030911100604,NULL,00000000000000,'0','ic','EE185CE0B82B41C1724F284685'),('F9A20322793136B6AFD2F8C7AE','F9A202E61CD5BE6BE70F60BC30','F9A2020F6D2B0CA30F3A1C8745',NULL,20031223143624,NULL,00000000000000,'0','ic','EE185CE0B82B41C1724F284685');

DROP TABLE IF EXISTS `role_site_privilage`;
CREATE TABLE `role_site_privilage` (
  `id` varchar(36) NOT NULL default '',
  `role_site_id` varchar(36) default NULL,
  `module_function_id` varchar(36) default NULL,
  `privilage_flag` tinyint(1) default '1',
  `url_xml` varchar(255) default NULL,
  `rs_site_id` varchar(36) NOT NULL default '',
  `create_by` varchar(36) default NULL,
  `create_date` timestamp(14) NOT NULL,
  `update_by` varchar(36) default NULL,
  `update_date` timestamp(14) NOT NULL default '00000000000000',
  `status_id` char(2) NOT NULL default 'ic',
  `active_flag` tinyint(1) NOT NULL default '1',
  `site_id` varchar(36) default NULL,
  PRIMARY KEY  (`id`)
) TYPE=MyISAM;
INSERT INTO `role_site_privilage` (`id`,`role_site_id`,`module_function_id`,`privilage_flag`,`url_xml`,`rs_site_id`,`create_by`,`create_date`,`update_by`,`update_date`,`status_id`,`active_flag`,`site_id`) VALUES ('2','1','2',1,NULL,'EE185CE0B82B41C1724F284685',NULL,20020709094430,NULL,20020709081753,'ic',1,'EE185CE0B82B41C1724F284685'),('1','1','1',1,NULL,'EE185CE0B82B41C1724F284685',NULL,20020709094503,NULL,20020709094503,'ic',1,'EE185CE0B82B41C1724F284685'),('F19A75C323A3B0D49FFA8787B3','F186BF656B571EA0CD8A1D6BCC','F186E1B0CC5DB5F3EDC4F2E768',1,NULL,'F185C29BDFC64CD3D08E1A15E8',NULL,20021119110220,NULL,00000000000000,'ic',1,'EE185CE0B82B41C1724F284685'),('F1868AC0C6C48059DFA7CB8FB6','EF201F06FE6D8F2B1E1754401A','F15DB4CB9E88FF3BD7726BFC44',1,NULL,'EF62687CC1170D25FC73E0051C',NULL,20021115144453,NULL,00000000000000,'ic',1,'EE185CE0B82B41C1724F284685'),('F186B7E27F6534C0FFB92A8E6B','F186816737F04F453D615080A3','F15DB4CB9E88FF3BD7726BFC44',1,NULL,'F185C351B2FAC396169017978F',NULL,20021115150204,NULL,00000000000000,'ic',1,'EE185CE0B82B41C1724F284685'),('F186B7BB1A72061092EBC71BED','F186816737F04F453D615080A3','F1158BCC10255DDC5563C9DC07',1,NULL,'F185C351B2FAC396169017978F',NULL,20021115150204,NULL,00000000000000,'ic',1,'EE185CE0B82B41C1724F284685');
INSERT INTO `role_site_privilage` (`id`,`role_site_id`,`module_function_id`,`privilage_flag`,`url_xml`,`rs_site_id`,`create_by`,`create_date`,`update_by`,`update_date`,`status_id`,`active_flag`,`site_id`) VALUES ('F74B6C20E5B9244F91A27900C0','F74B6B78EBE6BDDAB1FEA8DF3F','F1A62489F16437AD6D12617D3F',1,NULL,'F74B696E86AA0CA5819A4FB36C',NULL,20030829085825,NULL,00000000000000,'ic',1,'EE185CE0B82B41C1724F284685'),('F19A8020FE26D4663C46E6B7AD','F186BF7B53F10B7406CB96A1DD','F19A7ED8E71F5BE9AC192EE65A',1,NULL,'F185BD3FDC5CC7989A3CED51A1',NULL,20021119111336,NULL,00000000000000,'ic',1,'EE185CE0B82B41C1724F284685'),('F33663953B4902CDFB5A3F49C5','F199E8F90A87DB35EAA0B810B8','F33661890F73F3C0A23436294A',1,NULL,'F199E755B97B662FC248CAC80',NULL,20030207104607,NULL,00000000000000,'ic',1,'EE185CE0B82B41C1724F284685'),('F74B6C0EAA8231A279077A25C5','F74B6B78EBE6BDDAB1FEA8DF3F','F74B5F495A997365A16C0D6058',1,NULL,'F74B696E86AA0CA5819A4FB36C',NULL,20030829085825,NULL,00000000000000,'ic',1,'EE185CE0B82B41C1724F284685'),('F186C02D2892C034E4F433C5D','F186BF5394823B80AD8D6364FF','F1158BCC10255DDC5563C9DC07',1,NULL,'F185C351B2FAC396169017978F',NULL,20030829085809,NULL,00000000000000,'ic',1,'EE185CE0B82B41C1724F284685');
INSERT INTO `role_site_privilage` (`id`,`role_site_id`,`module_function_id`,`privilage_flag`,`url_xml`,`rs_site_id`,`create_by`,`create_date`,`update_by`,`update_date`,`status_id`,`active_flag`,`site_id`) VALUES ('F9A203A43A378BC1AD30EF3787','F9A20322793136B6AFD2F8C7AE','E8D32F8713656B89EF6796025F',1,NULL,'F9A2020F6D2B0CA30F3A1C8745',NULL,20031223143653,NULL,00000000000000,'ic',1,'EE185CE0B82B41C1724F284685');

DROP TABLE IF EXISTS `site`;
CREATE TABLE `site` (
  `id` varchar(36) NOT NULL default '',
  `name` varchar(64) NOT NULL default '',
  `description` varchar(255) default NULL,
  `theme_id` varchar(36) NOT NULL default '',
  `title` varchar(255) default NULL,
  `site_headline` text,
  `url_branding` varchar(255) default NULL,
  `site_url` varchar(255) default NULL,
  `admin_email` varchar(255) default NULL,
  `notify_flag` tinyint(1) NOT NULL default '1',
  `notify_email` varchar(255) default NULL,
  `notify_from` varchar(255) default NULL,
  `notify_message` varchar(255) default NULL,
  `active_flag` tinyint(1) NOT NULL default '1',
  `create_by` varchar(36) default NULL,
  `create_date` timestamp(14) NOT NULL,
  `update_by` varchar(36) default NULL,
  `update_date` timestamp(14) NOT NULL default '00000000000000',
  `osml_id` varchar(36) default '0',
  `status_id` varchar(36) default 'ic',
  `site_id` varchar(36) default NULL,
  PRIMARY KEY  (`id`)
) TYPE=MyISAM;
INSERT INTO `site` (`id`,`name`,`description`,`theme_id`,`title`,`site_headline`,`url_branding`,`site_url`,`admin_email`,`notify_flag`,`notify_email`,`notify_from`,`notify_message`,`active_flag`,`create_by`,`create_date`,`update_by`,`update_date`,`osml_id`,`status_id`,`site_id`) VALUES ('EE185CE0B82B41C1724F284685','Cimande Backend','Cimande Backend Site','EE39E38171B7328E0269CF4E06',NULL,NULL,NULL,NULL,NULL,1,NULL,NULL,NULL,1,'1',20020705094826,'1',20020705094826,'0','ic','EE185CE0B82B41C1724F284685'),('F185BD3FDC5CC7989A3CED51A1','Makin Portal','Makin Portal','F302D39D46B228A55412E3D127','Welcome to Intercitra.com','Isi dengan kata2 dari makin di menu site (Site Headline)','F63C152A8E6428CDB41A42DFC3logo intercitra.gif','makingroup.com','',1,'','','',1,'1',20030707163027,'1',20030707163027,'0','ic','EE185CE0B82B41C1724F284685'),('F185C29BDFC64CD3D08E1A15E8','Makin Intranet','Makin Intranet','F07B2292454364DA2311935565','Welcome to Makin Intranet','ini tulisan cuma test doang',NULL,'','',1,'','','',1,'1',20030306155330,'1',20030306155330,'0','ic','EE185CE0B82B41C1724F284685'),('F185C351B2FAC396169017978F','Document Archive','Document Archive','F07B2292454364DA2311935565','',NULL,NULL,'','',1,'','','',1,'1',20021115104608,NULL,00000000000000,'0','ic','EE185CE0B82B41C1724F284685');
INSERT INTO `site` (`id`,`name`,`description`,`theme_id`,`title`,`site_headline`,`url_branding`,`site_url`,`admin_email`,`notify_flag`,`notify_email`,`notify_from`,`notify_message`,`active_flag`,`create_by`,`create_date`,`update_by`,`update_date`,`osml_id`,`status_id`,`site_id`) VALUES ('F199E755B97B662FC248CAC80','Makin Admin','Makin Admin','F07B2292454364DA231193556','',NULL,NULL,'','',1,'','','',1,'1',20021119082714,NULL,00000000000000,'0','ic','EE185CE0B82B41C1724F284685'),('F4D30718756B8401E43FD2AAE6','Intercitra Site','Intercitra Site','EEEE7A657391D5CD89EAFFA648','Welcome to Intercitra.com','','F63C1E7B8C37B54490B4438C3Blogo intercitra.gif','intercitra-inovation.com','admin.intercitra.com',1,'','','',1,'1',20030707163625,'1',20030707163625,'0','ic','EE185CE0B82B41C1724F284685'),('F4DD64134EC050E3D0A256EA0D','Blueoxygen Site','Blueoxygen Organization Site','F07B2292454364DA2311935565','Welcome to Blueoxygen.org','','F5F866CA1561299B679656D596logo-blueoxygen.gif','bio2.org','',1,'','','',1,'1',20030707163859,'1',20030707163859,'0','ic','EE185CE0B82B41C1724F284685'),('F4E6A635A8AC141BAE7F98504','Guerill-Forum Site','Guerilla Forum Site','EF8E248CD64707158718C93173','Welcome to Guerilla-Forum.org','','F4E6A7AE60B56B4CC55AE7C4BElogo_guerilla.gif','www.guerilla-forum.org','',1,'','','',1,'1',20030502091609,NULL,00000000000000,'0','ic','EE185CE0B82B41C1724F284685');
INSERT INTO `site` (`id`,`name`,`description`,`theme_id`,`title`,`site_headline`,`url_branding`,`site_url`,`admin_email`,`notify_flag`,`notify_email`,`notify_from`,`notify_message`,`active_flag`,`create_by`,`create_date`,`update_by`,`update_date`,`osml_id`,`status_id`,`site_id`) VALUES ('F74B696E86AA0CA5819A4FB36C','Activity Management','Project & Task Tracking','F302D39D46B228A55412E3D127','','',NULL,'','',1,'','','',1,'1',20030829085556,NULL,00000000000000,'0','ic','EE185CE0B82B41C1724F284685'),('F78E9748E9F76ABD233C5EAD39','PAN','','F302D39D46B228A55412E3D127','','',NULL,'intercitra-inovation.com','',1,'','','',1,'1',20030911110721,'1',20030911110721,'0','ic','EE185CE0B82B41C1724F284685'),('F8EE4789BA9DC24BAD1ECD597D','Report Management','Report Management','F302D39D46B228A55412E3D127','Report Management','',NULL,'','',1,'','','',1,'1',20031118165946,NULL,00000000000000,'0','ic','EE185CE0B82B41C1724F284685'),('F9A2020F6D2B0CA30F3A1C8745','DJPLN','','0','','',NULL,'','',0,'','','',1,'1',20031223143549,NULL,00000000000000,'0','ic','EE185CE0B82B41C1724F284685');

DROP TABLE IF EXISTS `sites`;
CREATE TABLE `sites` (
  `id` varchar(20) NOT NULL default '',
  `name` varchar(50) NOT NULL default '',
  `pid` varchar(20) NOT NULL default '',
  `active_flag` varchar(5) NOT NULL default '',
  `site_id` varchar(20) NOT NULL default '',
  `main_img` varchar(255) NOT NULL default '',
  `front_img` varchar(255) NOT NULL default '',
  `detail_img` varchar(255) NOT NULL default ''
) TYPE=MyISAM;
INSERT INTO `sites` (`id`,`name`,`pid`,`active_flag`,`site_id`,`main_img`,`front_img`,`detail_img`) VALUES ('1','Intercitra','2','0','abc','i1.jpg','i2.jpg','i3.jpg'),('2','BlueOxygen','2','1','def','z1.jpg','z2.jpg','z3.jpg'),('3','GuerillaForum','2','0','ghi','g1.jpg','g2.jpg','g3.jpg');

DROP TABLE IF EXISTS `skin`;
CREATE TABLE `skin` (
  `id` varchar(36) NOT NULL default '',
  `theme_id` varchar(36) NOT NULL default '',
  `name` varchar(128) NOT NULL default '',
  `description` varchar(255) default NULL,
  `url_theme` varchar(128) default NULL,
  `active_flag` tinyint(1) NOT NULL default '1',
  `create_by` varchar(36) default NULL,
  `create_date` timestamp(14) NOT NULL,
  `update_by` varchar(36) default NULL,
  `update_date` timestamp(14) NOT NULL default '00000000000000',
  `osml_id` varchar(36) default '0',
  `status_id` varchar(36) default 'ic',
  `site_id` varchar(36) default NULL,
  PRIMARY KEY  (`id`)
) TYPE=MyISAM;
INSERT INTO `skin` (`id`,`theme_id`,`name`,`description`,`url_theme`,`active_flag`,`create_by`,`create_date`,`update_by`,`update_date`,`osml_id`,`status_id`,`site_id`) VALUES ('EED8A71A292BDD79AE8D438AB3','EE39E360586DC4030AA5D88CAA','Article','Article Techno','article.vm',1,'1',20020709150709,'1',20020709150709,'0','ic','EE185CE0B82B41C1724F284685'),('EED8A79711FD1B9C63BA7ADA0E','EE39E360586DC4030AA5D88CAA','Page Techno','Page Techno','page.vm',1,'1',20020709150731,'1',20020709150731,'0','ic','EE185CE0B82B41C1724F284685'),('EEED8E57002048A2E9071DAF76','EEEE7A657391D5CD89EAFFA648','index','Index - Main Page','index.htm',1,'1',20020712025007,'1',20020712025007,'0','ic','EE185CE0B82B41C1724F284685'),('EEED8EE4881FA530706324955E','EEEE7A657391D5CD89EAFFA648','about_us','About Us','about_us.htm',1,'1',20020712025023,'1',20020712025023,'0','ic','EE185CE0B82B41C1724F284685'),('EEED8F22116F192E521FCB6C46','EEEE7A657391D5CD89EAFFA648','contact_us','Contact Us','contact_us.htm',1,'1',20020712025027,'1',20020712025027,'0','ic','EE185CE0B82B41C1724F284685'),('EEED8F61ACA8FD143C4A127AE','EEEE7A657391D5CD89EAFFA648','lates_news','Latest News Archive','latest_news.htm',1,'1',20020712025033,'1',20020712025033,'0','ic','EE185CE0B82B41C1724F284685');
INSERT INTO `skin` (`id`,`theme_id`,`name`,`description`,`url_theme`,`active_flag`,`create_by`,`create_date`,`update_by`,`update_date`,`osml_id`,`status_id`,`site_id`) VALUES ('EEED8FAA79AC379210C5F52060','EEEE7A657391D5CD89EAFFA648','lates_news_details','Latest News Detail','latest_news_detail.htm',1,'1',20020718002920,'1',20020718002920,'0','ic','EE185CE0B82B41C1724F284685'),('EEED906F3DD8D8C52409FB4D9F','EEEE7A657391D5CD89EAFFA648','our_solutions','Our Solutions','our_solutions.htm',1,'1',20020712025041,'1',20020712025041,'0','ic','EE185CE0B82B41C1724F284685'),('EEED90B7B09350BB36F389A43E','EEEE7A657391D5CD89EAFFA648','our_solutions_detail','Our Solutions Detail','our_solutions_detail.htm',1,'1',20020712025045,'1',20020712025045,'0','ic','EE185CE0B82B41C1724F284685'),('EEED91195E6BDC9CF09ECB2DF3','EEEE7A657391D5CD89EAFFA648','press_release','Press Release Archive','press_release.htm',1,'1',20020712032229,'1',20020712032229,'0','ic','EE185CE0B82B41C1724F284685'),('EEED915B2AE8D8F40ACED882C5','EEEE7A657391D5CD89EAFFA648','press_release_details','Press Release Details','press_release_detail.htm',1,'1',20020712040015,'1',20020712040015,'0','ic','EE185CE0B82B41C1724F284685'),('F524BB45D2E30AEA8249BE6225','Document asli','Sugiarto','Mau pasang dokument','',1,'1',20030514103448,NULL,00000000000000,'0','ic','EE185CE0B82B41C1724F284685');
INSERT INTO `skin` (`id`,`theme_id`,`name`,`description`,`url_theme`,`active_flag`,`create_by`,`create_date`,`update_by`,`update_date`,`osml_id`,`status_id`,`site_id`) VALUES ('F2FF1ABC722599C16FE990B95E','EE39E38171B7328E0269CF4E06','page_collection.vm','','',1,'1',20030127170720,NULL,00000000000000,'0','ic','EE185CE0B82B41C1724F284685'),('EF1EEC2113DFA19FB81258C38A','EEEE7A657391D5CD89EAFFA648','open_job','Open Job Skin','open_job.htm',1,'1',20020719011332,'1',20020719011332,'0','ic','EE185CE0B82B41C1724F284685'),('EF33952CCDF48014677207390C','EF339499195C4175BFFF300B14','mainpage','Main Page Green Matrix','index.htm',1,'1',20020723013025,NULL,00000000000000,'0','ic','EE185CE0B82B41C1724F284685'),('EF3DB199C4997C0D4CF66C2FE3','EF339499195C4175BFFF300B14','latest_news','Latest News','latest_news.htm',1,'1',20020725010721,'1',20020725010721,'0','ic','EE185CE0B82B41C1724F284685'),('EF3DCE12F3E784A3504C51EE52','EF339499195C4175BFFF300B14','latest_news_details','Latest News Details','latest_news_details.htm',1,'1',20020725010915,NULL,00000000000000,'0','ic','EE185CE0B82B41C1724F284685'),('EF3DD04583B1E0BF80BF38F7B4','EF339499195C4175BFFF300B14','about_us','About Us','about_us.htm',1,'1',20020725011108,NULL,00000000000000,'0','ic','EE185CE0B82B41C1724F284685');
INSERT INTO `skin` (`id`,`theme_id`,`name`,`description`,`url_theme`,`active_flag`,`create_by`,`create_date`,`update_by`,`update_date`,`osml_id`,`status_id`,`site_id`) VALUES ('EF3DD0B340E38780B1B49BB820','EF339499195C4175BFFF300B14','contact_us','Contact Us','contact_us.htm',1,'1',20020725011136,NULL,00000000000000,'0','ic','EE185CE0B82B41C1724F284685'),('EF3DD11C4B8AF9FF295F58BA9E','EF339499195C4175BFFF300B14','our_solution_details','Our Solution Details','our_solution_details.htm',1,'1',20020725034900,'1',20020725034900,'0','ic','EE185CE0B82B41C1724F284685'),('EF3DD1C31AAA5A6C655E9DE458','EF339499195C4175BFFF300B14','our_solutions','Our Solutions Archive','our_solutions.htm',1,'1',20020730235452,'1',20020730235452,'0','ic','EE185CE0B82B41C1724F284685'),('EF3DD27718347862F68D50A66','EF339499195C4175BFFF300B14','press_release','Press Release Archive','press_release.htm',1,'1',20020725011340,NULL,00000000000000,'0','ic','EE185CE0B82B41C1724F284685'),('EF3DD3C0DE6F7365ABC3BC9FB7','EF339499195C4175BFFF300B14','press_release_details','Press Release Details','press_release_details.htm',1,'1',20020725011506,NULL,00000000000000,'0','ic','EE185CE0B82B41C1724F284685'),('EF3DD45212976F3861F684F91C','EF339499195C4175BFFF300B14','open_job','Open Job','open_job.htm',1,'1',20020725011540,NULL,00000000000000,'0','ic','EE185CE0B82B41C1724F284685');
INSERT INTO `skin` (`id`,`theme_id`,`name`,`description`,`url_theme`,`active_flag`,`create_by`,`create_date`,`update_by`,`update_date`,`osml_id`,`status_id`,`site_id`) VALUES ('EF61D94A207A243FA2C5E7DACC','EEED769D1CA72C8DD9829685BC','main_page','Main Page','index.htm',1,'1',20020801010720,NULL,00000000000000,'0','ic','EE185CE0B82B41C1724F284685'),('EF61D9BA4FA37DC5D61F0B8B6A','EEED769D1CA72C8DD9829685BC','our_solutions','Our Solutions','our_solutions.htm',1,'1',20020801010751,NULL,00000000000000,'0','ic','EE185CE0B82B41C1724F284685'),('EF61DA32CA45F6895A5FF65099','EEED769D1CA72C8DD9829685BC','press_release','Press Release','press_release.htm',1,'1',20020801010820,NULL,00000000000000,'0','ic','EE185CE0B82B41C1724F284685'),('EF61DAA20FF6FC31E28AAFACDB','EEED769D1CA72C8DD9829685BC','latest_news','Latest News','latest_news.htm',1,'1',20020801010846,NULL,00000000000000,'0','ic','EE185CE0B82B41C1724F284685'),('EF61DB0ABCB2C0383ED89CF3BE','EEED769D1CA72C8DD9829685BC','latest_news_detail','Latest News Detail','latest_news_detail.htm',1,'1',20020802024845,'1',20020802024845,'0','ic','EE185CE0B82B41C1724F284685'),('EF61DBC92A5A01266BD3D0D049','EEED769D1CA72C8DD9829685BC','our_solutions_detail','Our Solutions Detail','our_solutions_detail.htm',1,'1',20020802034934,'1',20020802034934,'0','ic','EE185CE0B82B41C1724F284685');
INSERT INTO `skin` (`id`,`theme_id`,`name`,`description`,`url_theme`,`active_flag`,`create_by`,`create_date`,`update_by`,`update_date`,`osml_id`,`status_id`,`site_id`) VALUES ('EF61DC5B0983D882183BF23C11','EEED769D1CA72C8DD9829685BC','press_release_detail','Press Release Detail','press_release_detail.htm',1,'1',20020802024911,'1',20020802024911,'0','ic','EE185CE0B82B41C1724F284685'),('EF61DCC666E816B86B1EF4A04B','EEED769D1CA72C8DD9829685BC','contact_us','Contact Us','contact_us.htm',1,'1',20020801011103,NULL,00000000000000,'0','ic','EE185CE0B82B41C1724F284685'),('EF61DD5C4D4F996AE3D9853CD8','EEED769D1CA72C8DD9829685BC','about_us','About Us','about_us.htm',1,'1',20020801011140,NULL,00000000000000,'0','ic','EE185CE0B82B41C1724F284685'),('EF770682B51853368774F11E41','EF77053DB1F41DEAE9E0EC8A2F','main_page','Main Page','index.htm',1,'1',20020805035448,'1',20020805035448,'0','ic','EE185CE0B82B41C1724F284685'),('EF7706DCFA2042BE91940B9029','EF77053DB1F41DEAE9E0EC8A2F','about_us','About Us','about_us.htm',1,'1',20020805035457,'1',20020805035457,'0','ic','EE185CE0B82B41C1724F284685'),('EF7708560D9A33A55538E8D5DD','EF77053DB1F41DEAE9E0EC8A2F','contact_us','Contact Us','contact_us.htm',1,'1',20020807160623,'1',20020807160623,'0','ic','EE185CE0B82B41C1724F284685');
INSERT INTO `skin` (`id`,`theme_id`,`name`,`description`,`url_theme`,`active_flag`,`create_by`,`create_date`,`update_by`,`update_date`,`osml_id`,`status_id`,`site_id`) VALUES ('EF770890284513762413980D61','EF77053DB1F41DEAE9E0EC8A2F','latest_news','Latest News','latest_news.htm',1,'1',20020805035515,'1',20020805035515,'0','ic','EE185CE0B82B41C1724F284685'),('EF7708F5A92C7708E431064FF','EF77053DB1F41DEAE9E0EC8A2F','latest_news_detail','Latest News Detail','latest_news_detail.htm',1,'1',20020805035526,'1',20020805035526,'0','ic','EE185CE0B82B41C1724F284685'),('EF77097FA9F464579815DAB4DB','EF77053DB1F41DEAE9E0EC8A2F','our_solutions','Our Solutions','our_solutions.htm',1,'1',20020805035535,'1',20020805035535,'0','ic','EE185CE0B82B41C1724F284685'),('EF7709E076918224E2C5B07B7A','EF77053DB1F41DEAE9E0EC8A2F','our_solutions_detail','Our Solutions Detail','our_solutions_detail.htm',1,'1',20020805035549,'1',20020805035549,'0','ic','EE185CE0B82B41C1724F284685'),('EF770A3D3C54272D02290A7ACF','EF77053DB1F41DEAE9E0EC8A2F','press_release','Press Release','press_release.htm',1,'1',20020805035600,'1',20020805035600,'0','ic','EE185CE0B82B41C1724F284685'),('EF770A8FA2B9C566FEB2D07D71','EF77053DB1F41DEAE9E0EC8A2F','press_release_detail','Press Release Detail','press_release_detail.htm',1,'1',20020805035613,'1',20020805035613,'0','ic','EE185CE0B82B41C1724F284685');
INSERT INTO `skin` (`id`,`theme_id`,`name`,`description`,`url_theme`,`active_flag`,`create_by`,`create_date`,`update_by`,`update_date`,`osml_id`,`status_id`,`site_id`) VALUES ('EF878D43B44129DB9FF337D315','EF878CDA15F79452ECED780C03','main_page','Main Page','index.htm',1,'1',20020808084943,NULL,00000000000000,'0','ic','EE185CE0B82B41C1724F284685'),('EF878D94EA13DF41D77ECEEA3F','EF878CDA15F79452ECED780C03','about_us','About Us','about_us.htm',1,'1',20020808085004,NULL,00000000000000,'0','ic','EE185CE0B82B41C1724F284685'),('EF878DE1DCA0A8D06486C85DA6','EF878CDA15F79452ECED780C03','contact_us','Contact Us','contact_us.htm',1,'1',20020808085027,NULL,00000000000000,'0','ic','EE185CE0B82B41C1724F284685'),('EF878E3C0754B2250A49C18A01','EF878CDA15F79452ECED780C03','latest_news','Latest News','latest_news.htm',1,'1',20020808085101,NULL,00000000000000,'0','ic','EE185CE0B82B41C1724F284685'),('EF878EBEE25A571043B9E2D699','EF878CDA15F79452ECED780C03','latest_news_detail','Latest News Detail','latest_news_detail.htm',1,'1',20020808085127,NULL,00000000000000,'0','ic','EE185CE0B82B41C1724F284685'),('EF878F2718A11A7D23D6EBF386','EF878CDA15F79452ECED780C03','press_release_detail','Press Release Detail','press_release_detail.htm',1,'1',20020808085155,NULL,00000000000000,'0','ic','EE185CE0B82B41C1724F284685');
INSERT INTO `skin` (`id`,`theme_id`,`name`,`description`,`url_theme`,`active_flag`,`create_by`,`create_date`,`update_by`,`update_date`,`osml_id`,`status_id`,`site_id`) VALUES ('EF878FD2836818603346084F2F','EF878CDA15F79452ECED780C03','press_release','Press Release','press_release.htm',1,'1',20020808085235,NULL,00000000000000,'0','ic','EE185CE0B82B41C1724F284685'),('EF8790300BE12E5CCE2C2E4701','EF878CDA15F79452ECED780C03','our_solutions','Our Solutions','our_solutions.htm',1,'1',20020808085540,NULL,00000000000000,'0','ic','EE185CE0B82B41C1724F284685'),('EF87930075DA19F24E509D71A0','EF878CDA15F79452ECED780C03','our_solutions_detail','Our Solutions Detail','our_solutions_detail.htm',1,'1',20020808085625,'1',20020808085625,'0','ic','EE185CE0B82B41C1724F284685'),('EF8E277F34F1C4DE8229CFC10D','EF8E248CD64707158718C93173','main_page','Main Page','index.htm',1,'1',20020809153630,NULL,00000000000000,'0','ic','EE185CE0B82B41C1724F284685'),('EF8E285DE8A1E858D8BCC33A12','EF8E248CD64707158718C93173','about_us','About Us','about_us.htm',1,'1',20020809153656,NULL,00000000000000,'0','ic','EE185CE0B82B41C1724F284685'),('EF8E28BDB57036C93F24B9B14E','EF8E248CD64707158718C93173','contact_us','Contact Us','contact_us.htm',1,'1',20020809153718,NULL,00000000000000,'0','ic','EE185CE0B82B41C1724F284685');
INSERT INTO `skin` (`id`,`theme_id`,`name`,`description`,`url_theme`,`active_flag`,`create_by`,`create_date`,`update_by`,`update_date`,`osml_id`,`status_id`,`site_id`) VALUES ('EF8E2910D6DC72DE5A739B7323','EF8E248CD64707158718C93173','our_solutions','Our Solutions','our_solutions.htm',1,'1',20020809153744,NULL,00000000000000,'0','ic','EE185CE0B82B41C1724F284685'),('EF8E29788AD8D3BFDC5F397011','EF8E248CD64707158718C93173','our_solutions_detail','Our Solutions Detail','our_solutions_detail.htm',1,'1',20020809153817,NULL,00000000000000,'0','ic','EE185CE0B82B41C1724F284685'),('EF8E29F7DF9BD41DE59E1B3273','EF8E248CD64707158718C93173','press_release','Press Release','press_release.htm',1,'1',20020809153838,NULL,00000000000000,'0','ic','EE185CE0B82B41C1724F284685'),('EF8E2A49DD1A4B7CB00B8D1A88','EF8E248CD64707158718C93173','press_release_detail','Press Release Detail','press_release_detail.htm',1,'1',20020809153900,NULL,00000000000000,'0','ic','EE185CE0B82B41C1724F284685'),('EF8E2AA141B4B44CED456914C8','EF8E248CD64707158718C93173','latest_news','Latest News','latest_news.htm',1,'1',20020809153927,NULL,00000000000000,'0','ic','EE185CE0B82B41C1724F284685'),('EF8E2B0BB26649B06A069D8519','EF8E248CD64707158718C93173','latest_news_detail','Latest News Detail','latest_news_detail.htm',1,'1',20020809153950,NULL,00000000000000,'0','ic','EE185CE0B82B41C1724F284685');
INSERT INTO `skin` (`id`,`theme_id`,`name`,`description`,`url_theme`,`active_flag`,`create_by`,`create_date`,`update_by`,`update_date`,`osml_id`,`status_id`,`site_id`) VALUES ('EF8E2B6302127EB28DF0796D9','EF8E248CD64707158718C93173','open_job','Open Job','open_job.htm',1,'1',20020809154020,NULL,00000000000000,'0','ic','EE185CE0B82B41C1724F284685'),('F07B379B79C9CD7743C23D2596','F07B2292454364DA2311935565','index','Index-Main Page','index.htm',1,'1',20020924162336,NULL,00000000000000,'0','ic','EE185CE0B82B41C1724F284685'),('F07B3801CF22E2E91A2A70AE4D','F07B2292454364DA2311935565','recipe','Recipe','recipe.htm',1,'1',20020924162355,NULL,00000000000000,'0','ic','EE185CE0B82B41C1724F284685'),('F07B38486BD0AC516EDA596175','F07B2292454364DA2311935565','recipe_detail','Recipe Detail','recipe_detail.htm',1,'1',20020924162423,NULL,00000000000000,'0','ic','EE185CE0B82B41C1724F284685'),('F09DDFE362D841F17A30993ED','F07B2292454364DA2311935565','press_release','Press Release','press_release.htm',1,'1',20021001095459,NULL,00000000000000,'0','ic','EE185CE0B82B41C1724F284685'),('F07B392A0461FE3079C1826E3A','F07B2292454364DA2311935565','press_release_detail','Press Release Detail','press_release_detail.htm',1,'1',20020924162520,NULL,00000000000000,'0','ic','EE185CE0B82B41C1724F284685');
INSERT INTO `skin` (`id`,`theme_id`,`name`,`description`,`url_theme`,`active_flag`,`create_by`,`create_date`,`update_by`,`update_date`,`osml_id`,`status_id`,`site_id`) VALUES ('F07B3995D35970D90584A8EE7F','F07B2292454364DA2311935565','forum','Forum','forum.htm',1,'1',20020924162535,NULL,00000000000000,'0','ic','EE185CE0B82B41C1724F284685'),('F07B39CF04A50D59C1EEA94799','F07B2292454364DA2311935565','forum_detail','Forum Detail','forum_detail.htm',1,'1',20020924162602,NULL,00000000000000,'0','ic','EE185CE0B82B41C1724F284685'),('F07B3A364057068AFB1D09B24B','F07B2292454364DA2311935565','resource','Resource','resource.htm',1,'1',20020924162627,NULL,00000000000000,'0','ic','EE185CE0B82B41C1724F284685'),('F07B3A976C284A50C0D07B0DEC','F07B2292454364DA2311935565','resource_detail','Resource Detail','resource_detail.htm',1,'1',20020924162652,NULL,00000000000000,'0','ic','EE185CE0B82B41C1724F284685'),('F07B3AFC312B9E0CA737CE8886','F07B2292454364DA2311935565','project','Project','project.htm',1,'1',20020924162745,NULL,00000000000000,'0','ic','EE185CE0B82B41C1724F284685'),('F07B3BCB177AC6A7F14766D6F6','F07B2292454364DA2311935565','project_detail','Project Detail','project_detail.htm',1,'1',20020924162806,NULL,00000000000000,'0','ic','EE185CE0B82B41C1724F284685');
INSERT INTO `skin` (`id`,`theme_id`,`name`,`description`,`url_theme`,`active_flag`,`create_by`,`create_date`,`update_by`,`update_date`,`osml_id`,`status_id`,`site_id`) VALUES ('F07B3C19D634A84A21B00B2304','F07B2292454364DA2311935565','contact_us','Contact Us','contact_us.htm',1,'1',20020924162841,'1',20020924162841,'0','ic','EE185CE0B82B41C1724F284685'),('F07B3CA6AAD39BFD520EFFEFC0','F07B2292454364DA2311935565','review','Review','review.htm',1,'1',20020924162859,NULL,00000000000000,'0','ic','EE185CE0B82B41C1724F284685'),('F07B3CF003DAFE9F27A30978A7','F07B2292454364DA2311935565','review_detail','Review Detail','review_detail.htm',1,'1',20020924162923,NULL,00000000000000,'0','ic','EE185CE0B82B41C1724F284685'),('F302D4FE6D537C49721004181F','F302D39D46B228A55412E3D127','main_page','Main Page (Index)','index.htm',1,'1',20030128102951,NULL,00000000000000,'0','ic','EE185CE0B82B41C1724F284685'),('F30424474044603B72B3C3BA3','F302D39D46B228A55412E3D127','sitemap','Site Map Page','sitemap.htm',1,'1',20030128163557,NULL,00000000000000,'0','ic','EE185CE0B82B41C1724F284685'),('F308692D6AEE5FC7D30CACD99C','F302D39D46B228A55412E3D127','fact_figure','Fact & Figure','fact_figure.htm',1,'1',20030129122949,NULL,00000000000000,'0','ic','EE185CE0B82B41C1724F284685');
INSERT INTO `skin` (`id`,`theme_id`,`name`,`description`,`url_theme`,`active_flag`,`create_by`,`create_date`,`update_by`,`update_date`,`osml_id`,`status_id`,`site_id`) VALUES ('F308699BD428889A5632750137','F302D39D46B228A55412E3D127','press_release','Press Release','press_release.htm',1,'1',20030129123009,NULL,00000000000000,'0','ic','EE185CE0B82B41C1724F284685'),('F30869E6C74A56DDF243778A81','F302D39D46B228A55412E3D127','press_release_archive','Press Release Archive','press_release_archive.htm',1,'1',20030130111230,'1',20030130111230,'0','ic','EE185CE0B82B41C1724F284685'),('F3086A26128F78FF6610A15097','F302D39D46B228A55412E3D127','press_release_detail','Press Release Detail','press_release_detail.htm',1,'1',20030130111256,'1',20030130111256,'0','ic','EE185CE0B82B41C1724F284685'),('F3086B7E11837F450B77703C40','F302D39D46B228A55412E3D127','news','News','news.htm',1,'1',20030130111447,'1',20030130111447,'0','ic','EE185CE0B82B41C1724F284685'),('F3086C6E2EBC786E9D341C958','F302D39D46B228A55412E3D127','news_archive','News Archive','news_archive.htm',1,'1',20030130111516,'1',20030130111516,'0','ic','EE185CE0B82B41C1724F284685'),('F3086CF73451A89028B438A4C2','F302D39D46B228A55412E3D127','news_detail','News Detail','news_detail.htm',1,'1',20030130111543,'1',20030130111543,'0','ic','EE185CE0B82B41C1724F284685');
INSERT INTO `skin` (`id`,`theme_id`,`name`,`description`,`url_theme`,`active_flag`,`create_by`,`create_date`,`update_by`,`update_date`,`osml_id`,`status_id`,`site_id`) VALUES ('F3086DE1A3F88F17DAA77F5EA8','F302D39D46B228A55412E3D127','contact_us','Contact Us','contact_us.htm',1,'1',20030129123448,NULL,00000000000000,'0','ic','EE185CE0B82B41C1724F284685'),('F30D4CB7B4E33CC6D6DD8CE981','F302D39D46B228A55412E3D127','company_bod','Company Board Of Director','company_bod.htm',1,'1',20030130111656,NULL,00000000000000,'0','ic','EE185CE0B82B41C1724F284685'),('F30D4D403DB20A08FF49504FFA','F302D39D46B228A55412E3D127','company_bod_detail','Company Board Of Director (detail)','company_bod_detail.htm',1,'1',20030130111733,NULL,00000000000000,'0','ic','EE185CE0B82B41C1724F284685'),('F30D4DCBF2ED7BDB30932694B1','F302D39D46B228A55412E3D127','company_lob','Company Line Of Business','company_lob.htm',1,'1',20030130111811,NULL,00000000000000,'0','ic','EE185CE0B82B41C1724F284685'),('F30D4E637FCDCE6858748449C9','F302D39D46B228A55412E3D127','company_lob_detail_plantation','Company Line Of Business Detail Plantation','company_lob_detail_plantation.htm',1,'1',20030320131119,'1',20030320131119,'0','ic','EE185CE0B82B41C1724F284685'),('F30D4F8ED066660E9734DEF2B','F302D39D46B228A55412E3D127','company_structure','Company Structure (About Us)','company_structure.htm',1,'1',20030130112006,NULL,00000000000000,'0','ic','EE185CE0B82B41C1724F284685');
INSERT INTO `skin` (`id`,`theme_id`,`name`,`description`,`url_theme`,`active_flag`,`create_by`,`create_date`,`update_by`,`update_date`,`osml_id`,`status_id`,`site_id`) VALUES ('F30D5022D3E7ABE3498CA22B8A','F302D39D46B228A55412E3D127','company_subsidary','Company Subsidary (index of company menu)','company_subsidary.htm',1,'1',20030130112059,NULL,00000000000000,'0','ic','EE185CE0B82B41C1724F284685'),('F30D50F630C4B3D981A66A4BD4','F302D39D46B228A55412E3D127','product_service','Product & Service','product_service.htm',1,'1',20030130112251,NULL,00000000000000,'0','ic','EE185CE0B82B41C1724F284685'),('F30D52A7E7A3412E1B36707786','F302D39D46B228A55412E3D127','product_service_detail','Product & Service (detail)','product_service_detail.htm',1,'1',20030130112325,NULL,00000000000000,'0','ic','EE185CE0B82B41C1724F284685'),('F30EDC23C73CD41B124A2387A7','F302D39D46B228A55412E3D127','fact_figure_detail','Fact & Figure (detail)','fact_figure_detail.htm',1,'1',20030130183306,NULL,00000000000000,'0','ic','EE185CE0B82B41C1724F284685'),('F322D9F44D31058660940D64A7','F302D39D46B228A55412E3D127','company_lob_detail_mining','Company Line of Business Detail Mining','company_lob_detail_mining.htm',1,'1',20030320132309,'1',20030320132309,'0','ic','EE185CE0B82B41C1724F284685');
INSERT INTO `skin` (`id`,`theme_id`,`name`,`description`,`url_theme`,`active_flag`,`create_by`,`create_date`,`update_by`,`update_date`,`osml_id`,`status_id`,`site_id`) VALUES ('F322DABC02B874D8B83A401BA1','F302D39D46B228A55412E3D127','company_lob_detail_horticulture','Company  Line of Business Detail Horticulture','company_lob_detail_horticulture.htm',1,'1',20030320131219,'1',20030320131219,'0','ic','EE185CE0B82B41C1724F284685'),('F322DBD188CC9C1CD5B70A28E2','F302D39D46B228A55412E3D127','company_lob_detail_others','Company Line of Business Detail Others','company_lob_detail_others.htm',1,'1',20030320131247,'1',20030320131247,'0','ic','EE185CE0B82B41C1724F284685'),('F40A0EE9A7454478A824E1AD44','F302D39D46B228A55412E3D127','company_lob_detail_logging','Company  Line of Business Detail Logging','company_lob_detail_logging.htm',1,'1',20030320131331,NULL,00000000000000,'0','ic','EE185CE0B82B41C1724F284685');

DROP TABLE IF EXISTS `template`;
CREATE TABLE `template` (
  `id` varchar(36) NOT NULL default '',
  `create_by` varchar(15) default NULL,
  `create_date` timestamp(14) NOT NULL,
  `update_by` varchar(15) default NULL,
  `update_date` timestamp(14) NOT NULL default '00000000000000',
  `name` varchar(125) NOT NULL default '',
  `description` varchar(255) default NULL,
  `folder` varchar(15) default NULL,
  `descriptor_id` varchar(36) default NULL,
  `url_xsl_template` varchar(255) default NULL,
  `active_flag` tinyint(1) default '0',
  `site_id` varchar(36) default NULL,
  PRIMARY KEY  (`id`)
) TYPE=MyISAM;
INSERT INTO `template` (`id`,`create_by`,`create_date`,`update_by`,`update_date`,`name`,`description`,`folder`,`descriptor_id`,`url_xsl_template`,`active_flag`,`site_id`) VALUES ('0','',20010712195845,'',00000000000000,'None','',NULL,'0','',0,NULL),('2',NULL,20010715162111,'1',20010715162111,'Article 2 image','',NULL,'23','template2.xsl',1,NULL),('3',NULL,20010712195845,NULL,00000000000000,'Article 3 image',NULL,NULL,'23','template3.xsl',1,NULL),('EDCEA7A1ED94597C49EA9303D9','1',20020514180611,NULL,00000000000000,'Order Collection','Ordered Collection',NULL,'EDCEA76E0E114961F605AAF79C',NULL,1,NULL),('EDCEA8252152A8A6CCD0AC9C82','1',20020514180632,NULL,00000000000000,'Standard Collection','Standard Collection',NULL,'EDCEA76E0E114961F605AAF79C',NULL,1,NULL),('EDCEA8252152A8A6FGD0AC9C82','chandra',20020521124613,NULL,20020521124328,'Classic','classic template','classic',NULL,NULL,0,NULL),('EDCEA8672152A8A6CCD0AC9C82','chandra',20020521124603,NULL,20020521124603,'Techno','Technology template','techno',NULL,NULL,0,NULL);

DROP TABLE IF EXISTS `template_object`;
CREATE TABLE `template_object` (
  `id` varchar(36) NOT NULL default '',
  `theme_id` varchar(36) default NULL,
  `template_skin` varchar(25) NOT NULL default '',
  `description` varchar(255) default NULL,
  `create_by` varchar(36) default NULL,
  `create_date` timestamp(14) NOT NULL,
  `update_by` varchar(36) default NULL,
  `update_date` timestamp(14) NOT NULL default '00000000000000',
  `osml_id` varchar(36) default '0',
  `status_id` varchar(36) default 'ic',
  `site_id` varchar(36) default NULL,
  PRIMARY KEY  (`id`)
) TYPE=MyISAM;
INSERT INTO `template_object` (`id`,`theme_id`,`template_skin`,`description`,`create_by`,`create_date`,`update_by`,`update_date`,`osml_id`,`status_id`,`site_id`) VALUES ('F2FF1B11C6A173DABC02724EAF','EE39E38171B7328E0269CF4E06','collection.vm','Collection.vm','1',20030127170744,NULL,00000000000000,'0','ic','EE185CE0B82B41C1724F284685');

DROP TABLE IF EXISTS `template_object_detail`;
CREATE TABLE `template_object_detail` (
  `id` varchar(36) NOT NULL default '',
  `template_object_id` varchar(36) default NULL,
  `collection_id` varchar(36) default NULL,
  `descriptor_id` varchar(36) default NULL,
  `description` varchar(255) default NULL,
  `type_id` varchar(36) default NULL,
  `create_by` varchar(36) default NULL,
  `create_date` timestamp(14) NOT NULL,
  `update_by` varchar(36) default NULL,
  `update_date` timestamp(14) NOT NULL default '00000000000000',
  `osml_id` varchar(36) default '0',
  `status_id` varchar(36) default 'ic',
  `site_id` varchar(36) default NULL,
  PRIMARY KEY  (`id`)
) TYPE=MyISAM;

DROP TABLE IF EXISTS `theme`;
CREATE TABLE `theme` (
  `id` varchar(36) NOT NULL default '',
  `name` varchar(25) NOT NULL default '',
  `description` varchar(255) default NULL,
  `active_flag` tinyint(1) default '1',
  `theme_folder` varchar(255) NOT NULL default '',
  `create_by` varchar(36) default NULL,
  `create_date` timestamp(14) NOT NULL,
  `update_by` varchar(36) default NULL,
  `update_date` timestamp(14) NOT NULL default '00000000000000',
  `osml_id` varchar(36) default '0',
  `status_id` varchar(36) default 'ic',
  `site_id` varchar(36) default NULL,
  PRIMARY KEY  (`id`)
) TYPE=MyISAM;
INSERT INTO `theme` (`id`,`name`,`description`,`active_flag`,`theme_folder`,`create_by`,`create_date`,`update_by`,`update_date`,`osml_id`,`status_id`,`site_id`) VALUES ('EE39E360586DC4030AA5D88CAA','Tecno','Tecno Skin',1,'techno','1',20020709150557,'1',20020709150557,'0','ic','EE185CE0B82B41C1724F284685'),('EE39E38171B7328E0269CF4E06','Classic','Classic Theme',1,'classic','1',20020709150603,'1',20020709150603,'0','ic','EE185CE0B82B41C1724F284685'),('EEED769D1CA72C8DD9829685BC','Erica','Green Ericsson',1,'erica','1',20020801010514,'1',20020801010514,'0','ic','EE185CE0B82B41C1724F284685'),('EEEE7A657391D5CD89EAFFA648','Green Pattern','Green with Gray Pattern',1,'greenpattern','1',20030428114510,'1',20030428114510,'0','ic','EE185CE0B82B41C1724F284685'),('EF339499195C4175BFFF300B14','GreenMatrix','Green Matrix',1,'greenmatrix','1',20020723014041,NULL,00000000000000,'0','ic','EE185CE0B82B41C1724F284685'),('EF77053DB1F41DEAE9E0EC8A2F','Green Portal','Green Portal',1,'greenportal','1',20020805034812,'1',20020805034812,'0','ic','EE185CE0B82B41C1724F284685'),('EF878CDA15F79452ECED780C03','Interbox','Interbox',1,'interbox','1',20030128102847,'1',20030128102847,'0','ic','EE185CE0B82B41C1724F284685');
INSERT INTO `theme` (`id`,`name`,`description`,`active_flag`,`theme_folder`,`create_by`,`create_date`,`update_by`,`update_date`,`osml_id`,`status_id`,`site_id`) VALUES ('EF8E248CD64707158718C93173','Guerilla','Guerilla Theme',1,'dot_boobs','1',20030128102856,'1',20030128102856,'0','ic','EE185CE0B82B41C1724F284685'),('F07B2292454364DA2311935565','Blueoxygen','Blueoxygen',1,'template14','1',20030128102904,'1',20030128102904,'0','ic','EE185CE0B82B41C1724F284685'),('F302D39D46B228A55412E3D127','Makin','Makin Portal',1,'makinwb','1',20030206171837,'1',20030206171837,'0','ic','EE185CE0B82B41C1724F284685');

DROP TABLE IF EXISTS `user_role`;
CREATE TABLE `user_role` (
  `id` varchar(36) NOT NULL default '',
  `user_id` varchar(36) NOT NULL default '',
  `role_id` varchar(36) NOT NULL default '0',
  `default_role` tinyint(1) NOT NULL default '0',
  `create_by` varchar(15) default NULL,
  `create_date` timestamp(14) NOT NULL,
  `update_by` varchar(15) default NULL,
  `update_date` timestamp(14) NOT NULL default '00000000000000',
  `osml_id` varchar(36) default '0',
  `status_id` varchar(36) default 'ic',
  `site_id` varchar(36) default NULL,
  PRIMARY KEY  (`id`)
) TYPE=MyISAM;
INSERT INTO `user_role` (`id`,`user_id`,`role_id`,`default_role`,`create_by`,`create_date`,`update_by`,`update_date`,`osml_id`,`status_id`,`site_id`) VALUES ('F78504D16152CEEA643E886D12','F36F96E4EA83CB95AC4DC601F2','1',0,'F36F96E4EA83CB9',20031001134005,NULL,00000000000000,'0','ic','EE185CE0B82B41C1724F284685'),('F78A4F806ED6607BFD6D540A4E','1','1',1,'1',20030919151202,NULL,00000000000000,'0','ic','EE185CE0B82B41C1724F284685'),('F8154AEBCF7217F34B7C689C91','F501555A2ECD5AC8FCC32F4DD6','1',0,'1',20031114160329,NULL,00000000000000,'0','ic','EE185CE0B82B41C1724F284685'),('FAF5F932667792F8F16C3F5A8A','FAF5F729BB986D84D965E8C0F4','3',1,'1',20040227150402,NULL,00000000000000,'0','ic','EE185CE0B82B41C1724F284685'),('FAF5FA32FB59AFE9FEBB615518','FAF5F729BB986D84D965E8C0F4','FA84B7C4A3DA2013FA2CEA182B',0,'1',20040227150402,NULL,00000000000000,'0','ic','EE185CE0B82B41C1724F284685'),('FABD26F9D5C4D3E32E4BFFAC523','1','3',0,NULL,20040216140752,NULL,00000000000000,'0','ic',NULL),('FAA39A4195CE64EF0E058B0968','F36F8BFFF97F8A16505B8305F7','2',0,'1',20040329124117,NULL,00000000000000,'0','ic','EE185CE0B82B41C1724F284685'),('FABD26F9D5C4D3E32E4BFFAC522','F53FAAF09AB84F412CDA27FF72','3',0,NULL,20040216140752,NULL,00000000000000,'0','ic',NULL);
INSERT INTO `user_role` (`id`,`user_id`,`role_id`,`default_role`,`create_by`,`create_date`,`update_by`,`update_date`,`osml_id`,`status_id`,`site_id`) VALUES ('FAA399FA12BCA7098B1CC597F3','F36F8BFFF97F8A16505B8305F7','3',1,'1',20040329124117,NULL,00000000000000,'0','ic','EE185CE0B82B41C1724F284685'),('FA89280AA024785E951B6236130','FA89238CD9BCDF331DF9B845EB','4',0,NULL,20040206114846,NULL,00000000000000,'0','ic',NULL),('FA8923EB70976CA5ABB7E6FD7D','FA89238CD9BCDF331DF9B845EB','FA84B7C4A3DA2013FA2CEA182B',1,'1',20040206114735,NULL,00000000000000,'0','ic','EE185CE0B82B41C1724F284685'),('FA8916B91AECAF9B13474EEA390','F501555A2ECD5AC8FCC32F4DD6','FA84B7C4A3DA2013FA2CEA182B',0,NULL,20040206112951,NULL,00000000000000,'0','ic',NULL),('FA892427F4A288E5756BF19A75','FA89238CD9BCDF331DF9B845EB','3',0,'1',20040206114735,NULL,00000000000000,'0','ic','EE185CE0B82B41C1724F284685');

DROP TABLE IF EXISTS `user_site`;
CREATE TABLE `user_site` (
  `id` varchar(36) NOT NULL default '',
  `user_id` varchar(36) NOT NULL default '',
  `user_site_id` varchar(36) NOT NULL default '',
  `module_function_id` varchar(36) NOT NULL default '',
  `create_by` varchar(36) default NULL,
  `create_date` timestamp(14) NOT NULL,
  `update_by` varchar(36) default NULL,
  `update_date` timestamp(14) NOT NULL default '00000000000000',
  `osml_id` varchar(36) default '0',
  `status_id` varchar(36) default 'ic',
  `site_id` varchar(36) default NULL,
  PRIMARY KEY  (`id`)
) TYPE=MyISAM;
INSERT INTO `user_site` (`id`,`user_id`,`user_site_id`,`module_function_id`,`create_by`,`create_date`,`update_by`,`update_date`,`osml_id`,`status_id`,`site_id`) VALUES ('EEB0BB5046410D02A6CE7ACF65','EEB0B93A1B6402AF681315D441','EE185CE0B82B41C1724F284685','',NULL,20020627154145,NULL,00000000000000,'0','ic','EE185CE0B82B41C1724F284685'),('EEB0BAE43A4263DAED44E63E2C','EEB0B93A1B6402AF681315D441','EDDCA9DCE41A14EE5D5ABE7E3C','',NULL,20020627154145,NULL,00000000000000,'0','ic','EE185CE0B82B41C1724F284685'),('F185CFA73ECFB1AD36B2903150','F162B448063A847319E641EF7D','F185BD3FDC5CC7989A3CED51A1','','1',20030927144612,NULL,00000000000000,'0','ic','EE185CE0B82B41C1724F284685'),('F74B6ABBA98BA2CB244E682174','F162B448063A847319E641EF7D','F74B696E86AA0CA5819A4FB36C','','1',20030927144612,NULL,00000000000000,'0','ic','EE185CE0B82B41C1724F284685'),('F199E877AC273113D0FA8A3F1F','F162B448063A847319E641EF7D','F199E755B97B662FC248CAC80','','1',20030927144612,NULL,00000000000000,'0','ic','EE185CE0B82B41C1724F284685'),('F369EA9AE7DA283CDE99D7A274','F369EA124E984A9790A43C14B1','EE185CE0B82B41C1724F284685','',NULL,20030218102703,NULL,00000000000000,'0','ic','EE185CE0B82B41C1724F284685');
INSERT INTO `user_site` (`id`,`user_id`,`user_site_id`,`module_function_id`,`create_by`,`create_date`,`update_by`,`update_date`,`osml_id`,`status_id`,`site_id`) VALUES ('F369EB3439B0BBB2BBD1E9E41A','F369EA124E984A9790A43C14B1','F199E755B97B662FC248CAC80','',NULL,20030218102703,NULL,00000000000000,'0','ic','EE185CE0B82B41C1724F284685'),('F36EFB4E1A2F77BB20AF829316','F36EFAE07C9722187EB9F5E3D3','EE185CE0B82B41C1724F284685','',NULL,20030218103023,NULL,00000000000000,'0','ic','EE185CE0B82B41C1724F284685'),('F185D188037C8F3BC5807927F0','F162B448063A847319E641EF7D','F185C351B2FAC396169017978F','','1',20030927144612,NULL,00000000000000,'0','ic','EE185CE0B82B41C1724F284685'),('F7E118762EE8790C80C4A1923F','F3FB0D6714905E04E2586A8E1A','F78E9748E9F76ABD233C5EAD39','','1',20031111162818,NULL,00000000000000,'0','ic','EE185CE0B82B41C1724F284685'),('F8EE490696FC6ED025A4C4DD20','F36F8BFFF97F8A16505B8305F7','F8EE4789BA9DC24BAD1ECD597D','','1',20040211150420,NULL,00000000000000,'0','ic','EE185CE0B82B41C1724F284685'),('F4D30893462F2C792DB4185F95','F36F8BFFF97F8A16505B8305F7','F4D30718756B8401E43FD2AAE6','','1',20040211150420,NULL,00000000000000,'0','ic','EE185CE0B82B41C1724F284685');
INSERT INTO `user_site` (`id`,`user_id`,`user_site_id`,`module_function_id`,`create_by`,`create_date`,`update_by`,`update_date`,`osml_id`,`status_id`,`site_id`) VALUES ('F50155FC3216ED4114889E41C1','F501555A2ECD5AC8FCC32F4DD6','F4D30718756B8401E43FD2AAE6','','1',20031111162835,NULL,00000000000000,'0','ic','EE185CE0B82B41C1724F284685'),('F50155E55F8EDDC8BCB3A9EBF0','F501555A2ECD5AC8FCC32F4DD6','F4E6A635A8AC141BAE7F98504','','1',20031111162835,NULL,00000000000000,'0','ic','EE185CE0B82B41C1724F284685'),('F50155CF326EFD2295732FE25D','F501555A2ECD5AC8FCC32F4DD6','F4DD64134EC050E3D0A256EA0D','','1',20031111162835,NULL,00000000000000,'0','ic','EE185CE0B82B41C1724F284685'),('F53FABB5EDFA9FFA635D4F13B2','F53FAAF09AB84F412CDA27FF72','F4D30718756B8401E43FD2AAE6','','1',20030910113848,NULL,00000000000000,'0','ic','EE185CE0B82B41C1724F284685'),('EEB0B1C4E117F2EBC107D7E03A','1','EE185CE0B82B41C1724F284685','','1',20030927102735,NULL,00000000000000,'0','ic','EE185CE0B82B41C1724F284685'),('F185CF82299CD400D6344EC11C','F162B448063A847319E641EF7D','F185C29BDFC64CD3D08E1A15E8','','1',20030927144612,NULL,00000000000000,'0','ic','EE185CE0B82B41C1724F284685'),('F78504E9CA6B87DFD26F26A198','F36F96E4EA83CB95AC4DC601F2','EE185CE0B82B41C1724F284685','','F36F96E4EA83CB95AC4DC601F2',20031001133958,NULL,00000000000000,'0','ic','EE185CE0B82B41C1724F284685');
INSERT INTO `user_site` (`id`,`user_id`,`user_site_id`,`module_function_id`,`create_by`,`create_date`,`update_by`,`update_date`,`osml_id`,`status_id`,`site_id`) VALUES ('F8A07899371FBFC29CD9A655CF','F36F8BFFF97F8A16505B8305F7','F185C351B2FAC396169017978F','','1',20040211150420,NULL,00000000000000,'0','ic','EE185CE0B82B41C1724F284685'),('F7E1176BD2F22E8D87F4FC1984','F36F96E4EA83CB95AC4DC601F2','F74B696E86AA0CA5819A4FB36C','','F36F96E4EA83CB95AC4DC601F2',20031001133958,NULL,00000000000000,'0','ic','EE185CE0B82B41C1724F284685'),('F7E11861C3B616E56BD4F59606','F3FB0D6714905E04E2586A8E1A','F4E6A635A8AC141BAE7F98504','','1',20031111162818,NULL,00000000000000,'0','ic','EE185CE0B82B41C1724F284685'),('F7E11850AACA9728DC1C44D550','F3FB0D6714905E04E2586A8E1A','F4DD64134EC050E3D0A256EA0D','','1',20031111162818,NULL,00000000000000,'0','ic','EE185CE0B82B41C1724F284685'),('F7E118398CBBE3BDD35A7A88BC','F3FB0D6714905E04E2586A8E1A','F4D30718756B8401E43FD2AAE6','','1',20031111162818,NULL,00000000000000,'0','ic','EE185CE0B82B41C1724F284685'),('F7DD5471E74DAACCF5C6AF2C8F','F36F8BFFF97F8A16505B8305F7','F74B696E86AA0CA5819A4FB36C','','1',20040211150420,NULL,00000000000000,'0','ic','EE185CE0B82B41C1724F284685');
INSERT INTO `user_site` (`id`,`user_id`,`user_site_id`,`module_function_id`,`create_by`,`create_date`,`update_by`,`update_date`,`osml_id`,`status_id`,`site_id`) VALUES ('F8C9C0D7F3766F540CAC2C827E','F501555A2ECD5AC8FCC32F4DD6','EE185CE0B82B41C1724F284685','','1',20031111162835,NULL,00000000000000,'0','ic','EE185CE0B82B41C1724F284685'),('F8C9C17C35BC3070349F969EE9','F501555A2ECD5AC8FCC32F4DD6','F74B696E86AA0CA5819A4FB36C','','1',20031111162835,NULL,00000000000000,'0','ic','EE185CE0B82B41C1724F284685'),('F8CA1E5F6435F95FE1841F5E56','F3FB0D6714905E04E2586A8E1A','F74B696E86AA0CA5819A4FB36C','','1',20031111162818,NULL,00000000000000,'0','ic','EE185CE0B82B41C1724F284685'),('F4DD65DF494F8DAFF30D612131','F36F8BFFF97F8A16505B8305F7','F4DD64134EC050E3D0A256EA0D','','1',20040211150420,NULL,00000000000000,'0','ic','EE185CE0B82B41C1724F284685'),('F4E6AF2191AD16BED7A4EB7C4A','F36F8BFFF97F8A16505B8305F7','F4E6A635A8AC141BAE7F98504','','1',20040211150420,NULL,00000000000000,'0','ic','EE185CE0B82B41C1724F284685'),('F9A20532CF58D9C5F170229724','F9A204566AA30595ACD597D51E','F9A2020F6D2B0CA30F3A1C8745','','1',20031223143841,NULL,00000000000000,'0','ic','EE185CE0B82B41C1724F284685');
INSERT INTO `user_site` (`id`,`user_id`,`user_site_id`,`module_function_id`,`create_by`,`create_date`,`update_by`,`update_date`,`osml_id`,`status_id`,`site_id`) VALUES ('FA89248E72953C4C73DFA64111','FA89238CD9BCDF331DF9B845EB','F74B696E86AA0CA5819A4FB36C','','1',20040206114735,NULL,00000000000000,'0','ic','EE185CE0B82B41C1724F284685'),('FAF5FAF8EC2CB834BE217641D1','FAF5F729BB986D84D965E8C0F4','F74B696E86AA0CA5819A4FB36C','','1',20040227150402,NULL,00000000000000,'0','ic','EE185CE0B82B41C1724F284685'),('FAF5FB2E8DF3DC2618FEC102C8','FAF5F729BB986D84D965E8C0F4','F185C351B2FAC396169017978F','','1',20040227150402,NULL,00000000000000,'0','ic','EE185CE0B82B41C1724F284685');

DROP TABLE IF EXISTS `users_table`;
CREATE TABLE `users_table` (
  `USERNAME_COL` varchar(255) NOT NULL default '',
  `PASSWORD_COL` varchar(255) default NULL,
  `prefix` varchar(255) default NULL,
  `first` varchar(255) default NULL,
  `middle` varchar(255) default NULL,
  `last` varchar(255) default NULL,
  `street1` varchar(255) default NULL,
  `street2` varchar(255) default NULL,
  `city` varchar(255) default NULL,
  `state` varchar(255) default NULL,
  `zip` varchar(255) default NULL,
  PRIMARY KEY  (`USERNAME_COL`)
) TYPE=MyISAM;

DROP TABLE IF EXISTS `wizard`;
CREATE TABLE `wizard` (
  `id` varchar(32) NOT NULL default '',
  `name` varchar(255) default NULL,
  `description` varchar(255) default NULL,
  `folderName` varchar(255) default NULL,
  `create_by` varchar(32) default NULL,
  `update_by` varchar(32) default NULL,
  `create_date` date default NULL,
  `update_date` date default NULL,
  `active_flag` int(11) default NULL,
  PRIMARY KEY  (`id`)
) TYPE=MyISAM;

DROP TABLE IF EXISTS `workflow_role`;
CREATE TABLE `workflow_role` (
  `id` varchar(36) NOT NULL default '',
  `create_by` varchar(36) default NULL,
  `create_date` timestamp(14) NOT NULL,
  `update_by` varchar(36) default NULL,
  `update_date` timestamp(14) NOT NULL default '00000000000000',
  `name` varchar(50) NOT NULL default '',
  `description` varchar(125) default NULL,
  `active_flag` tinyint(1) default '0',
  `site_id` varchar(36) default NULL,
  `id_parent` varchar(36) default '0',
  PRIMARY KEY  (`id`),
  KEY `id_parent` (`id_parent`),
  KEY `id_parent_2` (`id_parent`),
  KEY `id_parent_3` (`id_parent`),
  KEY `id_parent_4` (`id_parent`),
  KEY `id_parent_5` (`id_parent`),
  KEY `id_parent_6` (`id_parent`)
) TYPE=MyISAM;
INSERT INTO `workflow_role` (`id`,`create_by`,`create_date`,`update_by`,`update_date`,`name`,`description`,`active_flag`,`site_id`,`id_parent`) VALUES ('1','',20030903154041,'1',20010909020152,'Gods','Gods',1,'EE185CE0B82B41C1724F284685','0'),('2','',20040204144214,'',00000000000000,'Editor','Edit the document',0,'EE185CE0B82B41C1724F284685','1'),('3','',20040204144216,'1',20010916084116,'Journalist','Create the document',0,'EE185CE0B82B41C1724F284685','1'),('4','',20030903154143,'',00000000000000,'Approver','Approve the document',0,'EE185CE0B82B41C1724F284685','0'),('5','',20030903154143,'1',20010713183412,'Publisher','Publish the document',0,'EE185CE0B82B41C1724F284685','0'),('E8615A12EE2ABB0357752928E5','1',20030903154143,'1',20010817232931,'Content Editor','Content Editor',1,'EE185CE0B82B41C1724F284685','0'),('E8615A5669989A7E9BF0062A7C','1',20040206151830,'',00000000000000,'Observer','Observer',1,'EE185CE0B82B41C1724F284685','4'),('E8615A896C1AEEBB5470D7AAB7','1',20030903154143,'',00000000000000,'Legal','Legal',1,'EE185CE0B82B41C1724F284685','0'),('E8615AC4915CA30C4B13A7A1C0','1',20030903154143,'1',20010817232936,'Element Editor','Element Editor',1,'EE185CE0B82B41C1724F284685','0');
INSERT INTO `workflow_role` (`id`,`create_by`,`create_date`,`update_by`,`update_date`,`name`,`description`,`active_flag`,`site_id`,`id_parent`) VALUES ('EACA3F077E886331F0863628FF','1',20030903154143,'EACA3FDC25B52DC',20020709094303,'B2B Role','B2B Staff',1,'EE185CE0B82B41C1724F284685','0'),('EC02BB50344043E7379E0256A7','1',20040206112029,NULL,00000000000000,'Topaz','Topaz',1,'EE185CE0B82B41C1724F284685','EACA3F077E886331F0863628FF'),('EDA4618AC8FEE77BEEF571204D','1',20030903154143,NULL,00000000000000,'pos','pos',1,'EE185CE0B82B41C1724F284685','0'),('F9A202E61CD5BE6BE70F60BC30','1',20031223143600,NULL,00000000000000,'Juragan','Juragan',1,'EE185CE0B82B41C1724F284685','0'),('FA84B7C4A3DA2013FA2CEA182B','',20040216140751,'',00000000000000,'supervisor','supervising',0,'EE185CE0B82B41C1724F284685','0'),('402881e401b38fac0101b3917bb5','1',20050127000000,'1',20050127000000,'asdf','asdf',1,NULL,NULL),('402881e401b38fac0101b39346ef','1',20050127000000,'1',20050127000000,'test','test',1,NULL,NULL);
/*!40101 SET SQL_MODE=@OLD_SQL_MODE */;
/*!40014 SET FOREIGN_KEY_CHECKS=@OLD_FOREIGN_KEY_CHECKS */;
/*!40014 SET UNIQUE_CHECKS=@OLD_UNIQUE_CHECKS */;
SET CHARACTER_SET_CLIENT=@OLD_CHARACTER_SET_CLIENT;SET CHARACTER_SET_RESULTS=@OLD_CHARACTER_SET_RESULTS
SET COLLATION_COLLATION=@OLD_COLLATION_CONNECTION;
/*!40101 SET CHARACTER_SET_CLIENT=@OLD_CHARACTER_SET_CLIENT */;
